row_id,Churn,gender,SeniorCitizen,Partner,Dependents,tenure,PhoneService,MultipleLines_No phone service,MultipleLines_Yes,InternetService_Fiber optic,InternetService_No,OnlineSecurity_No internet service,OnlineSecurity_Yes,OnlineBackup_No internet service,OnlineBackup_Yes,services_count,services_count_minmax,services_count_z
1,1,0,0.0,0,0,32.0,0,False,True,False,False,False,True,False,True,0,0.0,-1.020871814608924
2,1,0,0.0,1,1,70.0,1,False,True,False,True,False,True,False,True,1,1.0,0.9795549114881584
3,1,1,0.0,1,0,51.0,0,False,False,True,False,False,False,False,True,0,0.0,-1.020871814608924
4,0,1,0.0,0,1,10.0,1,False,True,False,True,False,True,False,True,1,1.0,0.9795549114881584
5,0,0,0.0,1,1,19.0,0,False,True,False,False,True,False,False,True,0,0.0,-1.020871814608924
6,0,0,0.0,0,1,55.0,1,False,True,True,False,False,True,False,True,1,1.0,0.9795549114881584
7,0,1,0.0,1,1,56.0,0,True,False,True,False,False,True,True,False,0,0.0,-1.020871814608924
8,1,0,1.0,1,1,63.0,1,True,False,True,False,False,False,False,False,1,1.0,0.9795549114881584
9,1,0,0.0,0,1,34.0,0,False,True,False,True,False,False,False,True,0,0.0,-1.020871814608924
10,0,0,0.0,0,0,65.0,0,False,False,False,True,False,False,True,False,0,0.0,-1.020871814608924
11,1,0,1.0,1,0,62.0,1,False,False,True,False,True,False,False,False,1,1.0,0.9795549114881584
12,1,1,0.0,1,1,54.0,1,False,False,True,False,True,False,False,True,1,1.0,0.9795549114881584
13,1,1,1.0,0,0,8.0,1,False,False,False,True,False,False,True,False,1,1.0,0.9795549114881584
14,0,0,0.0,0,1,42.0,0,True,False,False,False,False,False,True,False,0,0.0,-1.020871814608924
15,0,0,0.0,0,1,59.0,0,True,False,True,False,True,False,False,True,0,0.0,-1.020871814608924
16,1,1,0.0,1,0,19.0,1,False,False,False,False,False,False,False,True,1,1.0,0.9795549114881584
17,0,0,0.0,0,1,2.0,1,False,True,False,True,True,False,True,False,1,1.0,0.9795549114881584
18,0,0,1.0,1,0,45.0,1,False,False,False,True,False,True,True,False,1,1.0,0.9795549114881584
19,1,1,1.0,1,0,54.0,0,False,True,True,False,False,False,True,False,0,0.0,-1.020871814608924
20,0,1,1.0,1,1,46.0,0,False,True,False,False,False,False,False,False,0,0.0,-1.020871814608924
21,0,0,1.0,0,0,22.0,0,False,True,True,False,False,False,False,True,0,0.0,-1.020871814608924
22,0,1,0.0,1,1,59.0,1,False,False,False,False,False,False,False,False,1,1.0,0.9795549114881584
23,1,0,0.0,0,1,31.0,0,False,True,True,False,False,True,False,False,0,0.0,-1.020871814608924
24,1,1,1.0,0,0,52.0,0,False,True,False,False,False,False,False,False,0,0.0,-1.020871814608924
25,0,0,1.0,0,1,21.0,1,False,True,True,False,False,True,False,False,1,1.0,0.9795549114881584
26,1,0,1.0,0,1,16.0,0,True,False,False,True,False,False,False,False,0,0.0,-1.020871814608924
27,1,1,1.0,1,0,16.0,1,True,False,False,True,False,True,True,False,1,1.0,0.9795549114881584
28,0,0,1.0,0,1,56.0,0,True,False,False,False,False,False,False,False,0,0.0,-1.020871814608924
29,0,0,0.0,1,1,56.0,1,False,False,True,False,False,False,False,False,1,1.0,0.9795549114881584
30,1,1,1.0,0,1,37.0,1,False,False,True,False,True,False,False,True,1,1.0,0.9795549114881584
31,0,0,1.0,1,1,11.0,0,False,True,False,False,False,False,False,True,0,0.0,-1.020871814608924
32,1,1,0.0,0,0,32.0,1,True,False,True,False,False,False,True,False,1,1.0,0.9795549114881584
33,0,0,1.0,1,1,23.0,1,False,False,False,False,True,False,True,False,1,1.0,0.9795549114881584
34,1,0,0.0,0,1,70.0,0,False,True,True,False,False,False,True,False,0,0.0,-1.020871814608924
35,0,1,1.0,1,0,40.0,1,True,False,False,True,True,False,False,True,1,1.0,0.9795549114881584
36,0,1,1.0,0,1,14.0,1,True,False,False,False,True,False,False,False,1,1.0,0.9795549114881584
37,0,0,0.0,1,0,29.0,1,False,True,False,False,False,True,True,False,1,1.0,0.9795549114881584
38,0,0,1.0,1,1,47.0,1,False,False,False,False,True,False,False,True,1,1.0,0.9795549114881584
39,0,0,0.0,1,0,12.0,0,True,False,False,True,False,False,True,False,0,0.0,-1.020871814608924
40,0,0,1.0,0,1,42.0,0,True,False,False,True,True,False,True,False,0,0.0,-1.020871814608924
41,0,0,1.0,1,1,47.0,0,True,False,True,False,False,False,False,False,0,0.0,-1.020871814608924
42,0,0,1.0,0,0,58.0,1,False,False,False,False,False,False,False,True,1,1.0,0.9795549114881584
43,1,1,1.0,0,0,35.0,1,True,False,False,True,False,False,False,False,1,1.0,0.9795549114881584
44,0,0,1.0,1,0,27.0,0,False,False,True,False,False,False,False,True,0,0.0,-1.020871814608924
45,1,1,1.0,0,1,8.0,1,True,False,True,False,False,True,False,False,1,1.0,0.9795549114881584
46,1,1,1.0,0,1,11.0,0,True,False,False,False,False,True,True,False,0,0.0,-1.020871814608924
47,1,1,1.0,0,1,15.0,0,True,False,True,False,False,True,False,False,0,0.0,-1.020871814608924
48,1,1,0.0,0,1,56.0,0,True,False,False,False,True,False,False,False,0,0.0,-1.020871814608924
49,0,1,1.0,1,1,35.0,1,False,False,True,False,True,False,False,True,1,1.0,0.9795549114881584
50,0,1,0.0,1,0,43.0,1,False,False,False,True,True,False,False,True,1,1.0,0.9795549114881584
51,1,0,1.0,0,0,47.0,0,False,False,False,False,False,False,False,True,0,0.0,-1.020871814608924
52,1,1,1.0,0,0,52.0,0,True,False,True,False,False,False,False,True,0,0.0,-1.020871814608924
53,0,0,0.0,1,0,15.0,0,False,False,False,False,False,True,True,False,0,0.0,-1.020871814608924
54,0,1,1.0,1,1,63.0,1,True,False,False,True,False,True,False,False,1,1.0,0.9795549114881584
55,0,1,0.0,0,0,49.0,0,True,False,False,False,False,False,False,False,0,0.0,-1.020871814608924
56,1,1,0.0,0,0,55.0,0,False,True,True,False,False,True,False,False,0,0.0,-1.020871814608924
57,1,1,1.0,0,1,57.0,0,True,False,True,False,False,True,False,False,0,0.0,-1.020871814608924
58,1,0,0.0,1,0,54.0,1,False,True,True,False,False,True,True,False,1,1.0,0.9795549114881584
59,1,0,1.0,1,0,55.0,1,False,True,True,False,False,True,False,False,1,1.0,0.9795549114881584
60,0,1,1.0,1,0,69.0,1,False,False,True,False,True,False,False,False,1,1.0,0.9795549114881584
61,1,1,0.0,0,0,72.0,1,False,False,False,False,False,True,False,False,1,1.0,0.9795549114881584
62,1,1,1.0,0,0,33.0,0,False,True,False,True,False,True,False,False,0,0.0,-1.020871814608924
63,0,0,1.0,1,0,25.0,0,False,False,False,False,False,False,False,False,0,0.0,-1.020871814608924
64,1,1,0.0,1,0,11.0,1,False,True,False,False,False,False,False,False,1,1.0,0.9795549114881584
65,1,1,0.0,0,0,61.0,0,False,False,True,False,False,True,False,True,0,0.0,-1.020871814608924
66,1,1,1.0,0,0,22.0,0,False,True,True,False,False,False,False,True,0,0.0,-1.020871814608924
67,0,0,0.0,0,0,33.0,1,False,False,True,False,False,True,False,True,1,1.0,0.9795549114881584
68,0,1,1.0,1,1,60.0,1,False,False,False,False,False,True,True,False,1,1.0,0.9795549114881584
69,0,1,0.0,1,1,2.0,0,True,False,True,False,False,False,False,True,0,0.0,-1.020871814608924
70,1,1,0.0,0,0,13.0,0,False,False,False,True,True,False,False,True,0,0.0,-1.020871814608924
71,0,1,1.0,1,0,57.0,1,False,False,False,False,False,True,False,False,1,1.0,0.9795549114881584
72,1,1,1.0,0,1,18.0,0,True,False,False,True,False,False,False,False,0,0.0,-1.020871814608924
73,1,1,1.0,1,1,43.0,1,False,False,False,False,False,False,False,True,1,1.0,0.9795549114881584
74,1,1,1.0,0,0,48.0,0,False,False,False,True,True,False,True,False,0,0.0,-1.020871814608924
75,1,1,0.0,1,0,2.0,0,False,False,False,True,False,True,True,False,0,0.0,-1.020871814608924
76,0,1,1.0,1,0,22.0,0,True,False,True,False,False,True,True,False,0,0.0,-1.020871814608924
77,0,1,1.0,0,1,32.0,1,False,True,True,False,True,False,True,False,1,1.0,0.9795549114881584
78,1,0,1.0,1,0,42.0,0,True,False,False,False,False,False,False,False,0,0.0,-1.020871814608924
79,0,1,1.0,1,0,47.0,1,True,False,False,True,True,False,False,True,1,1.0,0.9795549114881584
80,0,1,1.0,0,0,24.0,1,False,False,False,True,False,False,False,False,1,1.0,0.9795549114881584
81,0,1,1.0,0,1,71.0,1,True,False,False,True,False,True,False,False,1,1.0,0.9795549114881584
82,1,0,0.0,1,0,34.0,1,True,False,True,False,False,True,False,False,1,1.0,0.9795549114881584
83,0,0,0.0,0,1,19.0,1,False,True,True,False,True,False,True,False,1,1.0,0.9795549114881584
84,0,0,1.0,0,1,25.0,1,False,False,True,False,False,False,False,False,1,1.0,0.9795549114881584
85,1,1,1.0,0,1,11.0,1,False,False,True,False,True,False,True,False,1,1.0,0.9795549114881584
86,0,1,1.0,0,0,7.0,0,False,True,True,False,False,True,True,False,0,0.0,-1.020871814608924
87,0,1,1.0,1,1,23.0,1,True,False,False,True,True,False,True,False,1,1.0,0.9795549114881584
88,0,0,0.0,1,1,58.0,1,False,False,True,False,False,True,False,False,1,1.0,0.9795549114881584
89,1,1,0.0,0,1,8.0,1,False,False,False,True,False,True,False,False,1,1.0,0.9795549114881584
90,0,1,0.0,0,1,2.0,0,False,True,True,False,True,False,False,True,0,0.0,-1.020871814608924
91,0,0,0.0,1,1,22.0,0,False,False,False,False,False,False,False,False,0,0.0,-1.020871814608924
92,0,1,1.0,0,0,36.0,0,False,True,False,False,True,False,False,True,0,0.0,-1.020871814608924
93,1,1,0.0,0,0,23.0,1,True,False,False,False,False,False,True,False,1,1.0,0.9795549114881584
94,1,0,1.0,1,1,26.0,0,False,True,False,False,True,False,False,False,0,0.0,-1.020871814608924
95,0,1,1.0,0,0,11.0,0,False,True,False,True,False,True,True,False,0,0.0,-1.020871814608924
96,0,1,0.0,0,0,22.0,0,True,False,False,True,False,False,True,False,0,0.0,-1.020871814608924
97,1,1,1.0,0,1,24.0,1,True,False,True,False,False,False,False,True,1,1.0,0.9795549114881584
98,0,0,1.0,1,0,66.0,0,False,False,False,True,False,True,False,True,0,0.0,-1.020871814608924
99,1,0,1.0,0,0,61.0,1,False,False,False,False,False,False,False,False,1,1.0,0.9795549114881584
100,1,1,0.0,0,1,38.0,0,False,True,True,False,False,False,True,False,0,0.0,-1.020871814608924
101,0,0,1.0,1,1,21.0,0,False,True,False,False,False,False,False,True,0,0.0,-1.020871814608924
102,0,0,1.0,0,1,62.0,1,False,True,False,True,False,False,True,False,1,1.0,0.9795549114881584
103,0,1,1.0,0,0,2.0,1,False,False,False,True,True,False,False,False,1,1.0,0.9795549114881584
104,0,1,0.0,1,1,29.0,1,False,True,True,False,False,False,True,False,1,1.0,0.9795549114881584
105,1,0,1.0,0,1,14.0,0,False,True,True,False,False,True,False,False,0,0.0,-1.020871814608924
106,0,0,1.0,1,1,64.0,1,False,False,False,True,False,True,False,False,1,1.0,0.9795549114881584
107,0,1,0.0,1,0,41.0,1,True,False,True,False,False,False,False,False,1,1.0,0.9795549114881584
108,0,0,0.0,0,0,14.0,0,False,True,False,True,True,False,False,False,0,0.0,-1.020871814608924
109,0,1,0.0,1,1,12.0,0,True,False,False,True,False,True,True,False,0,0.0,-1.020871814608924
110,1,0,1.0,0,1,64.0,1,False,True,False,True,False,False,False,False,1,1.0,0.9795549114881584
111,1,0,0.0,1,0,53.0,0,False,True,False,False,False,False,True,False,0,0.0,-1.020871814608924
112,1,1,1.0,0,1,30.0,1,False,True,False,True,False,False,False,False,1,1.0,0.9795549114881584
113,1,0,0.0,1,1,21.0,1,False,False,False,False,False,False,False,False,1,1.0,0.9795549114881584
114,1,1,1.0,0,1,63.0,0,False,False,False,True,False,False,False,True,0,0.0,-1.020871814608924
115,0,0,1.0,0,0,16.0,1,False,True,False,False,False,True,False,True,1,1.0,0.9795549114881584
116,1,0,0.0,1,1,9.0,1,False,True,False,True,False,True,False,False,1,1.0,0.9795549114881584
117,0,1,1.0,0,0,13.0,1,False,False,True,False,False,True,True,False,1,1.0,0.9795549114881584
118,1,1,0.0,0,1,31.0,1,False,False,False,False,False,False,False,False,1,1.0,0.9795549114881584
119,0,1,1.0,0,1,3.0,1,True,False,False,False,True,False,False,True,1,1.0,0.9795549114881584
120,1,1,0.0,1,1,30.0,0,True,False,False,True,True,False,True,False,0,0.0,-1.020871814608924
121,0,0,1.0,0,0,31.0,1,False,True,True,False,False,False,True,False,1,1.0,0.9795549114881584
122,1,1,1.0,0,0,63.0,0,True,False,True,False,True,False,True,False,0,0.0,-1.020871814608924
123,1,1,0.0,0,1,19.0,0,False,True,False,False,True,False,False,False,0,0.0,-1.020871814608924
124,1,1,0.0,1,1,53.0,1,True,False,True,False,False,True,False,True,1,1.0,0.9795549114881584
125,1,0,0.0,1,1,6.0,0,False,True,False,False,True,False,False,False,0,0.0,-1.020871814608924
126,1,0,1.0,1,0,9.0,1,True,False,True,False,False,True,False,True,1,1.0,0.9795549114881584
127,1,1,1.0,1,0,20.0,1,False,True,False,True,False,True,False,False,1,1.0,0.9795549114881584
128,0,0,1.0,0,1,58.0,1,False,False,True,False,False,False,False,True,1,1.0,0.9795549114881584
129,0,0,1.0,0,1,36.0,0,False,True,False,True,False,False,False,False,0,0.0,-1.020871814608924
130,1,1,0.0,0,1,23.0,1,False,False,True,False,False,False,False,True,1,1.0,0.9795549114881584
131,0,0,0.0,1,1,29.0,1,False,False,True,False,True,False,False,False,1,1.0,0.9795549114881584
132,0,0,0.0,0,0,36.0,1,True,False,True,False,True,False,False,False,1,1.0,0.9795549114881584
133,0,0,0.0,1,1,70.0,1,True,False,False,True,False,False,False,False,1,1.0,0.9795549114881584
134,1,0,1.0,1,1,6.0,0,False,False,False,True,False,True,True,False,0,0.0,-1.020871814608924
135,1,1,0.0,0,1,52.0,0,True,False,False,False,True,False,False,False,0,0.0,-1.020871814608924
136,1,1,1.0,1,1,25.0,1,False,True,True,False,True,False,False,True,1,1.0,0.9795549114881584
137,1,0,0.0,1,0,12.0,0,False,True,False,True,True,False,True,False,0,0.0,-1.020871814608924
138,0,0,0.0,1,1,22.0,0,False,True,False,False,False,False,False,False,0,0.0,-1.020871814608924
139,0,1,1.0,0,0,14.0,1,False,True,False,True,True,False,False,False,1,1.0,0.9795549114881584
140,1,0,0.0,1,1,52.0,0,False,True,False,False,False,False,False,False,0,0.0,-1.020871814608924
141,1,1,1.0,1,1,69.0,0,True,False,False,False,True,False,False,True,0,0.0,-1.020871814608924
142,0,1,1.0,1,1,12.0,1,True,False,False,True,False,True,False,True,1,1.0,0.9795549114881584
143,1,0,0.0,0,0,5.0,0,False,False,True,False,True,False,False,False,0,0.0,-1.020871814608924
144,0,0,1.0,1,0,16.0,1,False,True,True,False,False,False,False,False,1,1.0,0.9795549114881584
145,0,0,0.0,1,1,23.0,1,False,False,True,False,False,True,False,False,1,1.0,0.9795549114881584
146,0,0,1.0,1,0,28.0,0,False,True,False,False,True,False,False,True,0,0.0,-1.020871814608924
147,1,0,1.0,1,0,40.0,0,False,False,False,True,False,False,True,False,0,0.0,-1.020871814608924
148,0,1,1.0,0,1,46.0,1,False,False,False,True,False,True,False,False,1,1.0,0.9795549114881584
149,1,0,0.0,1,1,18.0,0,False,True,False,False,False,True,False,True,0,0.0,-1.020871814608924
150,0,0,1.0,1,1,33.0,0,True,False,False,True,False,False,True,False,0,0.0,-1.020871814608924
151,0,1,0.0,1,1,13.0,1,True,False,True,False,False,True,False,True,1,1.0,0.9795549114881584
152,0,0,1.0,0,1,64.0,1,False,True,False,False,False,False,False,False,1,1.0,0.9795549114881584
153,1,1,1.0,0,1,45.0,0,False,True,False,False,True,False,False,False,0,0.0,-1.020871814608924
154,0,0,0.0,1,1,23.0,1,True,False,False,False,False,True,False,True,1,1.0,0.9795549114881584
155,1,1,1.0,0,0,19.0,0,False,True,False,True,False,True,False,False,0,0.0,-1.020871814608924
156,1,1,1.0,1,1,40.0,1,False,False,False,True,False,False,False,True,1,1.0,0.9795549114881584
157,1,1,0.0,1,1,16.0,1,False,True,False,True,True,False,False,False,1,1.0,0.9795549114881584
158,0,1,0.0,0,0,58.0,0,False,False,False,False,False,False,False,True,0,0.0,-1.020871814608924
159,1,0,0.0,0,1,18.0,1,False,True,False,True,False,False,True,False,1,1.0,0.9795549114881584
160,0,1,0.0,1,0,36.0,1,False,False,False,False,False,True,False,True,1,1.0,0.9795549114881584
161,1,1,1.0,0,1,64.0,1,False,False,False,True,True,False,False,True,1,1.0,0.9795549114881584
162,0,1,1.0,1,1,24.0,0,False,True,False,False,False,True,False,False,0,0.0,-1.020871814608924
163,0,0,0.0,0,1,53.0,1,False,True,False,False,False,True,True,False,1,1.0,0.9795549114881584
164,1,1,0.0,0,1,66.0,0,False,False,False,True,True,False,True,False,0,0.0,-1.020871814608924
165,1,0,1.0,1,0,62.0,0,False,True,True,False,False,True,False,False,0,0.0,-1.020871814608924
166,1,0,0.0,1,1,37.0,1,False,True,False,False,False,False,False,False,1,1.0,0.9795549114881584
167,0,0,1.0,1,0,49.0,0,True,False,False,False,False,True,False,True,0,0.0,-1.020871814608924
168,0,0,0.0,0,1,68.0,1,False,False,False,False,False,False,False,True,1,1.0,0.9795549114881584
169,0,0,0.0,1,0,22.0,1,True,False,True,False,False,True,True,False,1,1.0,0.9795549114881584
170,1,1,1.0,0,0,70.0,0,False,True,False,True,True,False,True,False,0,0.0,-1.020871814608924
171,0,0,0.0,1,0,33.0,1,False,False,False,False,False,True,False,False,1,1.0,0.9795549114881584
172,1,0,1.0,0,1,49.0,0,False,False,False,False,True,False,False,True,0,0.0,-1.020871814608924
173,1,1,0.0,1,0,10.0,0,True,False,False,False,False,False,True,False,0,0.0,-1.020871814608924
174,0,1,1.0,1,0,69.0,0,False,False,False,False,True,False,False,False,0,0.0,-1.020871814608924
175,1,1,0.0,0,0,32.0,1,False,False,False,True,True,False,False,False,1,1.0,0.9795549114881584
176,1,0,1.0,1,0,60.0,0,False,False,False,False,False,False,False,True,0,0.0,-1.020871814608924
177,0,0,1.0,0,1,2.0,1,True,False,False,True,False,False,True,False,1,1.0,0.9795549114881584
178,0,1,1.0,1,0,23.0,0,False,False,False,True,True,False,True,False,0,0.0,-1.020871814608924
179,0,0,0.0,1,1,70.0,1,False,False,True,False,True,False,False,True,1,1.0,0.9795549114881584
180,0,0,0.0,1,0,12.0,0,False,False,False,True,False,True,False,True,0,0.0,-1.020871814608924
181,1,1,1.0,0,1,32.0,0,False,True,True,False,False,True,False,False,0,0.0,-1.020871814608924
182,0,0,0.0,1,0,34.0,0,False,True,False,False,False,False,True,False,0,0.0,-1.020871814608924
183,0,0,1.0,1,1,33.0,0,False,False,False,False,True,False,False,True,0,0.0,-1.020871814608924
184,0,0,0.0,0,0,48.0,0,False,True,False,True,True,False,False,False,0,0.0,-1.020871814608924
185,0,1,1.0,1,1,26.0,1,False,False,True,False,True,False,False,True,1,1.0,0.9795549114881584
186,0,1,0.0,1,1,54.0,0,False,True,True,False,True,False,False,True,0,0.0,-1.020871814608924
187,0,0,0.0,1,1,44.0,1,True,False,False,False,True,False,False,True,1,1.0,0.9795549114881584
188,1,0,0.0,0,1,37.0,1,True,False,True,False,True,False,True,False,1,1.0,0.9795549114881584
189,1,0,1.0,1,1,13.0,0,False,False,False,False,False,False,True,False,0,0.0,-1.020871814608924
190,1,1,1.0,1,0,60.0,0,False,True,False,False,True,False,True,False,0,0.0,-1.020871814608924
191,1,1,1.0,1,0,2.0,0,True,False,False,True,False,False,False,True,0,0.0,-1.020871814608924
192,1,0,1.0,1,1,60.0,1,False,False,True,False,False,False,False,False,1,1.0,0.9795549114881584
193,1,1,1.0,0,1,63.0,0,False,True,False,False,True,False,True,False,0,0.0,-1.020871814608924
194,0,0,0.0,0,0,30.0,1,False,True,False,True,False,True,True,False,1,1.0,0.9795549114881584
195,1,0,0.0,0,1,29.0,1,False,True,False,True,False,True,False,True,1,1.0,0.9795549114881584
196,0,1,0.0,0,0,27.0,1,False,False,False,False,False,True,False,False,1,1.0,0.9795549114881584
197,0,0,0.0,0,1,50.0,0,False,False,False,True,False,True,True,False,0,0.0,-1.020871814608924
198,0,1,1.0,1,1,36.0,1,True,False,False,True,True,False,False,False,1,1.0,0.9795549114881584
199,0,1,0.0,1,0,34.0,0,True,False,False,False,False,True,False,True,0,0.0,-1.020871814608924
200,1,0,1.0,1,0,50.0,1,False,False,False,False,False,False,True,False,1,1.0,0.9795549114881584
201,1,0,0.0,0,0,37.0,1,False,True,True,False,False,True,True,False,1,1.0,0.9795549114881584
202,1,0,1.0,0,1,19.0,1,True,False,True,False,False,True,False,False,1,1.0,0.9795549114881584
203,1,1,0.0,0,1,40.0,0,False,True,False,False,True,False,False,False,0,0.0,-1.020871814608924
204,0,0,0.0,1,0,15.0,0,True,False,False,False,True,False,True,False,0,0.0,-1.020871814608924
205,1,1,0.0,0,1,7.0,1,False,False,False,True,True,False,False,True,1,1.0,0.9795549114881584
206,1,0,1.0,0,1,18.0,1,False,False,True,False,True,False,False,False,1,1.0,0.9795549114881584
207,1,0,1.0,0,0,57.0,1,False,False,True,False,False,True,True,False,1,1.0,0.9795549114881584
208,1,1,0.0,1,0,19.0,0,True,False,True,False,False,True,False,True,0,0.0,-1.020871814608924
209,1,0,1.0,1,0,65.0,1,False,True,False,True,True,False,False,True,1,1.0,0.9795549114881584
210,0,0,1.0,0,0,55.0,0,False,True,True,False,False,True,False,True,0,0.0,-1.020871814608924
211,1,1,0.0,0,1,41.0,1,False,False,False,True,False,True,False,False,1,1.0,0.9795549114881584
212,1,1,1.0,1,0,22.0,1,True,False,True,False,False,False,False,True,1,1.0,0.9795549114881584
213,0,1,1.0,0,1,9.0,1,True,False,False,False,False,False,True,False,1,1.0,0.9795549114881584
214,0,0,0.0,0,1,5.0,1,False,False,False,False,False,False,False,True,1,1.0,0.9795549114881584
215,1,1,0.0,1,0,55.0,1,False,False,True,False,False,False,False,True,1,1.0,0.9795549114881584
216,1,1,0.0,1,1,15.0,0,False,False,True,False,False,True,True,False,0,0.0,-1.020871814608924
217,0,1,0.0,0,0,48.0,1,True,False,True,False,False,True,False,True,1,1.0,0.9795549114881584
218,1,0,0.0,0,1,21.0,0,False,False,False,True,False,False,True,False,0,0.0,-1.020871814608924
219,1,0,1.0,1,1,51.0,0,False,False,False,False,False,True,False,False,0,0.0,-1.020871814608924
220,1,0,1.0,1,0,66.0,0,True,False,False,True,False,False,False,False,0,0.0,-1.020871814608924
221,1,0,0.0,0,0,30.0,1,False,False,True,False,True,False,False,True,1,1.0,0.9795549114881584
222,1,0,0.0,1,1,28.0,1,True,False,False,True,False,True,False,True,1,1.0,0.9795549114881584
223,0,0,1.0,0,0,26.0,0,False,False,False,True,False,False,True,False,0,0.0,-1.020871814608924
224,0,1,0.0,0,0,17.0,1,False,True,False,False,True,False,True,False,1,1.0,0.9795549114881584
225,1,1,0.0,0,0,40.0,1,False,False,False,False,False,False,False,True,1,1.0,0.9795549114881584
226,0,0,1.0,1,0,35.0,0,False,True,False,False,False,False,True,False,0,0.0,-1.020871814608924
227,0,0,0.0,0,1,9.0,1,False,False,True,False,False,False,False,False,1,1.0,0.9795549114881584
228,0,1,1.0,0,0,37.0,1,False,False,False,True,False,True,True,False,1,1.0,0.9795549114881584
229,1,1,0.0,0,1,13.0,1,True,False,False,True,True,False,True,False,1,1.0,0.9795549114881584
230,0,0,1.0,0,0,12.0,1,True,False,True,False,False,True,False,False,1,1.0,0.9795549114881584
231,1,1,0.0,0,1,9.0,1,False,True,True,False,True,False,False,False,1,1.0,0.9795549114881584
232,1,1,0.0,0,1,29.0,0,True,False,False,True,False,False,False,True,0,0.0,-1.020871814608924
233,0,1,0.0,1,0,38.0,0,False,True,False,True,False,False,True,False,0,0.0,-1.020871814608924
234,0,1,1.0,0,0,54.0,0,False,False,False,False,False,False,True,False,0,0.0,-1.020871814608924
235,0,1,0.0,0,1,70.0,0,True,False,False,True,True,False,False,True,0,0.0,-1.020871814608924
236,0,0,1.0,0,0,37.0,0,False,True,True,False,True,False,True,False,0,0.0,-1.020871814608924
237,0,0,0.0,0,1,49.0,1,False,False,False,False,False,True,False,False,1,1.0,0.9795549114881584
238,0,0,1.0,0,1,19.0,0,False,False,True,False,False,False,False,False,0,0.0,-1.020871814608924
239,0,0,1.0,1,1,26.0,0,True,False,False,True,False,False,False,False,0,0.0,-1.020871814608924
240,1,0,1.0,0,0,38.0,1,True,False,True,False,True,False,True,False,1,1.0,0.9795549114881584
241,1,1,1.0,0,0,65.0,0,True,False,False,True,False,False,True,False,0,0.0,-1.020871814608924
242,0,1,0.0,0,0,58.0,1,True,False,True,False,False,False,False,False,1,1.0,0.9795549114881584
243,1,1,0.0,0,1,28.0,0,False,False,False,False,True,False,False,True,0,0.0,-1.020871814608924
244,1,0,1.0,0,1,4.0,0,True,False,False,False,True,False,True,False,0,0.0,-1.020871814608924
245,0,1,1.0,0,1,26.0,1,False,True,False,True,False,True,True,False,1,1.0,0.9795549114881584
246,0,1,0.0,0,1,71.0,0,False,True,False,False,False,True,False,False,0,0.0,-1.020871814608924
247,0,0,0.0,1,1,64.0,0,False,False,True,False,True,False,False,True,0,0.0,-1.020871814608924
248,0,1,1.0,0,0,72.0,1,False,False,True,False,True,False,False,False,1,1.0,0.9795549114881584
249,0,0,0.0,1,0,12.0,0,False,True,True,False,False,False,True,False,0,0.0,-1.020871814608924
250,0,1,1.0,1,1,59.0,0,False,True,True,False,True,False,False,False,0,0.0,-1.020871814608924
251,1,0,0.0,1,1,22.0,0,True,False,False,False,False,False,False,False,0,0.0,-1.020871814608924
252,1,0,0.0,0,1,4.0,0,False,True,False,True,False,False,True,False,0,0.0,-1.020871814608924
253,0,0,0.0,0,0,52.0,0,True,False,True,False,False,False,False,True,0,0.0,-1.020871814608924
254,1,1,0.0,0,1,13.0,0,False,False,True,False,False,True,False,True,0,0.0,-1.020871814608924
255,0,0,0.0,1,1,38.0,1,False,False,True,False,False,True,True,False,1,1.0,0.9795549114881584
256,1,0,0.0,1,1,45.0,0,False,False,True,False,False,True,True,False,0,0.0,-1.020871814608924
257,0,1,0.0,0,0,25.0,1,True,False,False,False,True,False,False,False,1,1.0,0.9795549114881584
258,1,0,1.0,0,0,67.0,1,False,False,False,True,True,False,True,False,1,1.0,0.9795549114881584
259,0,1,0.0,0,1,55.0,0,True,False,True,False,True,False,False,True,0,0.0,-1.020871814608924
260,0,1,0.0,1,0,62.0,0,False,False,True,False,True,False,False,False,0,0.0,-1.020871814608924
261,1,0,1.0,1,1,45.0,1,False,False,False,False,False,True,True,False,1,1.0,0.9795549114881584
262,0,0,1.0,0,0,29.0,0,True,False,False,False,False,False,False,True,0,0.0,-1.020871814608924
263,0,1,0.0,1,1,8.0,0,True,False,False,True,True,False,False,True,0,0.0,-1.020871814608924
264,1,1,0.0,1,1,54.0,1,True,False,False,True,True,False,False,True,1,1.0,0.9795549114881584
265,0,0,1.0,1,1,32.0,0,False,False,False,True,True,False,False,False,0,0.0,-1.020871814608924
266,0,1,1.0,1,0,45.0,1,False,False,False,False,False,True,False,True,1,1.0,0.9795549114881584
267,0,0,0.0,0,0,30.0,1,False,True,False,True,False,True,True,False,1,1.0,0.9795549114881584
268,1,1,1.0,0,0,5.0,0,False,False,False,False,True,False,True,False,0,0.0,-1.020871814608924
269,1,0,1.0,1,1,22.0,1,True,False,False,False,False,True,True,False,1,1.0,0.9795549114881584
270,1,0,1.0,1,0,22.0,1,False,False,False,True,False,False,False,True,1,1.0,0.9795549114881584
271,1,1,1.0,0,0,29.0,0,False,True,False,False,False,True,False,False,0,0.0,-1.020871814608924
272,0,1,0.0,0,1,42.0,1,True,False,False,True,False,False,False,False,1,1.0,0.9795549114881584
273,1,1,0.0,0,1,60.0,0,True,False,False,True,False,True,True,False,0,0.0,-1.020871814608924
274,0,0,1.0,0,1,6.0,1,True,False,True,False,False,True,True,False,1,1.0,0.9795549114881584
275,1,0,1.0,0,1,15.0,0,False,False,False,True,False,True,False,True,0,0.0,-1.020871814608924
276,1,0,1.0,0,1,46.0,1,True,False,True,False,True,False,True,False,1,1.0,0.9795549114881584
277,0,1,1.0,1,1,10.0,0,False,False,False,True,False,True,False,False,0,0.0,-1.020871814608924
278,0,1,1.0,0,0,32.0,1,False,True,False,True,True,False,False,True,1,1.0,0.9795549114881584
279,0,0,0.0,1,1,41.0,0,True,False,False,True,True,False,True,False,0,0.0,-1.020871814608924
280,0,0,0.0,0,1,18.0,1,False,True,False,True,False,False,True,False,1,1.0,0.9795549114881584
281,1,1,1.0,1,0,36.0,1,True,False,False,False,False,False,False,True,1,1.0,0.9795549114881584
282,1,0,1.0,1,1,31.0,0,False,False,True,False,False,True,False,True,0,0.0,-1.020871814608924
283,1,0,0.0,0,0,1.0,1,True,False,False,False,False,True,False,True,1,1.0,0.9795549114881584
284,0,1,1.0,0,1,9.0,0,False,False,False,False,False,False,False,False,0,0.0,-1.020871814608924
285,1,1,0.0,1,1,56.0,1,False,True,False,False,False,False,False,True,1,1.0,0.9795549114881584
286,0,0,0.0,1,0,54.0,0,True,False,True,False,False,False,False,True,0,0.0,-1.020871814608924
287,1,1,1.0,1,1,37.0,1,False,False,False,False,False,False,False,False,1,1.0,0.9795549114881584
288,0,1,1.0,0,0,56.0,0,True,False,False,True,False,False,False,True,0,0.0,-1.020871814608924
289,0,0,1.0,1,0,67.0,0,True,False,False,True,False,True,False,True,0,0.0,-1.020871814608924
290,0,1,1.0,0,1,26.0,0,False,False,False,False,False,False,False,True,0,0.0,-1.020871814608924
291,0,1,1.0,0,0,16.0,0,True,False,False,False,False,True,True,False,0,0.0,-1.020871814608924
292,1,1,0.0,0,0,53.0,1,False,False,False,False,True,False,False,True,1,1.0,0.9795549114881584
293,0,1,1.0,1,0,49.0,0,True,False,False,False,True,False,False,True,0,0.0,-1.020871814608924
294,0,0,0.0,0,0,7.0,1,False,False,False,False,False,True,False,True,1,1.0,0.9795549114881584
295,0,0,1.0,1,1,36.0,1,False,False,False,True,True,False,False,False,1,1.0,0.9795549114881584
296,0,1,0.0,1,0,15.0,1,True,False,False,False,False,True,False,False,1,1.0,0.9795549114881584
297,0,1,0.0,0,0,61.0,0,False,True,True,False,True,False,False,True,0,0.0,-1.020871814608924
298,1,0,0.0,1,1,39.0,0,False,False,True,False,False,True,True,False,0,0.0,-1.020871814608924
299,1,1,1.0,0,1,15.0,0,True,False,False,False,False,False,True,False,0,0.0,-1.020871814608924
300,1,1,1.0,0,1,25.0,1,False,False,False,True,False,False,False,False,1,1.0,0.9795549114881584
301,0,1,1.0,0,1,31.0,1,True,False,True,False,False,False,False,True,1,1.0,0.9795549114881584
302,0,0,0.0,0,0,34.0,0,True,False,False,False,True,False,False,False,0,0.0,-1.020871814608924
303,1,0,1.0,0,0,16.0,1,False,True,True,False,False,True,True,False,1,1.0,0.9795549114881584
304,1,0,1.0,1,0,59.0,1,True,False,False,False,False,False,False,True,1,1.0,0.9795549114881584
305,1,1,0.0,1,0,65.0,1,False,False,False,False,False,True,False,True,1,1.0,0.9795549114881584
306,0,0,1.0,0,0,49.0,1,False,False,False,True,True,False,False,True,1,1.0,0.9795549114881584
307,1,0,1.0,0,0,6.0,0,False,False,False,False,True,False,False,False,0,0.0,-1.020871814608924
308,0,1,0.0,1,0,4.0,0,False,False,False,True,True,False,True,False,0,0.0,-1.020871814608924
309,1,1,1.0,1,0,60.0,1,True,False,False,True,False,True,False,False,1,1.0,0.9795549114881584
310,0,1,1.0,1,0,22.0,1,False,False,True,False,False,True,False,False,1,1.0,0.9795549114881584
311,1,0,1.0,0,0,51.0,0,False,True,False,False,False,False,False,True,0,0.0,-1.020871814608924
312,1,1,1.0,1,1,37.0,0,False,False,False,True,False,True,False,True,0,0.0,-1.020871814608924
313,0,0,0.0,1,0,59.0,1,True,False,False,False,False,False,False,False,1,1.0,0.9795549114881584
314,1,1,1.0,0,0,30.0,0,False,True,True,False,False,True,True,False,0,0.0,-1.020871814608924
315,1,1,0.0,1,1,47.0,0,False,False,True,False,False,True,True,False,0,0.0,-1.020871814608924
316,0,0,0.0,0,0,6.0,0,False,True,False,True,False,False,True,False,0,0.0,-1.020871814608924
317,1,0,1.0,0,1,63.0,0,True,False,False,True,False,True,False,True,0,0.0,-1.020871814608924
318,0,0,1.0,1,0,12.0,0,True,False,True,False,False,True,True,False,0,0.0,-1.020871814608924
319,0,0,0.0,1,0,31.0,1,False,False,True,False,False,True,False,True,1,1.0,0.9795549114881584
320,1,1,0.0,1,0,16.0,1,False,False,False,False,True,False,True,False,1,1.0,0.9795549114881584
321,1,1,1.0,1,0,1.0,1,False,True,True,False,False,True,False,True,1,1.0,0.9795549114881584
322,1,1,1.0,1,1,57.0,0,False,False,False,False,True,False,True,False,0,0.0,-1.020871814608924
323,1,1,0.0,0,1,33.0,1,False,False,False,False,True,False,False,False,1,1.0,0.9795549114881584
324,0,0,1.0,1,0,17.0,0,False,False,False,False,True,False,True,False,0,0.0,-1.020871814608924
325,1,1,0.0,0,0,27.0,0,False,False,False,True,False,False,False,False,0,0.0,-1.020871814608924
326,0,1,0.0,1,0,49.0,0,False,False,False,False,True,False,False,False,0,0.0,-1.020871814608924
327,0,0,0.0,1,0,50.0,1,False,True,False,False,True,False,False,True,1,1.0,0.9795549114881584
328,1,0,1.0,0,1,19.0,1,False,False,True,False,False,False,False,True,1,1.0,0.9795549114881584
329,0,1,0.0,0,0,37.0,1,False,True,False,False,False,True,False,True,1,1.0,0.9795549114881584
330,1,1,1.0,0,1,45.0,1,False,False,False,False,False,True,False,True,1,1.0,0.9795549114881584
331,0,0,0.0,0,1,12.0,0,True,False,False,False,True,False,False,True,0,0.0,-1.020871814608924
332,0,1,0.0,1,0,41.0,0,False,True,True,False,False,False,False,True,0,0.0,-1.020871814608924
333,0,0,0.0,0,0,14.0,1,False,False,False,False,False,False,False,False,1,1.0,0.9795549114881584
334,1,0,1.0,0,1,26.0,0,False,True,True,False,False,True,False,False,0,0.0,-1.020871814608924
335,1,0,1.0,0,1,7.0,1,True,False,False,False,False,True,True,False,1,1.0,0.9795549114881584
336,1,0,0.0,1,0,46.0,0,False,True,True,False,False,False,False,True,0,0.0,-1.020871814608924
337,1,0,1.0,1,1,45.0,0,False,True,True,False,False,False,False,True,0,0.0,-1.020871814608924
338,0,0,0.0,1,0,60.0,1,True,False,True,False,False,True,False,False,1,1.0,0.9795549114881584
339,1,0,1.0,0,1,71.0,0,False,False,True,False,False,True,False,False,0,0.0,-1.020871814608924
340,1,0,1.0,0,1,8.0,1,False,True,False,False,False,True,False,False,1,1.0,0.9795549114881584
341,1,0,1.0,1,1,6.0,0,True,False,False,True,False,False,True,False,0,0.0,-1.020871814608924
342,1,1,0.0,0,1,43.0,1,False,True,True,False,True,False,False,False,1,1.0,0.9795549114881584
343,1,1,0.0,1,1,33.0,0,False,True,False,False,True,False,False,True,0,0.0,-1.020871814608924
344,0,1,1.0,0,0,49.0,1,False,False,False,False,False,True,False,True,1,1.0,0.9795549114881584
345,0,0,0.0,0,1,35.0,1,False,True,False,False,False,True,False,True,1,1.0,0.9795549114881584
346,0,0,0.0,1,1,56.0,1,False,True,False,True,False,True,True,False,1,1.0,0.9795549114881584
347,1,1,1.0,0,1,33.0,0,False,True,False,False,False,False,False,True,0,0.0,-1.020871814608924
348,1,0,1.0,0,1,56.0,1,False,True,False,True,False,False,False,True,1,1.0,0.9795549114881584
349,0,0,0.0,0,0,12.0,0,False,True,False,True,False,True,True,False,0,0.0,-1.020871814608924
350,0,1,0.0,1,1,2.0,1,False,False,False,False,True,False,False,False,1,1.0,0.9795549114881584
351,1,1,1.0,0,0,1.0,0,True,False,True,False,True,False,True,False,0,0.0,-1.020871814608924
352,1,0,1.0,1,1,36.0,0,False,True,False,True,False,False,False,False,0,0.0,-1.020871814608924
353,1,1,0.0,0,0,21.0,0,False,False,True,False,False,False,False,False,0,0.0,-1.020871814608924
354,1,1,1.0,1,0,38.0,0,False,False,False,True,False,True,True,False,0,0.0,-1.020871814608924
355,1,1,0.0,0,1,14.0,1,True,False,False,False,False,False,False,True,1,1.0,0.9795549114881584
356,1,0,0.0,1,0,70.0,0,True,False,False,False,False,False,False,True,0,0.0,-1.020871814608924
357,1,0,1.0,0,0,28.0,0,False,True,False,True,False,True,False,True,0,0.0,-1.020871814608924
358,1,1,1.0,1,1,40.0,0,False,True,True,False,False,True,False,False,0,0.0,-1.020871814608924
359,0,1,1.0,0,0,5.0,0,True,False,True,False,True,False,False,False,0,0.0,-1.020871814608924
360,1,1,0.0,0,0,55.0,0,False,False,True,False,False,True,True,False,0,0.0,-1.020871814608924
361,1,0,1.0,1,0,9.0,1,False,True,False,True,True,False,True,False,1,1.0,0.9795549114881584
362,0,1,1.0,1,0,62.0,1,True,False,True,False,False,False,True,False,1,1.0,0.9795549114881584
363,1,1,1.0,0,0,49.0,0,False,True,True,False,True,False,False,True,0,0.0,-1.020871814608924
364,0,1,0.0,0,0,14.0,1,True,False,True,False,False,False,False,True,1,1.0,0.9795549114881584
365,1,0,1.0,0,0,17.0,1,False,False,False,False,False,True,True,False,1,1.0,0.9795549114881584
366,0,1,0.0,0,0,39.0,0,True,False,False,False,False,True,False,True,0,0.0,-1.020871814608924
367,0,0,1.0,1,1,24.0,0,False,False,True,False,True,False,True,False,0,0.0,-1.020871814608924
368,1,1,1.0,1,1,64.0,0,False,False,False,False,True,False,False,False,0,0.0,-1.020871814608924
369,0,0,1.0,1,1,19.0,1,True,False,True,False,False,False,False,False,1,1.0,0.9795549114881584
370,0,0,0.0,1,0,71.0,0,False,False,True,False,False,True,False,False,0,0.0,-1.020871814608924
371,1,1,0.0,1,0,16.0,1,False,False,False,False,True,False,True,False,1,1.0,0.9795549114881584
372,0,1,1.0,1,1,38.0,0,False,False,True,False,False,True,False,False,0,0.0,-1.020871814608924
373,1,1,0.0,0,0,64.0,1,False,False,False,True,False,False,False,False,1,1.0,0.9795549114881584
374,0,1,1.0,1,1,6.0,1,False,False,True,False,False,True,False,False,1,1.0,0.9795549114881584
375,1,0,1.0,0,1,71.0,0,False,False,False,True,False,True,False,True,0,0.0,-1.020871814608924
376,0,1,1.0,1,0,21.0,1,False,False,False,True,True,False,False,False,1,1.0,0.9795549114881584
377,0,0,1.0,0,0,69.0,0,True,False,False,True,False,True,False,False,0,0.0,-1.020871814608924
378,0,0,0.0,0,1,7.0,0,False,False,False,False,False,True,False,True,0,0.0,-1.020871814608924
379,0,0,1.0,1,0,35.0,0,True,False,False,True,False,True,True,False,0,0.0,-1.020871814608924
380,0,1,0.0,1,1,32.0,0,True,False,True,False,True,False,True,False,0,0.0,-1.020871814608924
381,1,1,0.0,0,1,72.0,1,False,True,False,False,True,False,False,True,1,1.0,0.9795549114881584
382,0,0,0.0,0,0,41.0,0,True,False,False,True,False,False,False,False,0,0.0,-1.020871814608924
383,0,0,0.0,0,1,42.0,0,False,True,False,True,False,False,False,True,0,0.0,-1.020871814608924
384,1,0,1.0,0,0,40.0,0,True,False,True,False,True,False,False,False,0,0.0,-1.020871814608924
385,1,0,0.0,0,1,42.0,0,True,False,False,True,False,True,True,False,0,0.0,-1.020871814608924
386,1,0,0.0,0,1,56.0,0,False,False,False,False,True,False,False,False,0,0.0,-1.020871814608924
387,1,0,1.0,0,1,15.0,0,True,False,True,False,False,True,False,False,0,0.0,-1.020871814608924
388,0,0,1.0,1,0,43.0,0,True,False,False,False,False,False,True,False,0,0.0,-1.020871814608924
389,0,0,0.0,1,0,45.0,0,False,True,False,False,True,False,False,False,0,0.0,-1.020871814608924
390,1,1,1.0,1,1,64.0,0,False,False,False,False,True,False,False,False,0,0.0,-1.020871814608924
391,0,0,0.0,0,0,61.0,1,False,False,False,False,True,False,False,False,1,1.0,0.9795549114881584
392,1,1,1.0,1,1,40.0,1,False,True,True,False,False,False,False,True,1,1.0,0.9795549114881584
393,0,1,1.0,0,0,26.0,0,True,False,False,False,False,True,False,False,0,0.0,-1.020871814608924
394,0,1,1.0,1,1,8.0,0,True,False,True,False,False,False,False,True,0,0.0,-1.020871814608924
395,0,0,0.0,1,1,24.0,1,False,False,False,True,False,True,True,False,1,1.0,0.9795549114881584
396,1,1,1.0,1,1,29.0,0,True,False,True,False,False,False,True,False,0,0.0,-1.020871814608924
397,1,1,1.0,1,0,71.0,1,True,False,False,False,False,True,True,False,1,1.0,0.9795549114881584
398,0,1,1.0,0,0,50.0,1,False,True,False,True,True,False,False,True,1,1.0,0.9795549114881584
399,0,0,0.0,0,1,37.0,0,False,True,False,False,False,False,False,False,0,0.0,-1.020871814608924
400,0,0,0.0,0,0,59.0,1,False,True,True,False,False,False,False,False,1,1.0,0.9795549114881584
401,0,1,1.0,0,1,55.0,0,True,False,False,True,False,False,False,True,0,0.0,-1.020871814608924
402,0,1,0.0,0,0,67.0,0,False,False,True,False,False,True,False,True,0,0.0,-1.020871814608924
403,1,1,1.0,1,0,60.0,1,False,False,False,False,False,True,False,True,1,1.0,0.9795549114881584
404,0,0,1.0,0,1,2.0,0,True,False,False,False,False,False,True,False,0,0.0,-1.020871814608924
405,1,1,0.0,1,0,42.0,0,False,True,False,False,False,False,True,False,0,0.0,-1.020871814608924
406,1,1,0.0,0,0,29.0,0,True,False,False,True,False,True,True,False,0,0.0,-1.020871814608924
407,1,0,0.0,1,0,60.0,1,False,False,True,False,True,False,False,False,1,1.0,0.9795549114881584
408,1,1,0.0,0,1,15.0,1,False,False,True,False,True,False,False,False,1,1.0,0.9795549114881584
409,0,1,1.0,1,0,53.0,1,False,False,False,False,False,False,False,False,1,1.0,0.9795549114881584
410,0,1,1.0,1,0,21.0,1,False,True,False,False,False,True,False,True,1,1.0,0.9795549114881584
411,0,1,1.0,1,1,64.0,1,False,True,False,True,False,False,False,False,1,1.0,0.9795549114881584
412,1,0,0.0,1,0,47.0,0,False,True,False,True,False,False,False,False,0,0.0,-1.020871814608924
413,1,1,1.0,0,1,31.0,1,False,True,False,False,False,True,False,True,1,1.0,0.9795549114881584
414,0,0,0.0,0,1,10.0,0,False,True,False,True,False,True,False,True,0,0.0,-1.020871814608924
415,1,1,1.0,1,1,66.0,0,True,False,True,False,False,True,False,True,0,0.0,-1.020871814608924
416,0,0,1.0,0,0,69.0,1,False,True,False,False,False,True,False,True,1,1.0,0.9795549114881584
417,1,1,1.0,0,0,70.0,1,True,False,True,False,False,False,False,True,1,1.0,0.9795549114881584
418,0,1,0.0,0,0,65.0,1,False,True,False,True,True,False,True,False,1,1.0,0.9795549114881584
419,0,0,1.0,0,1,36.0,0,True,False,False,False,False,True,False,False,0,0.0,-1.020871814608924
420,1,0,1.0,1,1,71.0,0,True,False,False,True,True,False,True,False,0,0.0,-1.020871814608924
421,1,0,1.0,0,0,60.0,1,False,False,False,True,False,True,False,True,1,1.0,0.9795549114881584
422,0,0,1.0,0,0,48.0,1,False,False,False,False,True,False,False,False,1,1.0,0.9795549114881584
423,0,1,0.0,1,0,53.0,1,False,False,False,True,True,False,False,False,1,1.0,0.9795549114881584
424,0,1,0.0,0,0,49.0,0,True,False,True,False,True,False,False,False,0,0.0,-1.020871814608924
425,0,0,0.0,1,1,19.0,1,True,False,False,False,True,False,False,False,1,1.0,0.9795549114881584
426,1,0,1.0,1,1,1.0,1,False,True,False,True,False,False,False,True,1,1.0,0.9795549114881584
427,0,1,0.0,1,0,23.0,0,False,True,True,False,False,True,True,False,0,0.0,-1.020871814608924
428,0,1,0.0,0,1,66.0,1,False,True,True,False,False,True,False,False,1,1.0,0.9795549114881584
429,0,0,0.0,0,0,9.0,1,False,True,False,False,True,False,False,True,1,1.0,0.9795549114881584
430,1,0,0.0,0,1,66.0,0,False,True,False,True,False,True,False,True,0,0.0,-1.020871814608924
431,0,1,0.0,0,1,72.0,1,False,True,True,False,False,True,False,False,1,1.0,0.9795549114881584
432,1,0,0.0,1,0,64.0,1,False,False,True,False,True,False,False,False,1,1.0,0.9795549114881584
433,0,1,0.0,0,1,29.0,0,True,False,True,False,False,True,True,False,0,0.0,-1.020871814608924
434,0,1,1.0,1,0,16.0,0,True,False,True,False,False,True,False,True,0,0.0,-1.020871814608924
435,0,1,0.0,0,1,2.0,1,True,False,True,False,False,True,False,True,1,1.0,0.9795549114881584
436,0,0,0.0,1,1,61.0,1,True,False,True,False,False,True,True,False,1,1.0,0.9795549114881584
437,0,0,0.0,1,0,41.0,0,True,False,True,False,False,True,False,False,0,0.0,-1.020871814608924
438,0,0,0.0,0,1,26.0,0,False,True,False,False,False,False,False,True,0,0.0,-1.020871814608924
439,0,1,0.0,1,0,27.0,1,False,True,False,False,False,False,False,True,1,1.0,0.9795549114881584
440,1,0,1.0,0,1,11.0,1,False,False,False,False,False,True,False,False,1,1.0,0.9795549114881584
441,1,1,0.0,0,1,8.0,0,True,False,False,False,True,False,False,False,0,0.0,-1.020871814608924
442,0,1,0.0,1,1,12.0,0,False,True,False,False,True,False,False,True,0,0.0,-1.020871814608924
443,1,0,0.0,1,1,47.0,0,True,False,False,False,False,True,False,True,0,0.0,-1.020871814608924
444,1,1,1.0,0,0,14.0,1,False,True,True,False,False,False,False,False,1,1.0,0.9795549114881584
445,0,1,0.0,0,0,52.0,1,False,False,True,False,True,False,False,True,1,1.0,0.9795549114881584
446,1,1,1.0,0,1,43.0,1,False,True,False,False,False,True,True,False,1,1.0,0.9795549114881584
447,1,0,1.0,1,0,71.0,0,False,True,True,False,False,False,True,False,0,0.0,-1.020871814608924
448,1,0,1.0,1,0,55.0,0,False,True,False,False,True,False,True,False,0,0.0,-1.020871814608924
449,1,1,1.0,0,1,14.0,0,True,False,True,False,False,True,True,False,0,0.0,-1.020871814608924
450,0,1,0.0,0,1,14.0,0,True,False,True,False,True,False,True,False,0,0.0,-1.020871814608924
451,1,0,0.0,0,0,32.0,1,True,False,True,False,False,True,False,True,1,1.0,0.9795549114881584
452,0,1,0.0,0,0,45.0,0,True,False,False,True,True,False,True,False,0,0.0,-1.020871814608924
453,0,0,1.0,1,0,24.0,1,False,False,False,True,False,True,False,True,1,1.0,0.9795549114881584
454,1,0,1.0,1,0,44.0,0,False,True,False,False,True,False,False,False,0,0.0,-1.020871814608924
455,1,0,1.0,1,1,18.0,1,True,False,False,True,False,False,True,False,1,1.0,0.9795549114881584
456,0,1,0.0,0,0,2.0,1,False,False,False,False,False,False,False,True,1,1.0,0.9795549114881584
457,0,1,0.0,0,0,71.0,1,True,False,False,True,True,False,False,True,1,1.0,0.9795549114881584
458,0,0,1.0,0,1,28.0,0,True,False,False,True,False,False,False,False,0,0.0,-1.020871814608924
459,0,1,1.0,1,0,16.0,0,False,True,True,False,False,False,False,True,0,0.0,-1.020871814608924
460,1,1,1.0,1,0,68.0,0,True,False,False,False,False,False,True,False,0,0.0,-1.020871814608924
461,1,1,0.0,0,0,36.0,1,True,False,False,True,False,True,True,False,1,1.0,0.9795549114881584
462,1,0,1.0,0,1,42.0,0,False,True,False,False,True,False,False,True,0,0.0,-1.020871814608924
463,1,0,0.0,0,0,57.0,0,True,False,True,False,True,False,False,False,0,0.0,-1.020871814608924
464,0,0,1.0,1,0,70.0,1,False,True,True,False,False,True,False,False,1,1.0,0.9795549114881584
465,1,1,0.0,0,0,4.0,0,True,False,False,False,False,True,False,False,0,0.0,-1.020871814608924
466,1,0,0.0,0,0,46.0,1,False,False,False,False,False,False,False,False,1,1.0,0.9795549114881584
467,1,0,1.0,0,0,69.0,1,False,False,False,True,False,False,False,False,1,1.0,0.9795549114881584
468,1,0,0.0,1,0,43.0,0,False,False,True,False,False,True,False,False,0,0.0,-1.020871814608924
469,1,1,1.0,0,1,19.0,0,False,False,False,False,False,False,True,False,0,0.0,-1.020871814608924
470,0,1,0.0,0,0,21.0,0,True,False,False,True,False,False,True,False,0,0.0,-1.020871814608924
471,1,0,0.0,1,0,15.0,0,True,False,True,False,True,False,False,True,0,0.0,-1.020871814608924
472,1,1,1.0,0,1,19.0,1,True,False,False,True,False,False,False,True,1,1.0,0.9795549114881584
473,0,1,0.0,0,0,32.0,0,False,True,True,False,False,True,False,False,0,0.0,-1.020871814608924
474,1,1,1.0,1,0,14.0,1,False,True,True,False,False,True,True,False,1,1.0,0.9795549114881584
475,0,0,0.0,0,0,11.0,1,False,False,True,False,False,True,False,True,1,1.0,0.9795549114881584
476,1,1,1.0,0,0,60.0,0,True,False,False,False,False,True,False,False,0,0.0,-1.020871814608924
477,0,1,1.0,1,0,68.0,0,False,False,False,False,True,False,False,True,0,0.0,-1.020871814608924
478,0,0,1.0,0,1,32.0,0,True,False,False,False,True,False,True,False,0,0.0,-1.020871814608924
479,1,0,0.0,1,1,71.0,0,False,False,True,False,False,True,False,True,0,0.0,-1.020871814608924
480,1,0,1.0,0,0,66.0,0,True,False,False,False,True,False,False,True,0,0.0,-1.020871814608924
481,0,0,1.0,0,0,10.0,1,False,True,False,False,False,True,False,True,1,1.0,0.9795549114881584
482,0,0,0.0,0,0,42.0,0,False,False,False,False,False,True,False,False,0,0.0,-1.020871814608924
483,1,0,1.0,1,0,4.0,1,False,True,False,True,False,False,True,False,1,1.0,0.9795549114881584
484,0,0,0.0,0,0,23.0,1,False,True,True,False,False,True,True,False,1,1.0,0.9795549114881584
485,1,0,1.0,1,1,31.0,1,False,True,True,False,False,False,True,False,1,1.0,0.9795549114881584
486,0,0,1.0,0,1,8.0,0,True,False,False,False,False,True,False,False,0,0.0,-1.020871814608924
487,0,1,1.0,1,0,46.0,0,False,True,True,False,False,False,False,True,0,0.0,-1.020871814608924
488,1,1,0.0,1,0,61.0,1,True,False,False,False,True,False,False,False,1,1.0,0.9795549114881584
489,1,1,1.0,0,0,16.0,1,False,True,False,False,False,True,False,True,1,1.0,0.9795549114881584
490,1,1,0.0,0,0,51.0,1,False,True,False,False,False,True,False,False,1,1.0,0.9795549114881584
491,1,1,1.0,1,1,53.0,0,True,False,False,False,False,False,True,False,0,0.0,-1.020871814608924
492,1,0,0.0,1,0,14.0,0,False,False,False,True,True,False,True,False,0,0.0,-1.020871814608924
493,0,0,1.0,1,0,28.0,1,False,True,False,True,False,True,False,True,1,1.0,0.9795549114881584
494,1,1,1.0,1,0,68.0,1,True,False,False,True,False,False,False,True,1,1.0,0.9795549114881584
495,0,0,0.0,0,0,44.0,1,True,False,True,False,True,False,False,True,1,1.0,0.9795549114881584
496,1,1,0.0,1,0,13.0,0,True,False,False,False,True,False,False,False,0,0.0,-1.020871814608924
497,1,1,1.0,0,1,3.0,1,True,False,False,False,False,True,False,True,1,1.0,0.9795549114881584
498,1,1,1.0,0,1,42.0,1,False,False,False,False,False,True,False,False,1,1.0,0.9795549114881584
499,0,0,0.0,1,0,41.0,0,True,False,True,False,False,True,False,True,0,0.0,-1.020871814608924
500,0,1,1.0,0,1,25.0,1,True,False,True,False,True,False,False,True,1,1.0,0.9795549114881584
501,0,0,0.0,0,1,5.0,0,True,False,True,False,True,False,True,False,0,0.0,-1.020871814608924
502,1,0,0.0,1,0,15.0,1,False,False,False,False,False,False,False,True,1,1.0,0.9795549114881584
503,1,0,1.0,1,1,39.0,0,True,False,False,True,False,True,False,True,0,0.0,-1.020871814608924
504,1,1,1.0,0,0,38.0,0,False,True,False,False,False,True,False,False,0,0.0,-1.020871814608924
505,1,1,1.0,1,1,39.0,0,False,True,True,False,False,True,False,True,0,0.0,-1.020871814608924
506,1,1,0.0,1,1,31.0,1,False,False,True,False,False,True,True,False,1,1.0,0.9795549114881584
507,0,0,0.0,0,0,10.0,1,False,True,False,False,True,False,False,True,1,1.0,0.9795549114881584
508,1,1,1.0,1,0,67.0,1,False,False,True,False,True,False,False,True,1,1.0,0.9795549114881584
509,0,0,0.0,1,0,71.0,0,False,True,True,False,True,False,False,False,0,0.0,-1.020871814608924
510,1,0,1.0,0,0,29.0,1,False,False,False,False,False,False,True,False,1,1.0,0.9795549114881584
511,1,1,1.0,1,0,29.0,0,True,False,False,False,True,False,True,False,0,0.0,-1.020871814608924
512,0,1,0.0,0,1,1.0,1,False,False,False,False,False,True,True,False,1,1.0,0.9795549114881584
513,0,0,1.0,0,0,34.0,0,False,False,True,False,True,False,False,True,0,0.0,-1.020871814608924
514,0,1,0.0,0,0,14.0,1,False,False,False,True,False,False,True,False,1,1.0,0.9795549114881584
515,0,1,1.0,1,1,36.0,0,False,False,True,False,False,True,False,False,0,0.0,-1.020871814608924
516,0,0,0.0,0,0,29.0,0,False,True,False,False,False,False,False,True,0,0.0,-1.020871814608924
517,1,1,1.0,1,0,61.0,0,False,False,False,True,False,True,True,False,0,0.0,-1.020871814608924
518,1,1,1.0,1,0,31.0,1,True,False,False,False,True,False,True,False,1,1.0,0.9795549114881584
519,0,1,1.0,1,1,4.0,0,True,False,False,True,False,True,False,False,0,0.0,-1.020871814608924
520,1,1,1.0,1,1,66.0,1,False,True,True,False,False,True,False,False,1,1.0,0.9795549114881584
521,1,0,1.0,1,1,48.0,0,True,False,False,True,False,False,False,True,0,0.0,-1.020871814608924
522,0,1,1.0,1,0,16.0,1,False,True,False,False,False,False,True,False,1,1.0,0.9795549114881584
523,0,0,0.0,0,1,30.0,1,True,False,False,False,False,True,False,False,1,1.0,0.9795549114881584
524,1,0,1.0,1,0,14.0,1,False,True,True,False,False,True,True,False,1,1.0,0.9795549114881584
525,0,0,0.0,1,0,34.0,1,False,True,False,False,False,True,True,False,1,1.0,0.9795549114881584
526,0,0,0.0,0,1,29.0,0,True,False,True,False,False,False,False,False,0,0.0,-1.020871814608924
527,0,0,1.0,0,0,66.0,1,False,True,True,False,True,False,False,True,1,1.0,0.9795549114881584
528,1,1,1.0,1,1,15.0,1,False,False,False,True,False,False,False,False,1,1.0,0.9795549114881584
529,0,0,1.0,0,1,20.0,0,False,True,False,False,True,False,True,False,0,0.0,-1.020871814608924
530,1,0,0.0,0,1,61.0,0,False,True,False,True,False,False,True,False,0,0.0,-1.020871814608924
531,0,1,0.0,0,0,2.0,1,True,False,False,False,False,False,False,True,1,1.0,0.9795549114881584
532,0,0,1.0,0,1,17.0,1,True,False,False,False,False,True,False,False,1,1.0,0.9795549114881584
533,0,0,0.0,0,0,50.0,0,False,True,False,True,False,True,True,False,0,0.0,-1.020871814608924
534,0,0,0.0,1,0,61.0,1,False,False,False,True,False,False,False,False,1,1.0,0.9795549114881584
535,1,1,1.0,0,0,5.0,0,False,False,False,True,False,False,False,True,0,0.0,-1.020871814608924
536,1,0,0.0,1,1,28.0,1,False,True,False,False,False,True,True,False,1,1.0,0.9795549114881584
537,1,1,1.0,1,0,52.0,0,False,True,False,True,False,True,False,True,0,0.0,-1.020871814608924
538,1,1,1.0,0,1,21.0,0,False,True,False,False,False,False,True,False,0,0.0,-1.020871814608924
539,1,0,0.0,0,1,49.0,1,False,True,True,False,True,False,False,True,1,1.0,0.9795549114881584
540,0,1,0.0,0,0,22.0,1,False,False,False,False,False,True,False,False,1,1.0,0.9795549114881584
541,1,1,0.0,1,0,69.0,0,False,False,False,False,False,True,True,False,0,0.0,-1.020871814608924
542,0,0,0.0,1,1,64.0,1,True,False,False,False,False,True,False,False,1,1.0,0.9795549114881584
543,1,1,0.0,1,1,31.0,0,True,False,False,False,False,True,False,False,0,0.0,-1.020871814608924
544,1,1,1.0,0,0,61.0,1,False,True,False,True,True,False,True,False,1,1.0,0.9795549114881584
545,1,1,1.0,0,1,17.0,0,True,False,False,False,False,False,False,False,0,0.0,-1.020871814608924
546,0,1,0.0,0,1,9.0,0,False,True,False,False,False,True,False,False,0,0.0,-1.020871814608924
547,1,0,1.0,1,1,42.0,1,False,False,False,True,False,False,True,False,1,1.0,0.9795549114881584
548,0,0,1.0,1,0,41.0,1,False,True,False,True,False,True,False,True,1,1.0,0.9795549114881584
549,0,0,0.0,0,0,57.0,0,True,False,False,False,False,True,True,False,0,0.0,-1.020871814608924
550,1,1,1.0,1,0,42.0,0,False,False,False,False,False,True,False,False,0,0.0,-1.020871814608924
551,0,1,0.0,1,1,56.0,0,False,True,False,False,False,True,True,False,0,0.0,-1.020871814608924
552,0,1,0.0,1,0,8.0,1,False,True,True,False,False,False,False,True,1,1.0,0.9795549114881584
553,0,1,0.0,1,0,54.0,1,False,True,True,False,True,False,True,False,1,1.0,0.9795549114881584
554,1,0,1.0,0,1,59.0,0,True,False,True,False,True,False,False,False,0,0.0,-1.020871814608924
555,1,1,0.0,1,1,24.0,1,True,False,False,False,True,False,False,False,1,1.0,0.9795549114881584
556,0,0,1.0,1,1,28.0,1,True,False,False,False,False,False,True,False,1,1.0,0.9795549114881584
557,0,1,1.0,1,1,37.0,0,False,False,False,True,True,False,False,True,0,0.0,-1.020871814608924
558,0,1,1.0,0,1,33.0,1,False,True,True,False,False,True,False,False,1,1.0,0.9795549114881584
559,0,1,0.0,1,1,28.0,1,False,False,True,False,False,True,False,True,1,1.0,0.9795549114881584
560,1,0,0.0,0,1,15.0,0,False,False,False,True,False,False,False,False,0,0.0,-1.020871814608924
561,1,0,1.0,0,1,1.0,1,False,False,True,False,True,False,False,True,1,1.0,0.9795549114881584
562,1,0,1.0,0,0,50.0,0,False,False,False,False,False,False,False,False,0,0.0,-1.020871814608924
563,1,1,0.0,1,1,35.0,0,False,False,False,False,True,False,False,False,0,0.0,-1.020871814608924
564,1,1,1.0,1,0,24.0,0,False,True,False,False,False,True,True,False,0,0.0,-1.020871814608924
565,1,1,1.0,1,1,4.0,1,False,False,False,True,False,True,False,False,1,1.0,0.9795549114881584
566,1,0,0.0,0,1,41.0,0,False,False,True,False,False,False,True,False,0,0.0,-1.020871814608924
567,1,0,0.0,0,1,60.0,0,True,False,False,True,False,True,False,True,0,0.0,-1.020871814608924
568,1,1,1.0,0,1,47.0,1,False,True,False,True,False,True,False,True,1,1.0,0.9795549114881584
569,1,1,1.0,1,0,61.0,0,False,False,True,False,False,True,False,True,0,0.0,-1.020871814608924
570,0,0,0.0,1,1,48.0,1,False,False,True,False,False,True,False,True,1,1.0,0.9795549114881584
571,0,1,1.0,1,1,3.0,0,True,False,True,False,False,True,False,True,0,0.0,-1.020871814608924
572,0,1,0.0,0,1,19.0,0,True,False,True,False,False,False,False,True,0,0.0,-1.020871814608924
573,1,0,0.0,0,0,39.0,0,False,False,False,True,False,False,False,True,0,0.0,-1.020871814608924
574,0,0,0.0,0,1,36.0,1,False,False,False,True,True,False,True,False,1,1.0,0.9795549114881584
575,0,1,0.0,0,1,60.0,1,True,False,True,False,True,False,False,True,1,1.0,0.9795549114881584
576,1,0,1.0,0,0,56.0,0,True,False,False,True,True,False,False,False,0,0.0,-1.020871814608924
577,1,1,1.0,1,0,16.0,1,True,False,False,True,True,False,False,True,1,1.0,0.9795549114881584
578,1,0,0.0,0,0,30.0,1,True,False,False,True,False,False,True,False,1,1.0,0.9795549114881584
579,1,1,1.0,0,1,44.0,0,True,False,False,True,False,True,True,False,0,0.0,-1.020871814608924
580,1,0,0.0,1,0,51.0,0,True,False,False,True,False,False,False,True,0,0.0,-1.020871814608924
581,1,0,0.0,0,0,40.0,0,False,False,False,True,False,True,True,False,0,0.0,-1.020871814608924
582,0,1,0.0,0,0,12.0,1,False,True,False,True,False,False,False,False,1,1.0,0.9795549114881584
583,0,1,1.0,0,1,50.0,0,True,False,True,False,False,True,True,False,0,0.0,-1.020871814608924
584,0,0,1.0,0,0,4.0,0,False,False,False,True,False,True,False,False,0,0.0,-1.020871814608924
585,1,0,0.0,0,0,3.0,0,True,False,False,False,False,True,True,False,0,0.0,-1.020871814608924
586,0,0,0.0,0,1,41.0,0,False,False,False,False,True,False,False,False,0,0.0,-1.020871814608924
587,1,1,0.0,0,0,68.0,0,True,False,False,False,False,False,False,False,0,0.0,-1.020871814608924
588,1,0,0.0,1,0,26.0,1,False,True,False,True,True,False,False,True,1,1.0,0.9795549114881584
589,0,0,0.0,1,0,4.0,1,True,False,False,False,False,False,False,False,1,1.0,0.9795549114881584
590,0,1,0.0,0,1,57.0,1,False,False,False,False,False,False,False,False,1,1.0,0.9795549114881584
591,1,1,0.0,0,1,23.0,0,False,True,False,True,True,False,True,False,0,0.0,-1.020871814608924
592,1,1,1.0,1,0,23.0,0,False,True,False,False,False,False,False,True,0,0.0,-1.020871814608924
593,1,0,1.0,1,1,21.0,1,False,False,False,True,True,False,True,False,1,1.0,0.9795549114881584
594,0,0,0.0,0,1,15.0,1,True,False,False,False,False,False,False,True,1,1.0,0.9795549114881584
595,0,0,0.0,0,1,28.0,1,False,True,False,True,False,True,True,False,1,1.0,0.9795549114881584
596,1,1,1.0,1,0,47.0,0,False,False,False,True,True,False,True,False,0,0.0,-1.020871814608924
597,0,1,0.0,1,1,60.0,0,False,True,False,True,False,False,False,False,0,0.0,-1.020871814608924
598,0,1,0.0,0,1,72.0,1,False,True,True,False,True,False,False,True,1,1.0,0.9795549114881584
599,0,0,1.0,1,1,43.0,1,False,False,False,False,False,True,False,True,1,1.0,0.9795549114881584
600,1,0,1.0,0,1,69.0,0,False,True,True,False,False,True,True,False,0,0.0,-1.020871814608924
601,0,0,1.0,0,1,46.0,1,True,False,False,True,False,False,False,False,1,1.0,0.9795549114881584
602,0,0,0.0,0,0,35.0,1,False,False,False,True,False,False,True,False,1,1.0,0.9795549114881584
603,0,0,0.0,0,1,38.0,0,False,True,True,False,False,True,False,True,0,0.0,-1.020871814608924
604,0,0,1.0,1,0,46.0,1,True,False,True,False,False,False,False,True,1,1.0,0.9795549114881584
605,1,0,1.0,0,0,25.0,1,False,True,False,True,True,False,False,True,1,1.0,0.9795549114881584
606,0,1,0.0,1,1,14.0,1,False,True,False,False,False,False,False,True,1,1.0,0.9795549114881584
607,0,1,1.0,1,1,56.0,0,True,False,False,True,False,True,True,False,0,0.0,-1.020871814608924
608,0,1,1.0,1,0,26.0,0,False,False,False,True,False,False,False,False,0,0.0,-1.020871814608924
609,1,1,0.0,1,0,49.0,0,True,False,False,True,True,False,False,False,0,0.0,-1.020871814608924
610,0,1,0.0,1,1,27.0,1,False,True,False,False,False,True,False,True,1,1.0,0.9795549114881584
611,0,1,0.0,0,1,2.0,1,False,True,True,False,True,False,False,True,1,1.0,0.9795549114881584
612,1,0,0.0,1,1,4.0,1,True,False,True,False,False,False,True,False,1,1.0,0.9795549114881584
613,0,1,0.0,1,0,14.0,1,False,True,False,False,False,True,False,True,1,1.0,0.9795549114881584
614,1,1,1.0,1,0,66.0,0,False,False,False,False,True,False,True,False,0,0.0,-1.020871814608924
615,0,0,1.0,0,1,31.0,0,False,True,False,True,False,False,False,False,0,0.0,-1.020871814608924
616,0,1,1.0,1,0,58.0,0,False,True,False,True,False,True,True,False,0,0.0,-1.020871814608924
617,1,0,0.0,0,1,53.0,1,True,False,True,False,True,False,False,True,1,1.0,0.9795549114881584
618,0,0,0.0,0,1,63.0,1,False,True,True,False,False,False,True,False,1,1.0,0.9795549114881584
619,1,1,0.0,0,1,68.0,0,False,True,False,True,False,False,False,True,0,0.0,-1.020871814608924
620,1,0,0.0,0,1,40.0,0,False,False,False,True,False,True,False,True,0,0.0,-1.020871814608924
621,0,1,0.0,1,1,30.0,1,False,True,True,False,False,False,True,False,1,1.0,0.9795549114881584
622,1,1,1.0,1,1,26.0,0,False,True,False,False,True,False,False,True,0,0.0,-1.020871814608924
623,0,1,1.0,0,1,24.0,0,False,False,True,False,True,False,False,True,0,0.0,-1.020871814608924
624,0,0,0.0,1,0,39.0,1,False,True,False,False,True,False,True,False,1,1.0,0.9795549114881584
625,1,1,1.0,1,1,44.0,0,True,False,False,True,True,False,False,False,0,0.0,-1.020871814608924
626,0,1,1.0,0,1,16.0,1,True,False,True,False,True,False,True,False,1,1.0,0.9795549114881584
627,1,0,0.0,0,1,15.0,1,False,False,False,False,True,False,False,False,1,1.0,0.9795549114881584
628,1,0,1.0,0,0,4.0,0,False,False,False,True,True,False,False,False,0,0.0,-1.020871814608924
629,0,0,1.0,1,1,24.0,0,False,True,True,False,True,False,True,False,0,0.0,-1.020871814608924
630,0,1,1.0,0,1,3.0,1,False,True,False,False,False,False,False,False,1,1.0,0.9795549114881584
631,1,1,1.0,1,1,54.0,0,False,False,False,False,False,True,False,False,0,0.0,-1.020871814608924
632,1,1,0.0,0,0,40.0,1,True,False,False,False,False,True,False,True,1,1.0,0.9795549114881584
633,1,0,0.0,0,1,25.0,1,False,False,False,False,False,True,False,False,1,1.0,0.9795549114881584
634,0,0,1.0,0,0,64.0,0,False,False,True,False,True,False,False,False,0,0.0,-1.020871814608924
635,1,0,1.0,0,1,44.0,0,False,True,True,False,False,False,False,False,0,0.0,-1.020871814608924
636,0,1,0.0,1,0,40.0,1,False,True,False,False,False,True,True,False,1,1.0,0.9795549114881584
637,0,0,1.0,0,0,45.0,1,False,False,True,False,True,False,False,False,1,1.0,0.9795549114881584
638,0,0,0.0,1,0,41.0,0,False,True,False,False,True,False,False,True,0,0.0,-1.020871814608924
639,1,1,1.0,1,0,37.0,1,False,True,False,False,False,False,True,False,1,1.0,0.9795549114881584
640,0,1,0.0,1,0,41.0,0,True,False,True,False,False,True,True,False,0,0.0,-1.020871814608924
641,1,1,0.0,1,1,40.0,1,False,True,False,True,True,False,True,False,1,1.0,0.9795549114881584
642,1,0,1.0,1,1,5.0,0,True,False,True,False,True,False,True,False,0,0.0,-1.020871814608924
643,0,1,1.0,1,1,8.0,0,False,False,False,False,True,False,True,False,0,0.0,-1.020871814608924
644,1,0,0.0,1,1,54.0,0,False,False,False,True,False,True,False,False,0,0.0,-1.020871814608924
645,1,0,0.0,0,0,19.0,0,True,False,False,True,True,False,False,False,0,0.0,-1.020871814608924
646,1,0,1.0,1,0,33.0,0,False,True,False,False,False,True,True,False,0,0.0,-1.020871814608924
647,0,0,0.0,0,0,65.0,0,True,False,True,False,False,True,False,True,0,0.0,-1.020871814608924
648,0,1,0.0,0,0,72.0,1,False,True,True,False,True,False,False,False,1,1.0,0.9795549114881584
649,0,1,0.0,1,0,6.0,0,False,False,True,False,False,True,True,False,0,0.0,-1.020871814608924
650,0,0,1.0,0,0,1.0,1,True,False,True,False,True,False,True,False,1,1.0,0.9795549114881584
651,0,0,1.0,0,1,70.0,0,False,False,False,True,True,False,False,True,0,0.0,-1.020871814608924
652,0,0,0.0,0,1,3.0,1,True,False,False,False,False,False,True,False,1,1.0,0.9795549114881584
653,1,0,0.0,0,0,7.0,1,False,False,False,False,True,False,True,False,1,1.0,0.9795549114881584
654,0,1,0.0,0,1,41.0,1,False,False,False,True,False,True,False,True,1,1.0,0.9795549114881584
655,1,1,1.0,1,0,46.0,0,True,False,False,False,False,True,False,False,0,0.0,-1.020871814608924
656,1,0,0.0,0,1,57.0,0,True,False,False,False,True,False,True,False,0,0.0,-1.020871814608924
657,1,0,0.0,1,1,50.0,0,True,False,False,False,True,False,True,False,0,0.0,-1.020871814608924
658,1,1,0.0,0,0,12.0,0,False,True,True,False,False,False,False,True,0,0.0,-1.020871814608924
659,1,1,0.0,0,1,22.0,0,False,False,False,True,True,False,False,True,0,0.0,-1.020871814608924
660,1,1,1.0,0,1,1.0,1,False,False,False,True,True,False,True,False,1,1.0,0.9795549114881584
661,1,1,1.0,0,1,13.0,0,False,False,False,False,False,False,False,True,0,0.0,-1.020871814608924
662,1,1,1.0,0,1,23.0,0,False,True,True,False,False,False,False,False,0,0.0,-1.020871814608924
663,0,1,0.0,0,1,4.0,1,False,True,False,True,False,False,True,False,1,1.0,0.9795549114881584
664,0,1,0.0,1,0,23.0,0,True,False,False,False,False,False,False,True,0,0.0,-1.020871814608924
665,1,0,1.0,0,0,22.0,1,False,True,False,True,True,False,True,False,1,1.0,0.9795549114881584
666,0,1,0.0,1,1,62.0,0,True,False,False,True,False,True,False,False,0,0.0,-1.020871814608924
667,0,0,0.0,0,0,1.0,0,True,False,True,False,False,True,False,True,0,0.0,-1.020871814608924
668,1,0,0.0,1,0,48.0,0,False,True,False,True,False,False,False,False,0,0.0,-1.020871814608924
669,0,1,1.0,1,1,21.0,0,False,True,True,False,True,False,False,True,0,0.0,-1.020871814608924
670,0,0,1.0,1,1,19.0,1,True,False,False,False,False,True,False,False,1,1.0,0.9795549114881584
671,0,1,0.0,0,1,63.0,1,False,False,True,False,True,False,False,True,1,1.0,0.9795549114881584
672,0,1,0.0,1,0,34.0,0,True,False,False,False,False,True,False,True,0,0.0,-1.020871814608924
673,0,1,0.0,0,1,20.0,1,False,False,False,False,False,False,False,True,1,1.0,0.9795549114881584
674,1,0,1.0,1,1,61.0,0,False,False,False,True,False,False,False,False,0,0.0,-1.020871814608924
675,0,0,0.0,1,0,12.0,1,False,False,False,True,True,False,False,True,1,1.0,0.9795549114881584
676,1,1,1.0,0,1,36.0,1,False,False,False,False,True,False,False,True,1,1.0,0.9795549114881584
677,1,1,0.0,0,0,64.0,0,False,False,False,False,False,False,True,False,0,0.0,-1.020871814608924
678,1,1,0.0,1,1,31.0,0,True,False,True,False,False,False,False,False,0,0.0,-1.020871814608924
679,0,0,1.0,0,0,55.0,0,True,False,False,False,False,True,False,False,0,0.0,-1.020871814608924
680,0,1,1.0,1,0,52.0,1,True,False,True,False,False,True,False,False,1,1.0,0.9795549114881584
681,0,1,1.0,0,1,54.0,0,False,False,True,False,False,True,False,False,0,0.0,-1.020871814608924
682,1,1,1.0,0,0,53.0,1,False,True,False,True,True,False,False,False,1,1.0,0.9795549114881584
683,0,0,0.0,0,0,64.0,0,False,True,True,False,False,False,False,False,0,0.0,-1.020871814608924
684,0,1,1.0,1,1,4.0,0,False,True,False,False,False,True,True,False,0,0.0,-1.020871814608924
685,1,0,0.0,1,0,8.0,1,False,False,False,False,False,True,False,False,1,1.0,0.9795549114881584
686,0,1,1.0,1,1,67.0,0,False,False,False,True,True,False,True,False,0,0.0,-1.020871814608924
687,1,1,1.0,0,0,21.0,0,False,False,False,True,True,False,False,False,0,0.0,-1.020871814608924
688,1,0,1.0,1,0,44.0,1,True,False,False,False,False,True,False,False,1,1.0,0.9795549114881584
689,1,1,1.0,1,1,6.0,0,False,False,False,False,False,False,False,True,0,0.0,-1.020871814608924
690,0,0,0.0,0,0,56.0,1,False,True,False,True,False,False,False,True,1,1.0,0.9795549114881584
691,1,0,1.0,0,0,14.0,1,False,False,True,False,True,False,False,True,1,1.0,0.9795549114881584
692,0,1,1.0,0,1,12.0,0,False,True,True,False,False,False,False,True,0,0.0,-1.020871814608924
693,0,1,1.0,0,0,27.0,0,False,True,True,False,True,False,False,False,0,0.0,-1.020871814608924
694,0,1,1.0,0,0,17.0,0,False,True,False,True,True,False,True,False,0,0.0,-1.020871814608924
695,1,0,0.0,0,1,17.0,1,True,False,False,True,True,False,False,True,1,1.0,0.9795549114881584
696,0,1,1.0,0,1,11.0,1,False,False,False,False,False,True,True,False,1,1.0,0.9795549114881584
697,1,1,1.0,1,1,32.0,0,False,False,True,False,True,False,False,False,0,0.0,-1.020871814608924
698,1,0,0.0,1,0,3.0,0,True,False,False,True,False,False,False,True,0,0.0,-1.020871814608924
699,0,1,0.0,1,1,39.0,1,False,True,False,False,False,False,True,False,1,1.0,0.9795549114881584
700,0,0,0.0,0,1,15.0,0,False,True,True,False,False,False,False,True,0,0.0,-1.020871814608924
701,1,0,0.0,0,0,18.0,0,False,False,True,False,True,False,False,False,0,0.0,-1.020871814608924
702,1,1,0.0,1,0,69.0,0,True,False,True,False,False,False,True,False,0,0.0,-1.020871814608924
703,0,1,0.0,1,0,11.0,0,True,False,False,True,False,False,True,False,0,0.0,-1.020871814608924
704,1,0,1.0,0,1,56.0,0,True,False,True,False,False,False,True,False,0,0.0,-1.020871814608924
705,0,0,0.0,1,0,12.0,1,False,False,False,True,True,False,False,False,1,1.0,0.9795549114881584
706,0,1,1.0,0,0,27.0,0,False,False,True,False,True,False,True,False,0,0.0,-1.020871814608924
707,0,0,0.0,0,1,31.0,1,False,True,False,False,False,False,False,True,1,1.0,0.9795549114881584
708,0,1,1.0,0,1,27.0,0,False,True,False,False,False,False,False,False,0,0.0,-1.020871814608924
709,0,0,0.0,0,1,32.0,1,False,False,False,False,False,True,True,False,1,1.0,0.9795549114881584
710,1,1,1.0,1,0,17.0,1,False,True,False,True,True,False,True,False,1,1.0,0.9795549114881584
711,1,1,0.0,1,1,11.0,0,True,False,False,True,True,False,False,True,0,0.0,-1.020871814608924
712,1,0,1.0,0,1,1.0,0,False,False,False,False,False,True,False,False,0,0.0,-1.020871814608924
713,1,0,0.0,0,0,41.0,1,True,False,False,False,False,False,False,True,1,1.0,0.9795549114881584
714,1,0,0.0,1,0,16.0,1,True,False,False,False,True,False,False,True,1,1.0,0.9795549114881584
715,1,0,0.0,0,0,64.0,1,False,True,False,True,True,False,False,True,1,1.0,0.9795549114881584
716,1,1,0.0,1,0,32.0,0,False,True,True,False,True,False,True,False,0,0.0,-1.020871814608924
717,1,1,1.0,0,0,39.0,1,True,False,True,False,False,False,True,False,1,1.0,0.9795549114881584
718,0,1,1.0,1,0,11.0,0,False,True,True,False,True,False,True,False,0,0.0,-1.020871814608924
719,0,0,1.0,0,0,43.0,1,True,False,True,False,False,False,True,False,1,1.0,0.9795549114881584
720,0,0,0.0,1,1,62.0,0,False,False,False,True,False,True,False,False,0,0.0,-1.020871814608924
721,1,1,1.0,0,0,69.0,1,True,False,False,True,False,True,False,False,1,1.0,0.9795549114881584
722,1,1,1.0,0,1,20.0,0,False,False,True,False,False,True,False,False,0,0.0,-1.020871814608924
723,1,0,1.0,1,0,32.0,0,False,True,False,False,False,False,False,True,0,0.0,-1.020871814608924
724,1,0,1.0,1,1,33.0,1,False,True,True,False,False,False,False,True,1,1.0,0.9795549114881584
725,0,0,1.0,0,1,70.0,1,False,True,True,False,False,False,True,False,1,1.0,0.9795549114881584
726,1,1,0.0,0,1,65.0,0,True,False,False,True,False,True,False,False,0,0.0,-1.020871814608924
727,1,1,0.0,1,0,14.0,1,False,True,False,True,False,True,True,False,1,1.0,0.9795549114881584
728,1,1,1.0,1,0,56.0,0,False,True,False,True,False,True,False,False,0,0.0,-1.020871814608924
729,1,0,1.0,0,0,49.0,1,False,False,False,True,True,False,True,False,1,1.0,0.9795549114881584
730,1,0,0.0,1,1,36.0,1,False,False,False,False,False,False,False,True,1,1.0,0.9795549114881584
731,0,1,1.0,0,1,71.0,1,True,False,False,True,True,False,False,True,1,1.0,0.9795549114881584
732,1,1,1.0,0,1,28.0,1,False,True,False,False,False,False,False,False,1,1.0,0.9795549114881584
733,1,1,0.0,1,0,57.0,1,True,False,False,True,False,False,False,False,1,1.0,0.9795549114881584
734,0,1,0.0,0,0,19.0,1,False,False,False,True,True,False,False,False,1,1.0,0.9795549114881584
735,1,0,0.0,1,0,62.0,0,True,False,False,True,True,False,False,True,0,0.0,-1.020871814608924
736,1,1,0.0,1,0,12.0,1,True,False,True,False,False,True,False,False,1,1.0,0.9795549114881584
737,0,0,1.0,1,0,14.0,1,True,False,True,False,False,True,True,False,1,1.0,0.9795549114881584
738,1,0,1.0,1,1,27.0,1,False,False,True,False,True,False,False,False,1,1.0,0.9795549114881584
739,1,0,0.0,0,1,43.0,1,True,False,False,False,False,False,True,False,1,1.0,0.9795549114881584
740,0,0,0.0,1,0,35.0,1,True,False,True,False,True,False,True,False,1,1.0,0.9795549114881584
741,1,0,1.0,1,1,19.0,1,False,False,False,True,False,False,True,False,1,1.0,0.9795549114881584
742,0,0,1.0,1,0,39.0,0,False,False,False,True,True,False,True,False,0,0.0,-1.020871814608924
743,0,1,0.0,0,0,58.0,1,False,False,False,False,False,True,False,False,1,1.0,0.9795549114881584
744,1,1,0.0,1,1,42.0,1,False,False,True,False,True,False,True,False,1,1.0,0.9795549114881584
745,1,1,1.0,1,0,69.0,1,False,False,True,False,False,False,True,False,1,1.0,0.9795549114881584
746,0,1,1.0,1,0,20.0,1,True,False,False,False,False,True,False,False,1,1.0,0.9795549114881584
747,1,0,0.0,1,0,51.0,1,True,False,False,True,False,True,False,True,1,1.0,0.9795549114881584
748,0,0,1.0,0,0,11.0,0,False,False,False,True,False,True,True,False,0,0.0,-1.020871814608924
749,0,1,0.0,1,0,57.0,0,False,False,True,False,False,True,True,False,0,0.0,-1.020871814608924
750,0,0,0.0,0,1,3.0,1,False,True,False,False,False,False,True,False,1,1.0,0.9795549114881584
751,0,1,1.0,0,1,3.0,0,True,False,False,True,False,False,False,False,0,0.0,-1.020871814608924
752,1,1,1.0,0,0,32.0,1,False,False,False,False,False,False,True,False,1,1.0,0.9795549114881584
753,1,1,1.0,1,1,48.0,1,False,False,False,False,False,False,True,False,1,1.0,0.9795549114881584
754,1,1,0.0,0,0,30.0,1,False,True,False,False,True,False,True,False,1,1.0,0.9795549114881584
755,1,0,0.0,1,0,70.0,1,False,False,True,False,False,False,False,True,1,1.0,0.9795549114881584
756,1,0,1.0,1,1,15.0,1,False,True,False,True,True,False,False,True,1,1.0,0.9795549114881584
757,0,0,0.0,0,1,57.0,1,False,True,False,False,False,True,False,True,1,1.0,0.9795549114881584
758,1,0,0.0,1,1,44.0,0,False,True,False,True,False,False,False,False,0,0.0,-1.020871814608924
759,1,0,1.0,0,1,24.0,1,False,False,True,False,False,False,True,False,1,1.0,0.9795549114881584
760,0,0,1.0,0,0,11.0,1,True,False,True,False,True,False,True,False,1,1.0,0.9795549114881584
761,1,0,1.0,1,1,1.0,0,False,True,True,False,False,False,False,False,0,0.0,-1.020871814608924
762,1,1,1.0,1,1,28.0,0,True,False,False,True,True,False,True,False,0,0.0,-1.020871814608924
763,1,1,1.0,0,0,22.0,1,False,True,True,False,False,False,False,True,1,1.0,0.9795549114881584
764,0,0,0.0,0,0,29.0,0,False,True,False,False,False,False,False,True,0,0.0,-1.020871814608924
765,1,0,0.0,0,1,69.0,0,True,False,True,False,True,False,True,False,0,0.0,-1.020871814608924
766,0,1,1.0,0,0,39.0,0,True,False,False,False,True,False,True,False,0,0.0,-1.020871814608924
767,1,0,1.0,1,1,40.0,0,False,False,False,True,False,True,False,False,0,0.0,-1.020871814608924
768,1,0,0.0,1,0,2.0,0,False,False,False,True,False,True,False,True,0,0.0,-1.020871814608924
769,0,0,1.0,0,1,27.0,1,True,False,False,False,False,False,False,True,1,1.0,0.9795549114881584
770,1,1,0.0,0,1,7.0,1,False,True,True,False,False,False,False,True,1,1.0,0.9795549114881584
771,1,1,0.0,1,0,61.0,1,False,True,False,False,True,False,True,False,1,1.0,0.9795549114881584
772,1,1,1.0,1,0,52.0,1,False,True,False,False,True,False,False,True,1,1.0,0.9795549114881584
773,0,1,1.0,0,0,12.0,0,False,False,True,False,False,False,False,False,0,0.0,-1.020871814608924
774,0,1,0.0,1,0,51.0,1,False,True,True,False,False,True,False,False,1,1.0,0.9795549114881584
775,1,1,0.0,1,1,55.0,1,False,True,True,False,False,False,False,False,1,1.0,0.9795549114881584
776,0,1,1.0,0,0,36.0,0,True,False,True,False,False,False,True,False,0,0.0,-1.020871814608924
777,0,1,1.0,0,1,51.0,0,True,False,False,True,True,False,False,False,0,0.0,-1.020871814608924
778,0,1,0.0,0,0,61.0,1,False,False,True,False,True,False,True,False,1,1.0,0.9795549114881584
779,0,0,1.0,1,0,48.0,0,False,True,False,False,False,False,False,True,0,0.0,-1.020871814608924
780,1,1,1.0,0,0,70.0,1,False,True,False,True,False,True,False,False,1,1.0,0.9795549114881584
781,1,0,0.0,1,1,10.0,0,False,False,False,True,True,False,False,True,0,0.0,-1.020871814608924
782,0,0,0.0,1,1,57.0,1,False,True,False,False,False,False,True,False,1,1.0,0.9795549114881584
783,0,1,1.0,1,1,61.0,0,False,False,False,False,False,False,False,False,0,0.0,-1.020871814608924
784,0,1,1.0,1,0,63.0,0,False,False,False,True,True,False,False,False,0,0.0,-1.020871814608924
785,1,0,1.0,1,0,23.0,1,True,False,True,False,False,True,False,False,1,1.0,0.9795549114881584
786,1,0,1.0,1,0,30.0,1,False,True,True,False,False,False,True,False,1,1.0,0.9795549114881584
787,1,1,0.0,1,0,67.0,1,True,False,True,False,True,False,False,True,1,1.0,0.9795549114881584
788,1,0,1.0,0,1,44.0,0,False,False,True,False,True,False,True,False,0,0.0,-1.020871814608924
789,1,0,1.0,0,1,35.0,0,True,False,False,False,False,True,False,False,0,0.0,-1.020871814608924
790,1,1,0.0,1,1,17.0,1,False,True,True,False,False,False,True,False,1,1.0,0.9795549114881584
791,1,0,0.0,1,0,54.0,0,True,False,False,True,True,False,False,False,0,0.0,-1.020871814608924
792,1,1,0.0,0,0,44.0,1,False,True,False,True,False,False,False,True,1,1.0,0.9795549114881584
793,0,0,1.0,0,0,2.0,0,False,True,False,True,False,True,True,False,0,0.0,-1.020871814608924
794,1,0,0.0,1,1,70.0,0,False,True,False,False,False,True,True,False,0,0.0,-1.020871814608924
795,1,1,0.0,0,1,1.0,1,False,True,True,False,False,False,False,False,1,1.0,0.9795549114881584
796,0,1,0.0,1,0,69.0,1,False,True,False,False,False,True,True,False,1,1.0,0.9795549114881584
797,0,0,0.0,0,0,14.0,1,False,True,False,True,True,False,False,False,1,1.0,0.9795549114881584
798,0,0,1.0,0,1,36.0,1,True,False,False,True,True,False,False,False,1,1.0,0.9795549114881584
799,0,0,1.0,0,0,50.0,1,True,False,False,True,False,False,False,True,1,1.0,0.9795549114881584
800,0,0,0.0,1,0,3.0,0,False,False,False,True,False,True,True,False,0,0.0,-1.020871814608924
801,0,1,0.0,0,0,40.0,0,True,False,True,False,False,False,True,False,0,0.0,-1.020871814608924
802,1,0,0.0,1,0,18.0,0,False,True,False,True,False,False,False,False,0,0.0,-1.020871814608924
803,1,1,0.0,1,0,11.0,0,False,True,False,False,False,False,True,False,0,0.0,-1.020871814608924
804,0,0,1.0,0,0,39.0,0,True,False,True,False,True,False,True,False,0,0.0,-1.020871814608924
805,1,0,1.0,0,0,5.0,0,False,False,False,True,False,False,False,False,0,0.0,-1.020871814608924
806,0,0,0.0,0,1,36.0,0,False,False,True,False,False,True,False,True,0,0.0,-1.020871814608924
807,1,0,1.0,1,1,68.0,1,False,True,False,True,False,True,True,False,1,1.0,0.9795549114881584
808,0,0,0.0,0,0,5.0,1,True,False,True,False,False,False,False,True,1,1.0,0.9795549114881584
809,0,1,1.0,0,1,30.0,1,False,False,False,False,False,False,False,True,1,1.0,0.9795549114881584
810,0,0,0.0,0,1,7.0,0,True,False,False,False,False,False,True,False,0,0.0,-1.020871814608924
811,1,0,1.0,1,0,34.0,0,True,False,False,True,False,True,False,True,0,0.0,-1.020871814608924
812,0,1,0.0,1,0,13.0,0,True,False,False,True,False,True,True,False,0,0.0,-1.020871814608924
813,1,0,1.0,0,0,42.0,1,False,False,False,False,False,False,True,False,1,1.0,0.9795549114881584
814,1,0,1.0,1,1,61.0,1,False,False,False,False,False,False,False,False,1,1.0,0.9795549114881584
815,0,1,0.0,0,0,10.0,1,False,False,False,False,True,False,False,False,1,1.0,0.9795549114881584
816,0,0,1.0,0,1,12.0,1,True,False,False,False,False,True,False,True,1,1.0,0.9795549114881584
817,0,1,0.0,1,1,65.0,0,False,True,False,True,True,False,False,False,0,0.0,-1.020871814608924
818,0,1,0.0,1,0,52.0,0,True,False,False,False,False,True,True,False,0,0.0,-1.020871814608924
819,1,1,1.0,0,1,61.0,0,False,False,True,False,False,True,False,True,0,0.0,-1.020871814608924
820,0,1,0.0,1,0,26.0,0,False,True,False,False,False,True,False,False,0,0.0,-1.020871814608924
821,0,0,1.0,1,1,26.0,1,False,False,False,False,True,False,False,False,1,1.0,0.9795549114881584
822,1,0,1.0,1,0,32.0,1,False,True,True,False,False,False,False,True,1,1.0,0.9795549114881584
823,1,1,1.0,0,1,41.0,1,True,False,True,False,False,False,False,False,1,1.0,0.9795549114881584
824,0,0,1.0,0,1,24.0,1,True,False,False,False,False,True,False,False,1,1.0,0.9795549114881584
825,0,1,1.0,1,1,13.0,1,False,True,False,False,False,False,False,True,1,1.0,0.9795549114881584
826,1,1,1.0,0,0,44.0,1,False,False,False,True,False,False,False,False,1,1.0,0.9795549114881584
827,0,1,0.0,1,0,30.0,1,True,False,False,True,False,True,True,False,1,1.0,0.9795549114881584
828,0,0,0.0,1,1,60.0,1,False,False,False,True,True,False,True,False,1,1.0,0.9795549114881584
829,0,0,1.0,1,1,24.0,1,False,True,False,False,True,False,False,False,1,1.0,0.9795549114881584
830,1,1,1.0,0,0,58.0,0,False,True,True,False,True,False,False,False,0,0.0,-1.020871814608924
831,1,1,1.0,0,1,28.0,0,False,True,False,False,True,False,True,False,0,0.0,-1.020871814608924
832,1,1,0.0,1,1,7.0,0,False,False,False,True,False,True,True,False,0,0.0,-1.020871814608924
833,0,0,0.0,1,0,37.0,0,False,False,False,True,True,False,False,True,0,0.0,-1.020871814608924
834,1,0,1.0,0,1,5.0,0,False,False,False,False,True,False,True,False,0,0.0,-1.020871814608924
835,0,0,1.0,0,1,29.0,0,False,False,True,False,False,True,False,False,0,0.0,-1.020871814608924
836,0,1,0.0,0,0,6.0,1,False,False,True,False,True,False,True,False,1,1.0,0.9795549114881584
837,0,1,1.0,0,1,33.0,0,True,False,True,False,False,False,False,False,0,0.0,-1.020871814608924
838,0,0,0.0,0,0,49.0,1,False,False,False,False,False,False,True,False,1,1.0,0.9795549114881584
839,0,1,1.0,1,1,26.0,0,True,False,True,False,False,False,False,False,0,0.0,-1.020871814608924
840,1,0,0.0,0,0,47.0,0,True,False,False,True,False,False,False,False,0,0.0,-1.020871814608924
841,1,0,1.0,1,0,55.0,1,True,False,False,False,True,False,False,True,1,1.0,0.9795549114881584
842,1,0,0.0,1,0,39.0,1,False,False,False,True,False,True,False,True,1,1.0,0.9795549114881584
843,0,0,0.0,1,1,10.0,0,False,False,False,False,True,False,False,True,0,0.0,-1.020871814608924
844,1,0,1.0,1,1,46.0,1,False,True,False,True,False,True,False,True,1,1.0,0.9795549114881584
845,0,1,1.0,0,1,13.0,1,False,True,False,True,True,False,True,False,1,1.0,0.9795549114881584
846,1,0,1.0,1,1,67.0,0,True,False,False,True,True,False,True,False,0,0.0,-1.020871814608924
847,0,0,1.0,1,0,65.0,0,True,False,False,False,False,True,True,False,0,0.0,-1.020871814608924
848,1,1,0.0,0,0,32.0,1,False,True,False,True,True,False,False,True,1,1.0,0.9795549114881584
849,1,0,1.0,0,1,61.0,0,False,True,True,False,False,True,False,True,0,0.0,-1.020871814608924
850,0,0,1.0,0,1,62.0,0,False,True,False,True,True,False,False,False,0,0.0,-1.020871814608924
851,0,1,1.0,0,1,69.0,1,False,True,False,True,True,False,True,False,1,1.0,0.9795549114881584
852,0,0,0.0,1,1,13.0,0,False,True,False,True,True,False,False,True,0,0.0,-1.020871814608924
853,1,1,0.0,1,1,30.0,0,False,False,True,False,False,True,False,True,0,0.0,-1.020871814608924
854,0,0,1.0,0,1,46.0,1,True,False,False,False,False,False,False,True,1,1.0,0.9795549114881584
855,0,0,0.0,1,1,1.0,0,True,False,False,False,False,False,False,False,0,0.0,-1.020871814608924
856,0,1,1.0,0,1,68.0,1,True,False,False,False,False,False,True,False,1,1.0,0.9795549114881584
857,0,1,1.0,1,1,12.0,1,False,True,False,True,False,False,True,False,1,1.0,0.9795549114881584
858,1,0,1.0,1,1,33.0,1,False,True,False,True,False,True,False,True,1,1.0,0.9795549114881584
859,0,0,1.0,0,1,32.0,0,False,False,True,False,False,True,False,True,0,0.0,-1.020871814608924
860,0,1,1.0,0,0,57.0,1,False,True,True,False,False,False,False,False,1,1.0,0.9795549114881584
861,1,0,0.0,0,0,56.0,1,True,False,False,False,True,False,True,False,1,1.0,0.9795549114881584
862,1,0,0.0,0,1,24.0,1,False,True,False,True,False,True,False,False,1,1.0,0.9795549114881584
863,0,0,1.0,1,0,67.0,1,True,False,False,False,False,False,False,False,1,1.0,0.9795549114881584
864,1,1,1.0,1,0,39.0,1,False,False,False,True,False,False,True,False,1,1.0,0.9795549114881584
865,1,1,0.0,1,0,59.0,1,True,False,False,True,False,False,False,True,1,1.0,0.9795549114881584
866,1,0,0.0,0,1,48.0,1,False,True,False,True,True,False,False,False,1,1.0,0.9795549114881584
867,0,1,1.0,1,0,9.0,1,False,True,False,False,False,True,False,True,1,1.0,0.9795549114881584
868,0,0,1.0,0,0,61.0,0,True,False,False,True,True,False,False,False,0,0.0,-1.020871814608924
869,1,0,0.0,1,0,63.0,0,True,False,False,True,True,False,False,False,0,0.0,-1.020871814608924
870,0,0,1.0,1,0,63.0,0,True,False,False,True,False,True,False,True,0,0.0,-1.020871814608924
871,0,1,1.0,0,0,36.0,1,False,False,False,True,True,False,False,False,1,1.0,0.9795549114881584
872,0,1,0.0,1,0,37.0,1,False,True,True,False,False,False,True,False,1,1.0,0.9795549114881584
873,0,0,0.0,1,0,38.0,1,False,False,False,True,True,False,False,True,1,1.0,0.9795549114881584
874,0,0,1.0,0,0,25.0,0,False,False,True,False,False,False,True,False,0,0.0,-1.020871814608924
875,0,0,0.0,1,0,13.0,0,False,True,False,True,True,False,True,False,0,0.0,-1.020871814608924
876,1,0,1.0,0,1,38.0,0,False,True,False,True,False,False,False,False,0,0.0,-1.020871814608924
877,1,0,0.0,1,0,20.0,0,True,False,False,True,False,True,False,True,0,0.0,-1.020871814608924
878,0,0,1.0,0,0,24.0,1,True,False,True,False,False,False,False,True,1,1.0,0.9795549114881584
879,1,1,1.0,1,0,60.0,0,False,True,False,True,False,False,True,False,0,0.0,-1.020871814608924
880,0,0,1.0,1,1,57.0,0,True,False,False,False,True,False,True,False,0,0.0,-1.020871814608924
881,0,0,1.0,1,0,67.0,1,True,False,True,False,True,False,False,True,1,1.0,0.9795549114881584
882,1,1,1.0,1,1,22.0,1,False,True,True,False,False,False,True,False,1,1.0,0.9795549114881584
883,1,0,0.0,0,1,42.0,1,False,True,False,True,False,True,False,True,1,1.0,0.9795549114881584
884,0,1,0.0,0,1,21.0,1,False,False,True,False,False,True,False,True,1,1.0,0.9795549114881584
885,1,0,1.0,0,0,16.0,0,False,False,False,True,False,False,True,False,0,0.0,-1.020871814608924
886,1,0,1.0,0,1,61.0,0,False,True,True,False,True,False,False,False,0,0.0,-1.020871814608924
887,0,0,1.0,0,1,64.0,0,False,True,False,False,False,False,True,False,0,0.0,-1.020871814608924
888,0,0,0.0,1,0,36.0,1,False,True,True,False,True,False,True,False,1,1.0,0.9795549114881584
889,0,1,0.0,1,0,57.0,1,True,False,False,False,True,False,True,False,1,1.0,0.9795549114881584
890,0,0,0.0,0,0,59.0,1,False,True,False,True,False,True,False,True,1,1.0,0.9795549114881584
891,1,0,0.0,1,1,69.0,0,False,False,True,False,False,False,True,False,0,0.0,-1.020871814608924
892,0,0,0.0,1,1,18.0,0,False,False,False,False,False,False,True,False,0,0.0,-1.020871814608924
893,0,0,1.0,1,1,71.0,1,False,False,False,False,True,False,False,True,1,1.0,0.9795549114881584
894,0,1,0.0,1,0,47.0,1,True,False,True,False,True,False,False,True,1,1.0,0.9795549114881584
895,0,0,0.0,1,1,48.0,0,True,False,False,True,False,True,False,True,0,0.0,-1.020871814608924
896,0,1,1.0,1,0,14.0,1,True,False,True,False,False,True,True,False,1,1.0,0.9795549114881584
897,1,0,1.0,0,1,65.0,1,False,True,False,True,True,False,True,False,1,1.0,0.9795549114881584
898,1,1,0.0,1,1,70.0,0,True,False,True,False,False,False,False,False,0,0.0,-1.020871814608924
899,1,0,1.0,0,1,59.0,1,False,True,False,False,False,False,True,False,1,1.0,0.9795549114881584
900,0,1,0.0,0,0,3.0,1,True,False,False,False,False,True,False,False,1,1.0,0.9795549114881584
901,0,0,0.0,1,1,52.0,1,False,False,False,True,True,False,False,False,1,1.0,0.9795549114881584
902,1,1,1.0,0,0,53.0,0,False,True,True,False,True,False,False,False,0,0.0,-1.020871814608924
903,1,1,1.0,1,1,44.0,0,True,False,True,False,True,False,False,True,0,0.0,-1.020871814608924
904,1,0,1.0,0,0,29.0,1,False,False,False,False,True,False,False,True,1,1.0,0.9795549114881584
905,0,1,0.0,0,0,63.0,1,False,False,False,False,False,True,True,False,1,1.0,0.9795549114881584
906,0,1,1.0,0,0,13.0,0,False,False,False,False,False,False,True,False,0,0.0,-1.020871814608924
907,0,0,0.0,0,0,13.0,1,False,False,False,False,False,True,False,True,1,1.0,0.9795549114881584
908,1,1,1.0,0,0,64.0,1,False,True,True,False,True,False,False,True,1,1.0,0.9795549114881584
909,1,1,1.0,0,0,31.0,0,True,False,False,True,False,True,False,True,0,0.0,-1.020871814608924
910,1,0,1.0,1,0,42.0,1,False,False,False,True,False,True,True,False,1,1.0,0.9795549114881584
911,1,1,0.0,1,1,64.0,1,False,False,False,False,False,False,True,False,1,1.0,0.9795549114881584
912,0,0,1.0,1,0,9.0,1,False,False,True,False,True,False,False,False,1,1.0,0.9795549114881584
913,1,0,0.0,0,0,63.0,0,False,True,True,False,False,True,False,False,0,0.0,-1.020871814608924
914,1,0,1.0,1,1,20.0,0,True,False,True,False,False,True,True,False,0,0.0,-1.020871814608924
915,0,1,0.0,0,1,42.0,0,False,True,False,True,False,False,False,True,0,0.0,-1.020871814608924
916,0,0,1.0,1,0,33.0,1,False,True,False,False,True,False,False,True,1,1.0,0.9795549114881584
917,0,0,1.0,0,1,57.0,1,False,True,True,False,False,True,False,True,1,1.0,0.9795549114881584
918,0,1,0.0,1,1,52.0,1,False,True,True,False,False,True,False,True,1,1.0,0.9795549114881584
919,0,0,1.0,0,0,9.0,1,False,False,True,False,False,True,False,True,1,1.0,0.9795549114881584
920,0,1,1.0,1,0,34.0,1,True,False,True,False,False,False,False,True,1,1.0,0.9795549114881584
921,1,0,0.0,1,0,20.0,1,False,False,False,True,False,True,False,False,1,1.0,0.9795549114881584
922,0,0,1.0,1,1,4.0,1,False,True,False,True,False,True,False,False,1,1.0,0.9795549114881584
923,0,1,0.0,0,0,10.0,1,False,True,False,False,True,False,False,True,1,1.0,0.9795549114881584
924,0,0,0.0,0,1,15.0,1,False,True,False,True,False,False,False,False,1,1.0,0.9795549114881584
925,1,1,1.0,1,1,18.0,1,True,False,True,False,True,False,False,False,1,1.0,0.9795549114881584
926,1,0,0.0,0,0,20.0,0,False,False,True,False,True,False,False,True,0,0.0,-1.020871814608924
927,0,0,0.0,1,1,51.0,1,True,False,False,True,True,False,True,False,1,1.0,0.9795549114881584
928,1,0,0.0,0,0,67.0,1,True,False,False,True,False,True,False,True,1,1.0,0.9795549114881584
929,0,1,0.0,0,0,9.0,0,False,False,False,True,False,False,False,True,0,0.0,-1.020871814608924
930,0,0,0.0,0,1,57.0,1,True,False,True,False,False,True,False,False,1,1.0,0.9795549114881584
931,1,0,0.0,1,0,60.0,0,False,True,False,True,False,False,False,False,0,0.0,-1.020871814608924
932,1,0,0.0,1,1,46.0,1,True,False,False,True,False,False,True,False,1,1.0,0.9795549114881584
933,1,0,0.0,0,0,5.0,0,True,False,True,False,True,False,False,True,0,0.0,-1.020871814608924
934,1,1,0.0,1,0,44.0,0,True,False,False,False,False,False,False,False,0,0.0,-1.020871814608924
935,1,1,1.0,1,1,29.0,1,False,False,True,False,False,False,False,False,1,1.0,0.9795549114881584
936,1,1,0.0,1,0,62.0,0,False,True,False,True,False,True,True,False,0,0.0,-1.020871814608924
937,1,1,1.0,0,0,16.0,1,True,False,False,False,False,False,True,False,1,1.0,0.9795549114881584
938,0,0,0.0,0,0,37.0,1,False,False,False,False,False,False,False,True,1,1.0,0.9795549114881584
939,0,1,0.0,1,1,28.0,1,False,True,False,False,False,True,False,False,1,1.0,0.9795549114881584
940,1,1,0.0,1,0,9.0,1,True,False,False,True,True,False,True,False,1,1.0,0.9795549114881584
941,0,1,1.0,0,0,18.0,0,False,True,False,True,False,False,False,True,0,0.0,-1.020871814608924
942,1,1,1.0,1,1,56.0,1,False,False,False,True,False,True,False,False,1,1.0,0.9795549114881584
943,1,0,1.0,1,0,58.0,1,True,False,False,True,True,False,True,False,1,1.0,0.9795549114881584
944,0,0,0.0,1,0,8.0,1,False,True,True,False,False,False,False,False,1,1.0,0.9795549114881584
945,1,0,1.0,1,0,27.0,0,False,False,False,False,True,False,True,False,0,0.0,-1.020871814608924
946,1,0,1.0,1,1,45.0,1,False,True,True,False,False,True,False,True,1,1.0,0.9795549114881584
947,0,0,1.0,1,1,13.0,1,True,False,False,True,True,False,True,False,1,1.0,0.9795549114881584
948,1,1,1.0,1,0,22.0,1,False,False,False,True,False,False,False,True,1,1.0,0.9795549114881584
949,1,1,1.0,1,0,67.0,0,False,True,False,False,False,False,True,False,0,0.0,-1.020871814608924
950,1,0,1.0,1,1,71.0,0,True,False,True,False,False,True,False,True,0,0.0,-1.020871814608924
951,0,1,0.0,1,1,39.0,1,False,False,True,False,True,False,False,False,1,1.0,0.9795549114881584
952,1,1,1.0,0,1,41.0,1,False,False,True,False,False,True,False,False,1,1.0,0.9795549114881584
953,1,1,1.0,1,0,31.0,0,False,True,True,False,False,False,False,True,0,0.0,-1.020871814608924
954,1,0,1.0,1,1,49.0,0,False,False,False,False,False,False,False,False,0,0.0,-1.020871814608924
955,0,0,1.0,0,0,13.0,0,True,False,False,True,False,False,False,False,0,0.0,-1.020871814608924
956,0,1,0.0,0,0,19.0,1,False,False,False,True,False,False,False,True,1,1.0,0.9795549114881584
957,1,0,1.0,0,0,2.0,0,True,False,True,False,True,False,False,True,0,0.0,-1.020871814608924
958,1,0,0.0,1,1,20.0,0,True,False,True,False,True,False,False,False,0,0.0,-1.020871814608924
959,1,1,1.0,1,1,21.0,0,False,True,False,False,False,False,False,False,0,0.0,-1.020871814608924
960,1,1,0.0,1,0,60.0,0,False,False,True,False,False,False,True,False,0,0.0,-1.020871814608924
961,1,1,1.0,1,1,31.0,1,False,False,False,True,True,False,True,False,1,1.0,0.9795549114881584
962,0,1,1.0,1,1,37.0,0,True,False,False,False,True,False,False,True,0,0.0,-1.020871814608924
963,0,1,1.0,1,1,60.0,0,False,True,True,False,False,False,True,False,0,0.0,-1.020871814608924
964,1,1,1.0,1,1,61.0,0,False,False,False,False,False,False,False,True,0,0.0,-1.020871814608924
965,1,1,0.0,0,0,67.0,0,True,False,True,False,False,True,False,False,0,0.0,-1.020871814608924
966,0,1,1.0,1,1,29.0,0,True,False,False,False,False,True,False,False,0,0.0,-1.020871814608924
967,1,0,1.0,1,0,71.0,0,False,True,True,False,False,False,False,False,0,0.0,-1.020871814608924
968,0,1,0.0,0,0,42.0,0,True,False,True,False,False,True,False,True,0,0.0,-1.020871814608924
969,1,0,1.0,1,1,30.0,0,False,True,False,False,False,False,True,False,0,0.0,-1.020871814608924
970,0,1,0.0,1,1,58.0,1,False,False,False,True,False,True,True,False,1,1.0,0.9795549114881584
971,0,0,1.0,0,1,28.0,0,False,True,False,False,False,True,False,False,0,0.0,-1.020871814608924
972,1,1,1.0,1,0,38.0,0,False,False,False,False,False,False,False,False,0,0.0,-1.020871814608924
973,0,1,1.0,0,1,13.0,1,False,True,True,False,True,False,True,False,1,1.0,0.9795549114881584
974,1,0,0.0,0,1,35.0,0,True,False,True,False,False,False,False,False,0,0.0,-1.020871814608924
975,0,0,1.0,1,1,18.0,0,True,False,False,False,True,False,False,False,0,0.0,-1.020871814608924
976,1,1,0.0,1,1,58.0,1,True,False,False,True,False,True,False,True,1,1.0,0.9795549114881584
977,1,0,1.0,1,0,72.0,0,False,False,True,False,False,True,False,True,0,0.0,-1.020871814608924
978,1,0,0.0,0,1,5.0,1,False,False,True,False,True,False,False,True,1,1.0,0.9795549114881584
979,0,1,0.0,1,0,5.0,0,False,True,False,False,False,False,False,True,0,0.0,-1.020871814608924
980,1,0,1.0,0,0,25.0,1,False,True,True,False,False,True,True,False,1,1.0,0.9795549114881584
981,0,1,1.0,1,0,37.0,1,False,True,False,False,True,False,True,False,1,1.0,0.9795549114881584
982,1,0,0.0,1,1,67.0,0,True,False,False,False,False,True,False,False,0,0.0,-1.020871814608924
983,0,0,1.0,1,1,49.0,1,True,False,False,True,False,False,False,False,1,1.0,0.9795549114881584
984,0,0,1.0,0,1,68.0,0,True,False,False,False,False,False,True,False,0,0.0,-1.020871814608924
985,1,0,0.0,1,0,40.0,1,False,False,False,False,False,True,False,True,1,1.0,0.9795549114881584
986,0,0,0.0,1,0,72.0,0,False,False,False,True,False,True,True,False,0,0.0,-1.020871814608924
987,0,0,1.0,1,0,11.0,1,False,True,False,False,False,True,False,True,1,1.0,0.9795549114881584
988,0,1,0.0,0,0,65.0,1,False,False,False,False,False,False,True,False,1,1.0,0.9795549114881584
989,1,0,1.0,1,0,58.0,0,False,False,False,True,False,False,True,False,0,0.0,-1.020871814608924
990,0,0,1.0,0,1,13.0,0,False,True,False,True,False,False,True,False,0,0.0,-1.020871814608924
991,0,1,1.0,0,1,60.0,1,True,False,False,True,False,False,False,True,1,1.0,0.9795549114881584
992,0,0,0.0,0,0,49.0,1,True,False,False,True,False,True,False,True,1,1.0,0.9795549114881584
993,0,0,0.0,0,0,7.0,1,True,False,False,False,False,True,False,True,1,1.0,0.9795549114881584
994,0,1,0.0,0,0,23.0,0,False,True,True,False,True,False,True,False,0,0.0,-1.020871814608924
995,1,1,1.0,0,0,47.0,1,True,False,True,False,True,False,False,True,1,1.0,0.9795549114881584
996,0,0,1.0,1,1,23.0,0,False,False,True,False,False,False,False,False,0,0.0,-1.020871814608924
997,1,1,1.0,0,0,1.0,0,False,False,False,False,True,False,True,False,0,0.0,-1.020871814608924
998,0,0,0.0,1,1,54.0,1,False,True,False,True,False,False,False,True,1,1.0,0.9795549114881584
999,1,1,0.0,1,0,36.0,0,True,False,False,True,False,True,False,True,0,0.0,-1.020871814608924
1000,0,1,1.0,0,1,64.0,1,True,False,True,False,False,True,False,True,1,1.0,0.9795549114881584
1001,0,0,0.0,0,1,32.0,0,False,True,True,False,False,False,False,False,0,0.0,-1.020871814608924
1002,1,1,0.0,0,0,18.0,0,True,False,True,False,False,False,False,True,0,0.0,-1.020871814608924
1003,1,0,1.0,1,0,40.0,0,False,False,True,False,False,True,False,False,0,0.0,-1.020871814608924
1004,0,0,0.0,0,1,19.0,0,False,True,True,False,True,False,False,True,0,0.0,-1.020871814608924
1005,1,0,1.0,0,0,5.0,1,False,True,True,False,False,True,False,True,1,1.0,0.9795549114881584
1006,1,1,1.0,0,1,69.0,1,False,True,False,False,True,False,False,False,1,1.0,0.9795549114881584
1007,0,1,1.0,0,1,35.0,1,True,False,False,True,True,False,False,False,1,1.0,0.9795549114881584
1008,0,1,1.0,1,0,24.0,1,False,False,True,False,True,False,False,False,1,1.0,0.9795549114881584
1009,1,1,0.0,0,0,50.0,1,True,False,False,False,False,True,False,True,1,1.0,0.9795549114881584
1010,1,0,0.0,0,1,43.0,0,True,False,False,True,False,True,True,False,0,0.0,-1.020871814608924
1011,1,1,1.0,1,0,39.0,1,False,True,False,True,False,False,True,False,1,1.0,0.9795549114881584
1012,1,1,1.0,0,0,16.0,1,False,True,True,False,False,False,True,False,1,1.0,0.9795549114881584
1013,0,0,1.0,1,0,37.0,1,True,False,False,True,False,False,True,False,1,1.0,0.9795549114881584
1014,0,1,1.0,1,0,63.0,1,False,True,False,False,True,False,False,True,1,1.0,0.9795549114881584
1015,1,1,0.0,0,1,32.0,1,False,False,False,True,False,True,False,False,1,1.0,0.9795549114881584
1016,0,1,1.0,1,1,15.0,0,False,True,False,False,False,False,False,False,0,0.0,-1.020871814608924
1017,0,0,1.0,0,1,68.0,1,False,True,False,True,False,False,False,True,1,1.0,0.9795549114881584
1018,0,0,0.0,0,1,64.0,0,False,True,False,True,True,False,True,False,0,0.0,-1.020871814608924
1019,0,1,1.0,0,1,54.0,1,False,False,True,False,False,True,True,False,1,1.0,0.9795549114881584
1020,1,0,0.0,1,1,36.0,0,False,False,False,False,False,False,True,False,0,0.0,-1.020871814608924
1021,0,0,0.0,1,1,54.0,0,False,True,False,True,True,False,False,True,0,0.0,-1.020871814608924
1022,0,1,0.0,0,0,17.0,1,True,False,False,False,False,False,False,True,1,1.0,0.9795549114881584
1023,0,0,0.0,1,0,55.0,0,False,False,True,False,False,True,False,True,0,0.0,-1.020871814608924
1024,1,1,1.0,1,1,34.0,0,False,False,True,False,True,False,False,False,0,0.0,-1.020871814608924
1025,1,1,0.0,1,1,32.0,1,True,False,True,False,True,False,False,False,1,1.0,0.9795549114881584
1026,0,0,1.0,0,1,43.0,1,False,True,True,False,False,True,False,False,1,1.0,0.9795549114881584
1027,1,1,1.0,0,0,22.0,1,False,True,False,True,True,False,True,False,1,1.0,0.9795549114881584
1028,0,0,0.0,0,1,40.0,1,False,False,False,True,False,False,False,True,1,1.0,0.9795549114881584
1029,0,0,1.0,1,1,45.0,1,False,False,False,True,False,False,True,False,1,1.0,0.9795549114881584
1030,0,0,0.0,1,1,2.0,0,False,False,False,False,False,False,True,False,0,0.0,-1.020871814608924
1031,1,0,0.0,0,0,37.0,0,False,True,False,True,False,True,False,True,0,0.0,-1.020871814608924
1032,0,1,0.0,0,1,63.0,0,True,False,True,False,False,True,True,False,0,0.0,-1.020871814608924
1033,0,0,1.0,1,1,20.0,1,True,False,False,True,False,True,False,True,1,1.0,0.9795549114881584
1034,1,1,0.0,1,0,32.0,0,False,True,True,False,False,False,True,False,0,0.0,-1.020871814608924
1035,0,0,0.0,1,1,40.0,1,False,False,False,False,False,False,True,False,1,1.0,0.9795549114881584
1036,0,1,0.0,1,1,56.0,0,False,False,False,False,True,False,False,True,0,0.0,-1.020871814608924
1037,1,1,0.0,1,0,62.0,0,True,False,False,False,False,True,False,False,0,0.0,-1.020871814608924
1038,1,0,0.0,0,0,22.0,1,False,True,False,True,False,True,True,False,1,1.0,0.9795549114881584
1039,0,0,1.0,1,0,37.0,0,False,True,False,False,False,True,True,False,0,0.0,-1.020871814608924
1040,1,1,1.0,1,1,64.0,0,True,False,False,True,False,False,False,True,0,0.0,-1.020871814608924
1041,1,1,0.0,1,1,26.0,0,False,False,True,False,True,False,False,True,0,0.0,-1.020871814608924
1042,1,0,0.0,1,0,54.0,0,False,False,False,False,False,False,True,False,0,0.0,-1.020871814608924
1043,0,0,1.0,0,1,15.0,1,False,False,False,False,True,False,False,False,1,1.0,0.9795549114881584
1044,0,0,1.0,1,1,10.0,0,False,True,False,True,False,True,False,True,0,0.0,-1.020871814608924
1045,0,1,0.0,0,0,4.0,1,False,False,False,True,False,False,False,True,1,1.0,0.9795549114881584
1046,1,1,1.0,1,0,62.0,1,False,False,True,False,False,True,False,True,1,1.0,0.9795549114881584
1047,0,1,1.0,0,0,38.0,1,False,False,False,True,False,True,True,False,1,1.0,0.9795549114881584
1048,0,1,0.0,0,1,61.0,0,True,False,True,False,False,False,False,True,0,0.0,-1.020871814608924
1049,1,0,0.0,1,0,65.0,1,False,False,True,False,True,False,True,False,1,1.0,0.9795549114881584
1050,1,1,1.0,0,1,17.0,0,False,False,False,True,False,True,False,False,0,0.0,-1.020871814608924
1051,0,0,0.0,0,1,71.0,1,False,True,False,True,False,True,False,True,1,1.0,0.9795549114881584
1052,1,0,0.0,1,0,64.0,0,True,False,False,True,False,False,True,False,0,0.0,-1.020871814608924
1053,0,0,0.0,1,0,16.0,1,False,False,True,False,False,True,True,False,1,1.0,0.9795549114881584
1054,0,0,1.0,1,1,51.0,0,True,False,False,False,True,False,False,True,0,0.0,-1.020871814608924
1055,0,0,1.0,1,1,53.0,1,False,False,False,True,False,True,True,False,1,1.0,0.9795549114881584
1056,0,1,0.0,0,0,4.0,0,False,False,False,False,False,False,False,True,0,0.0,-1.020871814608924
1057,1,0,0.0,1,1,43.0,1,True,False,False,True,True,False,False,False,1,1.0,0.9795549114881584
1058,1,1,1.0,1,1,37.0,0,False,False,False,True,False,True,True,False,0,0.0,-1.020871814608924
1059,0,0,0.0,1,1,17.0,1,True,False,True,False,False,False,True,False,1,1.0,0.9795549114881584
1060,1,0,1.0,1,1,9.0,0,True,False,False,False,False,False,False,False,0,0.0,-1.020871814608924
1061,1,1,0.0,1,0,68.0,1,False,True,True,False,False,False,False,True,1,1.0,0.9795549114881584
1062,0,0,0.0,0,1,13.0,0,True,False,False,True,False,True,True,False,0,0.0,-1.020871814608924
1063,1,0,1.0,1,1,53.0,0,True,False,True,False,False,True,False,True,0,0.0,-1.020871814608924
1064,1,0,1.0,1,0,51.0,1,True,False,False,True,False,False,False,True,1,1.0,0.9795549114881584
1065,0,0,0.0,1,1,10.0,1,True,False,False,True,False,False,False,False,1,1.0,0.9795549114881584
1066,0,0,0.0,1,0,54.0,0,True,False,False,False,False,False,False,False,0,0.0,-1.020871814608924
1067,1,1,1.0,0,1,11.0,1,False,True,True,False,True,False,False,False,1,1.0,0.9795549114881584
1068,1,0,0.0,0,0,40.0,0,False,False,True,False,False,False,False,True,0,0.0,-1.020871814608924
1069,1,1,0.0,1,0,47.0,1,False,False,False,False,False,False,False,False,1,1.0,0.9795549114881584
1070,1,1,0.0,1,1,22.0,1,True,False,False,True,True,False,True,False,1,1.0,0.9795549114881584
1071,0,0,1.0,1,0,5.0,0,False,True,False,True,False,False,False,True,0,0.0,-1.020871814608924
1072,1,1,1.0,0,1,61.0,0,False,False,False,True,True,False,False,False,0,0.0,-1.020871814608924
1073,0,0,1.0,0,1,24.0,0,True,False,True,False,False,False,False,True,0,0.0,-1.020871814608924
1074,0,1,0.0,0,1,2.0,1,False,True,False,False,False,False,False,False,1,1.0,0.9795549114881584
1075,0,0,1.0,0,1,70.0,1,False,False,True,False,True,False,False,False,1,1.0,0.9795549114881584
1076,0,0,0.0,0,1,23.0,0,False,True,True,False,True,False,False,False,0,0.0,-1.020871814608924
1077,1,1,1.0,1,1,54.0,1,False,False,True,False,False,True,True,False,1,1.0,0.9795549114881584
1078,0,0,1.0,0,0,62.0,1,False,False,False,True,True,False,False,False,1,1.0,0.9795549114881584
1079,1,1,0.0,1,0,44.0,0,True,False,False,False,False,True,False,False,0,0.0,-1.020871814608924
1080,1,0,0.0,1,1,23.0,0,True,False,False,True,True,False,True,False,0,0.0,-1.020871814608924
1081,1,0,1.0,0,0,1.0,1,True,False,False,True,False,True,False,True,1,1.0,0.9795549114881584
1082,0,1,0.0,1,1,36.0,0,False,False,False,True,False,True,False,True,0,0.0,-1.020871814608924
1083,1,1,0.0,0,1,55.0,0,False,False,False,False,False,False,False,False,0,0.0,-1.020871814608924
1084,0,1,1.0,1,1,18.0,1,True,False,True,False,False,False,False,True,1,1.0,0.9795549114881584
1085,1,1,1.0,1,1,67.0,1,False,False,True,False,False,False,True,False,1,1.0,0.9795549114881584
1086,1,0,0.0,0,0,20.0,1,False,True,True,False,False,False,False,True,1,1.0,0.9795549114881584
1087,1,0,0.0,1,0,30.0,0,False,True,True,False,True,False,True,False,0,0.0,-1.020871814608924
1088,1,0,1.0,0,0,43.0,1,False,False,True,False,False,True,True,False,1,1.0,0.9795549114881584
1089,0,0,0.0,0,1,48.0,1,False,True,False,False,True,False,False,True,1,1.0,0.9795549114881584
1090,1,0,0.0,1,0,66.0,0,True,False,False,False,True,False,True,False,0,0.0,-1.020871814608924
1091,0,1,1.0,0,1,53.0,1,False,False,False,True,False,True,False,True,1,1.0,0.9795549114881584
1092,0,0,0.0,1,1,71.0,0,False,False,False,True,False,False,False,True,0,0.0,-1.020871814608924
1093,1,0,0.0,0,1,2.0,1,False,True,False,True,False,False,False,True,1,1.0,0.9795549114881584
1094,0,1,1.0,1,0,33.0,1,False,False,True,False,True,False,False,True,1,1.0,0.9795549114881584
1095,0,0,1.0,1,0,1.0,0,True,False,False,False,True,False,False,True,0,0.0,-1.020871814608924
1096,1,0,0.0,1,0,57.0,1,False,False,True,False,False,True,False,True,1,1.0,0.9795549114881584
1097,1,0,1.0,1,1,44.0,1,True,False,False,True,True,False,False,True,1,1.0,0.9795549114881584
1098,0,1,1.0,0,1,30.0,1,False,False,False,False,False,False,False,False,1,1.0,0.9795549114881584
1099,0,0,1.0,0,0,18.0,1,False,True,True,False,True,False,False,False,1,1.0,0.9795549114881584
1100,0,1,0.0,1,1,28.0,0,False,False,True,False,False,True,False,True,0,0.0,-1.020871814608924
1101,0,0,0.0,0,0,42.0,1,True,False,False,True,True,False,False,False,1,1.0,0.9795549114881584
1102,1,0,1.0,0,1,9.0,0,True,False,False,True,False,True,True,False,0,0.0,-1.020871814608924
1103,0,0,0.0,0,1,60.0,0,False,False,False,False,False,True,True,False,0,0.0,-1.020871814608924
1104,0,1,1.0,1,0,13.0,0,False,False,False,False,False,True,False,True,0,0.0,-1.020871814608924
1105,1,0,1.0,0,0,42.0,0,True,False,True,False,True,False,False,False,0,0.0,-1.020871814608924
1106,1,0,0.0,1,0,25.0,0,False,True,False,True,False,True,False,True,0,0.0,-1.020871814608924
1107,0,1,1.0,0,1,31.0,1,False,False,True,False,False,True,False,True,1,1.0,0.9795549114881584
1108,0,1,1.0,0,1,26.0,0,False,False,False,False,False,True,True,False,0,0.0,-1.020871814608924
1109,0,0,0.0,1,0,61.0,0,False,False,True,False,False,False,False,True,0,0.0,-1.020871814608924
1110,1,1,1.0,1,1,10.0,1,False,False,True,False,True,False,True,False,1,1.0,0.9795549114881584
1111,1,0,1.0,0,1,12.0,1,False,True,False,False,True,False,True,False,1,1.0,0.9795549114881584
1112,1,0,1.0,1,1,22.0,0,False,True,False,False,False,True,False,False,0,0.0,-1.020871814608924
1113,1,0,0.0,1,1,53.0,0,True,False,False,True,False,True,False,False,0,0.0,-1.020871814608924
1114,1,0,1.0,1,1,21.0,1,False,False,False,True,False,True,False,False,1,1.0,0.9795549114881584
1115,0,0,0.0,0,1,71.0,0,False,False,True,False,True,False,True,False,0,0.0,-1.020871814608924
1116,1,1,0.0,0,1,60.0,1,False,False,False,True,False,True,True,False,1,1.0,0.9795549114881584
1117,0,0,1.0,1,0,34.0,1,False,False,True,False,True,False,False,False,1,1.0,0.9795549114881584
1118,1,0,1.0,0,0,41.0,1,False,True,False,True,False,False,False,True,1,1.0,0.9795549114881584
1119,1,0,1.0,0,0,40.0,1,False,False,False,True,True,False,False,False,1,1.0,0.9795549114881584
1120,1,0,0.0,0,1,30.0,0,False,False,True,False,True,False,False,False,0,0.0,-1.020871814608924
1121,0,0,1.0,0,0,43.0,1,True,False,False,True,False,True,False,False,1,1.0,0.9795549114881584
1122,0,1,1.0,0,1,26.0,1,True,False,False,True,False,True,False,True,1,1.0,0.9795549114881584
1123,0,0,0.0,0,0,53.0,0,True,False,False,True,False,False,True,False,0,0.0,-1.020871814608924
1124,0,0,0.0,1,1,47.0,0,False,False,False,False,True,False,True,False,0,0.0,-1.020871814608924
1125,1,0,0.0,0,0,9.0,1,False,True,False,True,False,True,False,True,1,1.0,0.9795549114881584
1126,0,1,0.0,0,1,1.0,0,False,True,False,False,False,True,False,True,0,0.0,-1.020871814608924
1127,1,0,1.0,0,1,51.0,0,False,True,False,True,False,False,False,False,0,0.0,-1.020871814608924
1128,0,0,0.0,0,0,38.0,0,True,False,True,False,False,False,False,False,0,0.0,-1.020871814608924
1129,0,0,1.0,1,1,40.0,1,False,False,False,False,False,True,False,True,1,1.0,0.9795549114881584
1130,0,1,0.0,0,0,6.0,1,True,False,False,True,False,True,False,False,1,1.0,0.9795549114881584
1131,0,0,0.0,0,1,53.0,1,False,True,False,False,True,False,False,False,1,1.0,0.9795549114881584
1132,0,0,0.0,1,0,9.0,1,False,False,False,True,False,False,False,True,1,1.0,0.9795549114881584
1133,1,0,1.0,1,0,58.0,0,True,False,True,False,True,False,False,True,0,0.0,-1.020871814608924
1134,1,0,0.0,0,1,37.0,1,True,False,True,False,False,True,False,False,1,1.0,0.9795549114881584
1135,1,0,0.0,1,1,14.0,1,True,False,True,False,False,False,True,False,1,1.0,0.9795549114881584
1136,0,1,1.0,0,1,11.0,0,False,True,False,True,True,False,True,False,0,0.0,-1.020871814608924
1137,0,1,1.0,1,1,10.0,0,False,True,True,False,True,False,True,False,0,0.0,-1.020871814608924
1138,1,0,1.0,1,1,61.0,1,False,True,False,False,True,False,True,False,1,1.0,0.9795549114881584
1139,0,0,1.0,0,1,34.0,0,True,False,True,False,False,False,False,True,0,0.0,-1.020871814608924
1140,1,1,1.0,0,0,51.0,1,False,True,False,True,False,False,False,False,1,1.0,0.9795549114881584
1141,0,1,0.0,1,1,12.0,0,True,False,False,True,False,False,False,True,0,0.0,-1.020871814608924
1142,0,1,1.0,1,0,52.0,1,False,True,False,True,False,True,False,False,1,1.0,0.9795549114881584
1143,0,1,1.0,0,0,54.0,0,False,False,True,False,True,False,False,False,0,0.0,-1.020871814608924
1144,0,1,1.0,1,1,54.0,0,True,False,False,False,True,False,False,False,0,0.0,-1.020871814608924
1145,1,0,0.0,1,0,48.0,0,False,True,False,False,False,False,True,False,0,0.0,-1.020871814608924
1146,1,1,0.0,1,1,51.0,0,False,False,True,False,False,True,False,False,0,0.0,-1.020871814608924
1147,0,0,0.0,0,1,47.0,0,False,False,True,False,True,False,False,False,0,0.0,-1.020871814608924
1148,1,0,0.0,0,1,2.0,0,True,False,False,True,False,False,False,True,0,0.0,-1.020871814608924
1149,0,1,1.0,1,0,13.0,1,False,True,True,False,False,True,False,True,1,1.0,0.9795549114881584
1150,1,1,0.0,0,0,57.0,0,False,True,True,False,True,False,False,True,0,0.0,-1.020871814608924
1151,1,1,0.0,1,0,27.0,1,False,False,False,True,False,False,True,False,1,1.0,0.9795549114881584
1152,1,0,1.0,1,1,38.0,1,False,False,False,True,False,False,True,False,1,1.0,0.9795549114881584
1153,1,0,1.0,1,1,19.0,1,False,True,True,False,True,False,False,True,1,1.0,0.9795549114881584
1154,0,0,1.0,1,0,37.0,0,False,True,False,True,False,True,False,True,0,0.0,-1.020871814608924
1155,0,0,0.0,1,1,58.0,0,True,False,True,False,False,True,False,True,0,0.0,-1.020871814608924
1156,1,0,0.0,0,1,15.0,0,True,False,True,False,True,False,True,False,0,0.0,-1.020871814608924
1157,0,0,0.0,0,0,52.0,1,False,True,True,False,True,False,True,False,1,1.0,0.9795549114881584
1158,0,0,1.0,0,1,18.0,0,False,False,False,False,False,True,False,True,0,0.0,-1.020871814608924
1159,1,0,1.0,0,0,60.0,0,True,False,False,True,True,False,False,False,0,0.0,-1.020871814608924
1160,1,1,1.0,1,1,7.0,0,True,False,True,False,False,False,False,True,0,0.0,-1.020871814608924
1161,0,0,1.0,0,1,23.0,0,False,False,False,True,True,False,False,True,0,0.0,-1.020871814608924
1162,0,0,0.0,0,1,45.0,1,True,False,False,True,True,False,False,False,1,1.0,0.9795549114881584
1163,0,1,0.0,1,1,54.0,1,False,True,True,False,False,False,False,False,1,1.0,0.9795549114881584
1164,1,1,1.0,0,1,72.0,0,False,True,False,False,False,False,False,True,0,0.0,-1.020871814608924
1165,0,1,1.0,0,1,58.0,1,False,False,False,True,False,True,False,True,1,1.0,0.9795549114881584
1166,1,0,1.0,1,0,15.0,1,True,False,False,False,False,False,True,False,1,1.0,0.9795549114881584
1167,1,0,0.0,1,1,10.0,0,False,False,False,False,False,False,True,False,0,0.0,-1.020871814608924
1168,0,0,0.0,0,0,16.0,1,True,False,False,False,True,False,False,True,1,1.0,0.9795549114881584
1169,1,0,1.0,0,0,43.0,1,False,False,False,False,False,False,True,False,1,1.0,0.9795549114881584
1170,0,0,1.0,0,1,31.0,0,True,False,False,False,False,False,True,False,0,0.0,-1.020871814608924
1171,1,1,1.0,0,0,62.0,1,False,True,True,False,False,False,False,False,1,1.0,0.9795549114881584
1172,1,1,0.0,0,0,35.0,0,False,True,True,False,False,True,False,True,0,0.0,-1.020871814608924
1173,1,0,1.0,0,0,59.0,1,False,True,True,False,False,True,True,False,1,1.0,0.9795549114881584
1174,0,1,1.0,0,0,9.0,1,False,False,False,False,True,False,False,True,1,1.0,0.9795549114881584
1175,1,1,1.0,1,0,45.0,1,False,True,True,False,False,True,True,False,1,1.0,0.9795549114881584
1176,1,1,1.0,1,0,48.0,1,True,False,True,False,False,False,False,True,1,1.0,0.9795549114881584
1177,1,0,0.0,1,1,40.0,0,False,True,False,False,False,False,False,False,0,0.0,-1.020871814608924
1178,1,0,0.0,1,0,44.0,1,False,False,False,True,True,False,False,True,1,1.0,0.9795549114881584
1179,1,0,1.0,1,0,24.0,1,False,True,True,False,False,False,False,True,1,1.0,0.9795549114881584
1180,0,1,1.0,1,0,7.0,0,True,False,False,True,False,False,True,False,0,0.0,-1.020871814608924
1181,1,0,1.0,0,1,6.0,1,False,False,False,True,True,False,True,False,1,1.0,0.9795549114881584
1182,1,0,0.0,1,1,33.0,1,False,False,False,False,False,False,True,False,1,1.0,0.9795549114881584
1183,1,0,0.0,1,0,31.0,1,False,False,True,False,False,True,False,False,1,1.0,0.9795549114881584
1184,0,0,1.0,1,0,3.0,0,False,True,True,False,True,False,False,True,0,0.0,-1.020871814608924
1185,1,0,1.0,0,0,2.0,1,False,False,False,False,False,False,True,False,1,1.0,0.9795549114881584
1186,1,1,0.0,0,0,12.0,0,True,False,False,False,True,False,False,True,0,0.0,-1.020871814608924
1187,1,1,0.0,1,0,24.0,1,True,False,False,True,False,False,False,True,1,1.0,0.9795549114881584
1188,0,1,1.0,0,0,12.0,0,False,True,False,False,False,True,False,False,0,0.0,-1.020871814608924
1189,0,0,1.0,0,0,41.0,0,True,False,True,False,False,False,True,False,0,0.0,-1.020871814608924
1190,1,1,0.0,1,1,29.0,1,False,True,False,True,False,True,False,False,1,1.0,0.9795549114881584
1191,1,0,0.0,1,1,22.0,0,False,True,False,False,True,False,True,False,0,0.0,-1.020871814608924
1192,1,0,1.0,0,0,4.0,1,False,False,False,True,False,True,False,True,1,1.0,0.9795549114881584
1193,1,1,0.0,0,1,3.0,0,False,False,False,True,False,False,True,False,0,0.0,-1.020871814608924
1194,1,0,1.0,1,1,8.0,1,True,False,False,True,True,False,False,False,1,1.0,0.9795549114881584
1195,0,0,1.0,1,0,37.0,1,True,False,True,False,False,True,False,False,1,1.0,0.9795549114881584
1196,1,1,0.0,1,1,4.0,1,False,True,True,False,True,False,False,True,1,1.0,0.9795549114881584
1197,0,1,1.0,1,0,19.0,0,False,True,False,False,True,False,True,False,0,0.0,-1.020871814608924
1198,0,0,0.0,1,0,37.0,0,False,True,True,False,False,True,False,True,0,0.0,-1.020871814608924
1199,1,1,0.0,1,0,41.0,1,False,True,False,True,True,False,False,True,1,1.0,0.9795549114881584
1200,1,0,0.0,0,1,15.0,0,False,True,False,False,False,False,False,False,0,0.0,-1.020871814608924
1201,1,1,1.0,1,1,56.0,0,False,False,False,True,False,True,False,True,0,0.0,-1.020871814608924
1202,0,0,1.0,0,0,58.0,1,False,False,False,False,False,True,False,False,1,1.0,0.9795549114881584
1203,1,0,1.0,1,0,60.0,1,True,False,False,False,True,False,True,False,1,1.0,0.9795549114881584
1204,0,0,0.0,1,0,53.0,1,True,False,False,True,False,True,True,False,1,1.0,0.9795549114881584
1205,0,0,1.0,1,1,27.0,0,False,True,True,False,False,True,False,True,0,0.0,-1.020871814608924
1206,1,1,0.0,1,1,38.0,1,False,True,False,True,True,False,True,False,1,1.0,0.9795549114881584
1207,1,1,1.0,1,0,44.0,0,True,False,False,True,False,False,True,False,0,0.0,-1.020871814608924
1208,1,0,0.0,0,0,53.0,0,False,False,True,False,False,False,True,False,0,0.0,-1.020871814608924
1209,1,1,0.0,1,1,35.0,1,True,False,False,True,False,False,True,False,1,1.0,0.9795549114881584
1210,0,0,0.0,0,1,46.0,0,True,False,False,False,False,False,True,False,0,0.0,-1.020871814608924
1211,0,1,0.0,1,1,72.0,0,False,True,False,True,False,False,False,True,0,0.0,-1.020871814608924
1212,0,0,0.0,0,1,55.0,1,True,False,False,False,False,True,False,False,1,1.0,0.9795549114881584
1213,0,1,0.0,0,1,47.0,0,False,True,False,False,False,False,False,True,0,0.0,-1.020871814608924
1214,0,0,0.0,1,1,7.0,1,True,False,True,False,False,False,False,False,1,1.0,0.9795549114881584
1215,1,1,1.0,1,1,64.0,1,False,True,False,False,True,False,False,True,1,1.0,0.9795549114881584
1216,1,1,0.0,0,0,29.0,0,False,False,True,False,True,False,False,True,0,0.0,-1.020871814608924
1217,1,0,0.0,1,0,70.0,1,False,False,True,False,False,False,False,False,1,1.0,0.9795549114881584
1218,0,1,0.0,0,1,67.0,1,False,True,False,True,True,False,True,False,1,1.0,0.9795549114881584
1219,1,1,0.0,1,0,53.0,0,True,False,True,False,True,False,False,True,0,0.0,-1.020871814608924
1220,0,1,0.0,1,1,41.0,0,True,False,False,True,True,False,False,True,0,0.0,-1.020871814608924
1221,0,0,0.0,0,0,25.0,1,False,False,False,True,True,False,True,False,1,1.0,0.9795549114881584
1222,1,0,1.0,1,0,41.0,0,False,True,False,True,False,False,True,False,0,0.0,-1.020871814608924
1223,0,0,1.0,0,0,49.0,1,True,False,True,False,True,False,True,False,1,1.0,0.9795549114881584
1224,0,1,0.0,1,0,67.0,1,False,True,False,False,False,True,False,False,1,1.0,0.9795549114881584
1225,1,1,1.0,0,1,19.0,1,False,True,True,False,False,False,True,False,1,1.0,0.9795549114881584
1226,0,0,1.0,0,1,61.0,1,True,False,True,False,False,False,False,False,1,1.0,0.9795549114881584
1227,1,1,1.0,0,0,12.0,1,True,False,True,False,True,False,True,False,1,1.0,0.9795549114881584
1228,0,1,1.0,0,1,56.0,0,False,False,False,True,False,True,True,False,0,0.0,-1.020871814608924
1229,1,0,0.0,1,0,54.0,0,False,True,True,False,True,False,True,False,0,0.0,-1.020871814608924
1230,1,0,1.0,0,1,9.0,0,True,False,True,False,True,False,False,False,0,0.0,-1.020871814608924
1231,1,0,0.0,1,1,33.0,0,False,True,False,True,True,False,False,False,0,0.0,-1.020871814608924
1232,0,1,1.0,0,0,26.0,0,False,False,False,False,False,True,True,False,0,0.0,-1.020871814608924
1233,0,0,1.0,1,0,18.0,0,False,True,False,True,False,True,False,True,0,0.0,-1.020871814608924
1234,1,0,0.0,1,1,33.0,0,False,False,False,False,False,True,False,True,0,0.0,-1.020871814608924
1235,0,0,1.0,0,1,15.0,1,True,False,False,True,True,False,False,True,1,1.0,0.9795549114881584
1236,0,1,0.0,0,1,52.0,1,True,False,False,True,False,False,False,True,1,1.0,0.9795549114881584
1237,0,1,0.0,1,0,19.0,0,False,True,False,True,True,False,False,False,0,0.0,-1.020871814608924
1238,0,1,0.0,0,1,37.0,0,False,False,False,True,True,False,True,False,0,0.0,-1.020871814608924
1239,0,0,0.0,1,0,14.0,1,True,False,False,True,True,False,True,False,1,1.0,0.9795549114881584
1240,0,1,1.0,0,1,26.0,0,False,True,True,False,False,True,False,False,0,0.0,-1.020871814608924
1241,1,1,0.0,1,0,41.0,0,False,False,False,False,True,False,False,False,0,0.0,-1.020871814608924
1242,1,1,0.0,0,1,39.0,0,True,False,False,False,False,True,True,False,0,0.0,-1.020871814608924
1243,0,0,0.0,0,1,69.0,0,True,False,True,False,False,False,False,False,0,0.0,-1.020871814608924
1244,1,1,0.0,1,0,62.0,1,False,False,False,True,False,False,True,False,1,1.0,0.9795549114881584
1245,0,1,1.0,0,0,14.0,0,False,True,True,False,False,True,False,False,0,0.0,-1.020871814608924
1246,1,0,0.0,0,0,41.0,1,False,False,True,False,False,False,True,False,1,1.0,0.9795549114881584
1247,0,1,0.0,1,1,11.0,1,True,False,True,False,True,False,False,True,1,1.0,0.9795549114881584
1248,0,1,0.0,1,0,35.0,1,True,False,False,False,False,True,False,True,1,1.0,0.9795549114881584
1249,1,1,0.0,1,0,19.0,1,False,True,True,False,False,False,False,False,1,1.0,0.9795549114881584
1250,0,0,0.0,1,0,67.0,0,True,False,False,False,False,False,False,False,0,0.0,-1.020871814608924
1251,1,1,0.0,0,0,52.0,1,True,False,False,True,False,False,False,False,1,1.0,0.9795549114881584
1252,1,1,1.0,0,0,32.0,0,True,False,False,True,False,False,True,False,0,0.0,-1.020871814608924
1253,1,0,1.0,1,0,17.0,0,False,True,True,False,True,False,False,False,0,0.0,-1.020871814608924
1254,1,0,0.0,0,0,68.0,0,False,False,False,False,False,False,False,True,0,0.0,-1.020871814608924
1255,0,0,0.0,1,0,63.0,0,False,True,False,True,True,False,False,True,0,0.0,-1.020871814608924
1256,0,0,0.0,0,1,17.0,1,True,False,False,False,True,False,True,False,1,1.0,0.9795549114881584
1257,1,1,0.0,1,1,17.0,1,True,False,False,True,False,False,False,True,1,1.0,0.9795549114881584
1258,1,0,1.0,1,0,51.0,1,False,False,False,False,True,False,False,False,1,1.0,0.9795549114881584
1259,1,0,1.0,1,0,46.0,0,True,False,False,True,False,True,True,False,0,0.0,-1.020871814608924
1260,1,1,0.0,0,0,55.0,1,True,False,False,False,True,False,False,False,1,1.0,0.9795549114881584
1261,0,0,0.0,0,0,19.0,1,False,True,False,False,False,True,False,True,1,1.0,0.9795549114881584
1262,1,0,0.0,0,0,30.0,0,False,True,True,False,False,True,False,True,0,0.0,-1.020871814608924
1263,0,0,1.0,0,0,60.0,0,True,False,False,False,False,False,True,False,0,0.0,-1.020871814608924
1264,0,0,1.0,0,0,11.0,1,False,False,False,True,True,False,False,False,1,1.0,0.9795549114881584
1265,0,1,1.0,1,0,13.0,1,True,False,False,False,False,False,False,False,1,1.0,0.9795549114881584
1266,0,0,0.0,1,0,19.0,0,False,False,False,False,False,True,True,False,0,0.0,-1.020871814608924
1267,0,0,1.0,0,1,33.0,1,False,False,False,True,False,True,False,True,1,1.0,0.9795549114881584
1268,1,0,1.0,0,1,38.0,0,False,True,False,True,True,False,False,False,0,0.0,-1.020871814608924
1269,0,0,1.0,0,1,36.0,0,False,True,False,False,True,False,False,False,0,0.0,-1.020871814608924
1270,0,1,1.0,0,1,38.0,0,False,True,True,False,True,False,True,False,0,0.0,-1.020871814608924
1271,0,1,0.0,1,1,70.0,1,False,False,False,False,False,False,False,True,1,1.0,0.9795549114881584
1272,1,0,0.0,0,0,9.0,1,True,False,False,False,True,False,True,False,1,1.0,0.9795549114881584
1273,0,0,0.0,1,1,36.0,1,True,False,True,False,True,False,False,False,1,1.0,0.9795549114881584
1274,0,1,0.0,0,0,21.0,1,True,False,True,False,True,False,True,False,1,1.0,0.9795549114881584
1275,0,0,1.0,0,1,20.0,1,False,True,False,True,True,False,False,False,1,1.0,0.9795549114881584
1276,1,0,1.0,0,1,28.0,1,False,True,False,True,False,True,False,False,1,1.0,0.9795549114881584
1277,1,0,1.0,1,0,71.0,0,True,False,False,True,False,False,True,False,0,0.0,-1.020871814608924
1278,1,0,1.0,1,1,9.0,0,False,False,False,False,False,False,True,False,0,0.0,-1.020871814608924
1279,1,0,1.0,1,0,36.0,0,False,False,False,False,True,False,True,False,0,0.0,-1.020871814608924
1280,1,0,0.0,1,1,32.0,0,False,False,False,False,True,False,False,False,0,0.0,-1.020871814608924
1281,1,1,0.0,0,0,63.0,1,True,False,True,False,True,False,True,False,1,1.0,0.9795549114881584
1282,1,1,1.0,1,1,26.0,1,True,False,False,False,False,False,False,False,1,1.0,0.9795549114881584
1283,1,1,1.0,0,1,51.0,1,True,False,True,False,True,False,False,False,1,1.0,0.9795549114881584
1284,0,0,1.0,0,1,11.0,1,False,False,False,False,False,False,True,False,1,1.0,0.9795549114881584
1285,1,1,0.0,0,0,23.0,1,False,False,False,True,False,False,False,True,1,1.0,0.9795549114881584
1286,1,1,1.0,0,1,42.0,1,False,False,False,True,True,False,False,False,1,1.0,0.9795549114881584
1287,0,0,0.0,1,0,29.0,0,False,False,False,True,True,False,False,True,0,0.0,-1.020871814608924
1288,0,1,0.0,0,1,34.0,1,True,False,True,False,True,False,True,False,1,1.0,0.9795549114881584
1289,0,1,1.0,0,1,6.0,0,False,True,True,False,False,True,False,True,0,0.0,-1.020871814608924
1290,0,0,1.0,0,1,64.0,0,True,False,True,False,False,True,False,True,0,0.0,-1.020871814608924
1291,0,0,0.0,1,0,70.0,1,True,False,False,True,False,False,False,True,1,1.0,0.9795549114881584
1292,1,1,1.0,1,1,33.0,1,True,False,False,True,True,False,False,False,1,1.0,0.9795549114881584
1293,1,1,1.0,1,1,57.0,1,True,False,False,True,False,False,False,True,1,1.0,0.9795549114881584
1294,0,0,1.0,1,0,55.0,0,False,False,False,True,True,False,False,False,0,0.0,-1.020871814608924
1295,0,0,1.0,1,0,5.0,0,False,True,True,False,False,True,True,False,0,0.0,-1.020871814608924
1296,0,1,0.0,0,0,25.0,0,False,False,False,True,True,False,True,False,0,0.0,-1.020871814608924
1297,1,0,0.0,0,1,19.0,0,False,True,False,True,True,False,True,False,0,0.0,-1.020871814608924
1298,0,0,1.0,1,1,46.0,0,False,True,True,False,False,False,False,False,0,0.0,-1.020871814608924
1299,1,1,1.0,0,1,1.0,0,True,False,False,False,False,True,False,True,0,0.0,-1.020871814608924
1300,1,1,0.0,1,1,59.0,1,True,False,True,False,False,False,True,False,1,1.0,0.9795549114881584
1301,0,1,1.0,0,1,24.0,0,False,True,False,True,False,True,False,False,0,0.0,-1.020871814608924
1302,0,0,0.0,1,1,6.0,0,True,False,False,False,False,False,True,False,0,0.0,-1.020871814608924
1303,1,0,1.0,1,0,62.0,1,False,True,False,True,True,False,True,False,1,1.0,0.9795549114881584
1304,0,0,1.0,0,1,10.0,0,False,True,True,False,False,False,False,False,0,0.0,-1.020871814608924
1305,0,1,1.0,1,1,12.0,0,True,False,True,False,False,False,True,False,0,0.0,-1.020871814608924
1306,0,1,0.0,0,0,23.0,0,False,True,True,False,True,False,False,True,0,0.0,-1.020871814608924
1307,0,1,1.0,0,1,1.0,0,True,False,False,False,False,False,False,True,0,0.0,-1.020871814608924
1308,0,0,0.0,1,0,66.0,1,False,False,False,True,False,True,False,True,1,1.0,0.9795549114881584
1309,1,0,0.0,1,0,63.0,0,False,False,False,True,False,True,False,False,0,0.0,-1.020871814608924
1310,1,0,0.0,1,1,4.0,0,False,True,False,False,False,True,False,False,0,0.0,-1.020871814608924
1311,0,0,0.0,1,0,36.0,0,False,False,False,False,False,False,True,False,0,0.0,-1.020871814608924
1312,1,0,1.0,0,0,13.0,0,False,True,True,False,False,False,False,False,0,0.0,-1.020871814608924
1313,1,0,1.0,1,1,5.0,1,False,True,False,True,True,False,False,False,1,1.0,0.9795549114881584
1314,1,0,0.0,1,0,3.0,1,True,False,False,False,False,True,False,True,1,1.0,0.9795549114881584
1315,0,1,1.0,0,0,1.0,1,False,False,True,False,False,True,False,False,1,1.0,0.9795549114881584
1316,0,1,0.0,1,1,53.0,1,False,False,False,False,False,True,True,False,1,1.0,0.9795549114881584
1317,1,0,0.0,0,0,3.0,1,True,False,False,False,False,False,False,False,1,1.0,0.9795549114881584
1318,1,0,1.0,1,1,7.0,1,False,False,False,False,True,False,True,False,1,1.0,0.9795549114881584
1319,0,0,1.0,1,1,9.0,1,False,False,True,False,True,False,False,True,1,1.0,0.9795549114881584
1320,1,0,0.0,0,0,13.0,1,False,False,False,False,True,False,False,True,1,1.0,0.9795549114881584
1321,0,0,0.0,0,0,40.0,1,True,False,True,False,True,False,False,True,1,1.0,0.9795549114881584
1322,1,0,0.0,0,1,62.0,0,True,False,False,False,False,True,True,False,0,0.0,-1.020871814608924
1323,0,1,1.0,0,1,56.0,0,False,False,True,False,False,True,False,False,0,0.0,-1.020871814608924
1324,0,0,0.0,0,0,33.0,1,True,False,True,False,False,True,False,False,1,1.0,0.9795549114881584
1325,1,1,1.0,0,1,35.0,1,False,True,True,False,True,False,False,False,1,1.0,0.9795549114881584
1326,0,1,0.0,0,0,25.0,0,True,False,True,False,False,False,True,False,0,0.0,-1.020871814608924
1327,0,1,1.0,1,0,10.0,0,False,False,False,True,False,True,False,False,0,0.0,-1.020871814608924
1328,0,1,0.0,0,1,41.0,0,False,False,False,True,True,False,True,False,0,0.0,-1.020871814608924
1329,0,0,1.0,1,0,30.0,1,True,False,False,False,True,False,False,True,1,1.0,0.9795549114881584
1330,1,1,1.0,0,0,15.0,1,False,True,False,True,False,False,True,False,1,1.0,0.9795549114881584
1331,1,0,1.0,0,1,41.0,0,False,True,True,False,False,True,True,False,0,0.0,-1.020871814608924
1332,0,0,1.0,1,0,63.0,1,False,False,True,False,False,True,False,True,1,1.0,0.9795549114881584
1333,1,1,1.0,1,0,61.0,0,False,True,True,False,False,True,False,True,0,0.0,-1.020871814608924
1334,0,0,0.0,1,1,47.0,1,True,False,False,False,False,False,False,False,1,1.0,0.9795549114881584
1335,0,0,0.0,0,0,65.0,1,False,True,False,True,False,False,False,True,1,1.0,0.9795549114881584
1336,0,1,0.0,1,1,66.0,0,False,False,True,False,False,True,False,False,0,0.0,-1.020871814608924
1337,0,0,1.0,0,1,22.0,1,True,False,False,True,False,True,False,False,1,1.0,0.9795549114881584
1338,1,0,1.0,0,1,22.0,0,True,False,False,False,False,False,False,False,0,0.0,-1.020871814608924
1339,1,0,1.0,1,0,62.0,0,False,False,False,False,False,False,True,False,0,0.0,-1.020871814608924
1340,1,0,1.0,1,1,51.0,0,False,False,True,False,False,False,False,False,0,0.0,-1.020871814608924
1341,0,0,1.0,0,0,13.0,0,True,False,False,True,False,False,False,False,0,0.0,-1.020871814608924
1342,1,0,0.0,1,1,67.0,1,False,False,False,True,False,False,False,False,1,1.0,0.9795549114881584
1343,0,0,0.0,0,0,60.0,0,False,True,False,False,False,False,True,False,0,0.0,-1.020871814608924
1344,1,0,0.0,0,0,44.0,0,False,True,False,True,True,False,True,False,0,0.0,-1.020871814608924
1345,0,0,0.0,0,1,49.0,1,False,True,False,True,False,False,False,False,1,1.0,0.9795549114881584
1346,0,0,1.0,0,1,18.0,1,True,False,True,False,False,True,False,True,1,1.0,0.9795549114881584
1347,0,0,0.0,0,0,42.0,1,True,False,False,False,False,False,False,False,1,1.0,0.9795549114881584
1348,1,0,0.0,1,0,8.0,0,True,False,False,False,False,True,True,False,0,0.0,-1.020871814608924
1349,1,1,1.0,1,1,46.0,1,False,True,True,False,False,True,False,True,1,1.0,0.9795549114881584
1350,0,1,1.0,1,1,25.0,0,False,False,True,False,True,False,False,True,0,0.0,-1.020871814608924
1351,0,0,1.0,1,1,63.0,0,False,False,True,False,False,False,True,False,0,0.0,-1.020871814608924
1352,0,1,1.0,1,1,16.0,0,False,False,True,False,False,False,True,False,0,0.0,-1.020871814608924
1353,0,1,1.0,1,0,30.0,0,True,False,True,False,False,True,False,False,0,0.0,-1.020871814608924
1354,1,1,0.0,0,1,26.0,1,False,False,False,True,False,False,False,True,1,1.0,0.9795549114881584
1355,1,1,0.0,1,0,38.0,1,False,True,False,False,True,False,False,False,1,1.0,0.9795549114881584
1356,0,0,0.0,1,1,20.0,0,False,False,False,False,False,True,False,False,0,0.0,-1.020871814608924
1357,1,1,1.0,1,0,72.0,1,False,True,False,True,True,False,False,False,1,1.0,0.9795549114881584
1358,0,0,1.0,0,0,15.0,1,False,True,False,False,False,False,False,True,1,1.0,0.9795549114881584
1359,0,0,0.0,0,0,60.0,1,False,False,False,False,False,True,False,False,1,1.0,0.9795549114881584
1360,0,0,1.0,1,0,34.0,1,True,False,False,True,False,True,False,True,1,1.0,0.9795549114881584
1361,1,0,1.0,0,0,33.0,0,True,False,False,False,False,False,False,True,0,0.0,-1.020871814608924
1362,1,1,1.0,1,0,30.0,1,True,False,True,False,False,True,True,False,1,1.0,0.9795549114881584
1363,0,1,0.0,0,1,37.0,1,False,True,False,True,False,False,False,False,1,1.0,0.9795549114881584
1364,0,1,1.0,1,1,53.0,1,False,False,False,False,True,False,False,False,1,1.0,0.9795549114881584
1365,0,0,0.0,1,1,12.0,0,False,True,False,True,False,True,True,False,0,0.0,-1.020871814608924
1366,1,0,1.0,1,0,57.0,0,False,False,False,False,True,False,False,True,0,0.0,-1.020871814608924
1367,0,0,1.0,0,0,72.0,1,True,False,True,False,False,True,False,False,1,1.0,0.9795549114881584
1368,0,0,0.0,0,0,71.0,0,False,True,False,False,True,False,False,False,0,0.0,-1.020871814608924
1369,0,1,0.0,1,0,38.0,1,False,False,False,True,True,False,False,True,1,1.0,0.9795549114881584
1370,1,1,1.0,1,1,17.0,0,True,False,True,False,False,False,True,False,0,0.0,-1.020871814608924
1371,1,1,1.0,0,1,58.0,1,False,False,False,True,False,False,False,False,1,1.0,0.9795549114881584
1372,1,0,0.0,1,1,41.0,1,False,True,True,False,True,False,False,False,1,1.0,0.9795549114881584
1373,1,0,1.0,1,1,8.0,1,False,True,True,False,True,False,False,True,1,1.0,0.9795549114881584
1374,1,0,0.0,0,1,52.0,0,False,False,True,False,False,True,True,False,0,0.0,-1.020871814608924
1375,0,1,1.0,0,0,67.0,1,True,False,True,False,True,False,False,False,1,1.0,0.9795549114881584
1376,0,1,1.0,0,0,51.0,0,False,False,True,False,False,False,True,False,0,0.0,-1.020871814608924
1377,1,0,0.0,1,1,63.0,1,False,False,False,False,False,False,True,False,1,1.0,0.9795549114881584
1378,1,0,0.0,0,0,26.0,1,False,False,False,True,False,True,False,False,1,1.0,0.9795549114881584
1379,0,0,0.0,0,1,13.0,0,True,False,True,False,True,False,False,True,0,0.0,-1.020871814608924
1380,1,0,0.0,1,0,9.0,0,True,False,False,False,True,False,False,True,0,0.0,-1.020871814608924
1381,1,0,0.0,1,1,67.0,0,False,False,False,False,False,False,False,False,0,0.0,-1.020871814608924
1382,1,0,0.0,0,1,61.0,0,False,True,False,True,False,False,False,False,0,0.0,-1.020871814608924
1383,1,0,0.0,1,1,32.0,0,False,True,True,False,False,True,False,False,0,0.0,-1.020871814608924
1384,0,0,1.0,1,1,49.0,1,False,False,False,True,True,False,True,False,1,1.0,0.9795549114881584
1385,1,1,1.0,1,0,13.0,1,False,True,False,True,False,True,True,False,1,1.0,0.9795549114881584
1386,0,0,0.0,1,1,53.0,1,False,False,True,False,True,False,False,True,1,1.0,0.9795549114881584
1387,1,1,1.0,0,1,57.0,1,False,False,False,True,True,False,False,True,1,1.0,0.9795549114881584
1388,1,0,0.0,1,0,16.0,0,False,True,False,False,False,True,False,True,0,0.0,-1.020871814608924
1389,0,1,1.0,1,1,32.0,1,True,False,False,True,False,True,True,False,1,1.0,0.9795549114881584
1390,0,0,1.0,0,1,33.0,1,False,False,True,False,True,False,False,False,1,1.0,0.9795549114881584
1391,1,1,0.0,1,0,13.0,0,False,True,False,True,False,False,False,False,0,0.0,-1.020871814608924
1392,0,0,0.0,1,0,16.0,1,False,False,True,False,False,True,False,False,1,1.0,0.9795549114881584
1393,1,0,1.0,1,0,47.0,0,True,False,True,False,False,False,False,False,0,0.0,-1.020871814608924
1394,0,0,0.0,1,0,3.0,1,False,False,False,True,False,False,True,False,1,1.0,0.9795549114881584
1395,0,1,0.0,0,1,15.0,1,False,True,False,True,True,False,True,False,1,1.0,0.9795549114881584
1396,1,1,1.0,1,1,38.0,0,False,False,False,False,True,False,False,False,0,0.0,-1.020871814608924
1397,0,1,1.0,0,1,53.0,1,False,True,False,True,False,True,False,True,1,1.0,0.9795549114881584
1398,0,0,1.0,1,0,44.0,1,False,True,False,False,False,False,True,False,1,1.0,0.9795549114881584
1399,1,0,1.0,1,1,13.0,1,False,False,False,False,True,False,False,False,1,1.0,0.9795549114881584
1400,1,1,1.0,0,0,11.0,1,False,False,False,False,False,False,True,False,1,1.0,0.9795549114881584
1401,1,1,1.0,0,1,32.0,0,False,False,False,True,True,False,False,False,0,0.0,-1.020871814608924
1402,0,0,0.0,0,1,20.0,0,False,True,False,False,False,False,False,False,0,0.0,-1.020871814608924
1403,0,1,0.0,1,1,44.0,0,False,False,False,False,True,False,False,False,0,0.0,-1.020871814608924
1404,0,0,0.0,0,1,33.0,1,False,True,True,False,False,True,False,True,1,1.0,0.9795549114881584
1405,1,1,1.0,1,1,1.0,1,False,False,True,False,True,False,False,True,1,1.0,0.9795549114881584
1406,0,1,1.0,0,0,54.0,0,False,True,True,False,False,False,False,True,0,0.0,-1.020871814608924
1407,0,0,0.0,0,0,58.0,0,False,False,False,False,False,False,False,False,0,0.0,-1.020871814608924
1408,1,0,0.0,0,1,35.0,1,False,True,True,False,False,True,False,False,1,1.0,0.9795549114881584
1409,1,1,1.0,1,1,61.0,1,False,False,False,False,False,True,False,True,1,1.0,0.9795549114881584
1410,1,0,0.0,0,0,63.0,1,False,True,False,False,False,True,True,False,1,1.0,0.9795549114881584
1411,1,1,1.0,1,0,61.0,0,False,False,False,True,False,False,True,False,0,0.0,-1.020871814608924
1412,1,0,0.0,1,0,45.0,0,True,False,False,True,False,False,False,False,0,0.0,-1.020871814608924
1413,1,0,1.0,1,1,17.0,0,True,False,False,True,True,False,False,True,0,0.0,-1.020871814608924
1414,1,1,0.0,0,0,5.0,0,False,False,True,False,False,True,True,False,0,0.0,-1.020871814608924
1415,0,0,0.0,0,0,39.0,0,True,False,False,True,True,False,True,False,0,0.0,-1.020871814608924
1416,1,0,0.0,1,1,52.0,0,False,True,True,False,False,False,True,False,0,0.0,-1.020871814608924
1417,0,0,1.0,1,1,44.0,0,False,False,True,False,False,True,False,True,0,0.0,-1.020871814608924
1418,0,1,0.0,0,0,35.0,1,False,False,False,True,False,True,True,False,1,1.0,0.9795549114881584
1419,1,1,1.0,0,1,49.0,1,True,False,True,False,True,False,False,True,1,1.0,0.9795549114881584
1420,0,1,0.0,0,1,22.0,0,False,True,False,True,True,False,True,False,0,0.0,-1.020871814608924
1421,0,1,0.0,1,1,68.0,1,False,False,False,False,True,False,True,False,1,1.0,0.9795549114881584
1422,0,0,1.0,1,1,42.0,0,False,False,False,True,True,False,False,False,0,0.0,-1.020871814608924
1423,1,0,0.0,1,1,27.0,1,False,False,True,False,False,True,False,True,1,1.0,0.9795549114881584
1424,0,0,0.0,0,1,71.0,1,True,False,True,False,False,True,False,True,1,1.0,0.9795549114881584
1425,0,1,0.0,0,1,12.0,1,False,False,False,False,True,False,True,False,1,1.0,0.9795549114881584
1426,1,0,0.0,1,1,62.0,0,True,False,False,False,False,True,False,True,0,0.0,-1.020871814608924
1427,1,0,1.0,0,1,2.0,0,False,False,False,True,False,True,False,True,0,0.0,-1.020871814608924
1428,1,0,1.0,1,1,32.0,0,True,False,False,True,True,False,True,False,0,0.0,-1.020871814608924
1429,1,0,1.0,1,1,30.0,0,True,False,False,False,False,True,False,False,0,0.0,-1.020871814608924
1430,0,1,0.0,1,0,13.0,0,False,True,False,False,False,False,False,False,0,0.0,-1.020871814608924
1431,1,1,1.0,1,1,45.0,0,False,False,False,True,False,False,False,False,0,0.0,-1.020871814608924
1432,0,1,1.0,1,1,61.0,1,True,False,False,True,False,True,False,True,1,1.0,0.9795549114881584
1433,0,1,1.0,0,0,43.0,1,False,False,False,False,False,False,True,False,1,1.0,0.9795549114881584
1434,1,0,1.0,1,0,16.0,1,False,False,True,False,False,False,False,True,1,1.0,0.9795549114881584
1435,1,1,0.0,1,0,39.0,1,True,False,False,False,True,False,True,False,1,1.0,0.9795549114881584
1436,0,0,1.0,1,1,61.0,1,False,False,False,True,False,True,False,False,1,1.0,0.9795549114881584
1437,0,0,0.0,0,0,53.0,0,False,False,False,True,False,True,False,False,0,0.0,-1.020871814608924
1438,1,0,0.0,0,0,29.0,0,True,False,True,False,False,True,False,False,0,0.0,-1.020871814608924
1439,0,0,1.0,0,0,67.0,1,False,False,False,False,False,True,False,False,1,1.0,0.9795549114881584
1440,1,0,1.0,1,0,40.0,1,True,False,True,False,False,True,True,False,1,1.0,0.9795549114881584
1441,1,0,0.0,1,1,72.0,1,False,True,False,True,True,False,True,False,1,1.0,0.9795549114881584
1442,0,1,1.0,0,1,62.0,1,False,True,False,False,False,False,False,False,1,1.0,0.9795549114881584
1443,0,1,0.0,0,0,58.0,0,True,False,False,False,True,False,True,False,0,0.0,-1.020871814608924
1444,1,1,1.0,1,0,58.0,0,True,False,True,False,True,False,False,False,0,0.0,-1.020871814608924
1445,0,0,0.0,1,0,15.0,1,True,False,True,False,False,False,False,False,1,1.0,0.9795549114881584
1446,1,1,1.0,0,0,16.0,0,True,False,False,True,True,False,False,False,0,0.0,-1.020871814608924
1447,1,1,0.0,1,1,63.0,1,True,False,False,False,False,False,False,True,1,1.0,0.9795549114881584
1448,1,0,1.0,1,1,41.0,0,False,True,False,False,False,False,True,False,0,0.0,-1.020871814608924
1449,1,0,0.0,0,0,19.0,0,False,True,False,True,False,False,False,True,0,0.0,-1.020871814608924
1450,0,0,0.0,1,1,35.0,0,True,False,True,False,False,False,False,True,0,0.0,-1.020871814608924
1451,1,0,1.0,1,1,3.0,0,True,False,False,True,True,False,True,False,0,0.0,-1.020871814608924
1452,0,1,0.0,0,1,12.0,1,True,False,False,False,False,True,True,False,1,1.0,0.9795549114881584
1453,1,0,0.0,0,0,32.0,1,False,True,False,False,False,True,True,False,1,1.0,0.9795549114881584
1454,0,1,0.0,1,0,47.0,0,False,True,False,True,True,False,False,False,0,0.0,-1.020871814608924
1455,1,0,0.0,0,1,63.0,0,False,False,False,True,False,False,False,False,0,0.0,-1.020871814608924
1456,0,1,1.0,1,1,26.0,1,False,False,True,False,False,True,True,False,1,1.0,0.9795549114881584
1457,0,0,1.0,0,0,43.0,0,True,False,False,True,False,True,False,True,0,0.0,-1.020871814608924
1458,0,1,1.0,0,0,52.0,0,False,True,True,False,True,False,False,True,0,0.0,-1.020871814608924
1459,1,0,1.0,1,1,60.0,0,True,False,False,True,False,True,True,False,0,0.0,-1.020871814608924
1460,1,0,0.0,1,1,31.0,1,False,False,True,False,True,False,True,False,1,1.0,0.9795549114881584
1461,1,0,0.0,1,1,3.0,1,False,False,True,False,False,False,True,False,1,1.0,0.9795549114881584
1462,0,0,1.0,1,0,35.0,0,True,False,False,True,False,True,False,True,0,0.0,-1.020871814608924
1463,0,0,1.0,0,0,52.0,1,True,False,True,False,False,False,False,False,1,1.0,0.9795549114881584
1464,1,1,1.0,0,0,51.0,1,False,False,True,False,True,False,False,True,1,1.0,0.9795549114881584
1465,1,1,0.0,0,1,47.0,1,True,False,False,True,False,True,False,False,1,1.0,0.9795549114881584
1466,0,0,1.0,0,1,64.0,1,False,False,False,False,False,False,False,True,1,1.0,0.9795549114881584
1467,0,0,0.0,0,0,58.0,1,True,False,True,False,True,False,True,False,1,1.0,0.9795549114881584
1468,0,1,0.0,0,1,38.0,1,False,False,False,False,False,True,False,False,1,1.0,0.9795549114881584
1469,1,1,0.0,1,0,41.0,0,True,False,True,False,True,False,False,False,0,0.0,-1.020871814608924
1470,1,1,0.0,1,1,15.0,1,True,False,False,True,False,False,False,True,1,1.0,0.9795549114881584
1471,1,0,0.0,0,1,3.0,0,False,True,False,False,False,True,True,False,0,0.0,-1.020871814608924
1472,0,1,0.0,1,1,1.0,1,False,False,True,False,False,False,True,False,1,1.0,0.9795549114881584
1473,0,0,0.0,1,1,60.0,0,True,False,False,False,False,False,True,False,0,0.0,-1.020871814608924
1474,0,1,1.0,0,0,72.0,0,False,False,True,False,True,False,False,True,0,0.0,-1.020871814608924
1475,1,0,1.0,1,0,40.0,1,True,False,True,False,True,False,False,False,1,1.0,0.9795549114881584
1476,0,0,0.0,1,1,62.0,0,True,False,False,True,True,False,False,False,0,0.0,-1.020871814608924
1477,1,0,1.0,0,1,33.0,1,False,False,False,False,False,True,False,False,1,1.0,0.9795549114881584
1478,1,0,1.0,0,0,61.0,1,False,True,False,True,False,True,False,True,1,1.0,0.9795549114881584
1479,0,0,0.0,1,1,3.0,1,True,False,False,True,False,False,False,True,1,1.0,0.9795549114881584
1480,0,0,1.0,0,0,46.0,0,True,False,False,False,False,False,False,True,0,0.0,-1.020871814608924
1481,1,1,0.0,0,1,49.0,1,True,False,True,False,False,True,False,True,1,1.0,0.9795549114881584
1482,0,0,0.0,1,0,29.0,1,True,False,True,False,False,False,False,True,1,1.0,0.9795549114881584
1483,1,0,1.0,0,1,47.0,0,False,False,True,False,False,True,True,False,0,0.0,-1.020871814608924
1484,0,1,1.0,0,0,60.0,1,False,False,True,False,False,False,False,True,1,1.0,0.9795549114881584
1485,1,1,0.0,0,0,45.0,0,False,False,True,False,False,True,False,True,0,0.0,-1.020871814608924
1486,1,0,0.0,0,0,47.0,0,False,False,False,True,False,True,False,True,0,0.0,-1.020871814608924
1487,1,1,0.0,1,1,56.0,0,False,False,False,True,True,False,False,False,0,0.0,-1.020871814608924
1488,1,1,0.0,1,0,9.0,1,True,False,False,True,False,True,False,True,1,1.0,0.9795549114881584
1489,1,0,1.0,1,0,13.0,0,True,False,False,True,False,False,False,True,0,0.0,-1.020871814608924
1490,0,0,1.0,0,1,15.0,1,False,False,True,False,True,False,False,True,1,1.0,0.9795549114881584
1491,0,0,1.0,0,1,26.0,0,False,True,False,True,False,False,True,False,0,0.0,-1.020871814608924
1492,0,1,0.0,1,1,66.0,1,True,False,False,True,False,False,False,True,1,1.0,0.9795549114881584
1493,0,1,0.0,0,1,33.0,0,False,False,True,False,True,False,False,False,0,0.0,-1.020871814608924
1494,1,1,1.0,1,0,71.0,0,False,True,False,False,False,False,False,True,0,0.0,-1.020871814608924
1495,0,0,1.0,1,1,71.0,1,True,False,False,True,True,False,True,False,1,1.0,0.9795549114881584
1496,0,1,0.0,0,0,66.0,0,True,False,False,True,False,False,True,False,0,0.0,-1.020871814608924
1497,0,0,0.0,0,0,35.0,0,False,False,False,True,True,False,False,True,0,0.0,-1.020871814608924
1498,0,1,0.0,0,0,67.0,1,False,False,True,False,False,True,False,False,1,1.0,0.9795549114881584
1499,1,1,0.0,1,0,72.0,1,False,True,False,False,False,True,False,True,1,1.0,0.9795549114881584
1500,0,0,1.0,1,0,28.0,1,False,True,False,True,True,False,True,False,1,1.0,0.9795549114881584
1501,0,1,1.0,1,1,68.0,0,False,True,False,True,True,False,True,False,0,0.0,-1.020871814608924
1502,0,1,0.0,1,0,47.0,1,False,True,True,False,False,True,True,False,1,1.0,0.9795549114881584
1503,0,1,1.0,1,1,54.0,1,False,False,True,False,True,False,False,True,1,1.0,0.9795549114881584
1504,1,1,0.0,0,1,54.0,0,False,True,False,False,False,True,True,False,0,0.0,-1.020871814608924
1505,0,0,1.0,0,1,36.0,1,True,False,False,True,True,False,True,False,1,1.0,0.9795549114881584
1506,0,1,1.0,1,1,58.0,0,False,True,True,False,True,False,False,True,0,0.0,-1.020871814608924
1507,1,1,0.0,0,0,20.0,0,False,True,False,False,True,False,False,False,0,0.0,-1.020871814608924
1508,0,0,0.0,1,0,70.0,1,True,False,False,True,False,True,True,False,1,1.0,0.9795549114881584
1509,0,0,1.0,0,0,67.0,1,False,False,True,False,True,False,True,False,1,1.0,0.9795549114881584
1510,1,0,1.0,1,1,26.0,1,False,False,True,False,False,False,True,False,1,1.0,0.9795549114881584
1511,1,0,1.0,1,0,8.0,1,False,True,False,False,False,False,False,True,1,1.0,0.9795549114881584
1512,1,0,0.0,1,0,11.0,1,True,False,True,False,False,True,False,True,1,1.0,0.9795549114881584
1513,1,0,0.0,1,1,44.0,0,True,False,False,False,False,True,False,True,0,0.0,-1.020871814608924
1514,0,0,0.0,0,1,14.0,0,True,False,False,True,False,False,False,True,0,0.0,-1.020871814608924
1515,1,1,0.0,1,1,5.0,0,True,False,False,False,False,True,False,False,0,0.0,-1.020871814608924
1516,0,1,0.0,0,0,25.0,0,False,True,True,False,False,False,False,True,0,0.0,-1.020871814608924
1517,1,1,1.0,0,0,71.0,0,False,True,False,False,False,True,True,False,0,0.0,-1.020871814608924
1518,0,0,1.0,1,1,10.0,1,False,True,True,False,False,True,False,True,1,1.0,0.9795549114881584
1519,0,1,1.0,1,1,21.0,1,True,False,True,False,True,False,False,True,1,1.0,0.9795549114881584
1520,0,1,0.0,0,0,48.0,1,False,True,True,False,True,False,False,True,1,1.0,0.9795549114881584
1521,0,1,0.0,0,0,32.0,0,False,True,True,False,False,True,False,True,0,0.0,-1.020871814608924
1522,0,0,0.0,1,0,57.0,1,False,False,False,True,False,False,True,False,1,1.0,0.9795549114881584
1523,1,0,0.0,0,1,24.0,1,True,False,False,True,False,True,False,False,1,1.0,0.9795549114881584
1524,1,1,1.0,1,0,49.0,0,False,True,False,True,True,False,False,True,0,0.0,-1.020871814608924
1525,1,0,0.0,0,0,30.0,0,False,False,False,True,False,True,False,True,0,0.0,-1.020871814608924
1526,1,0,1.0,1,0,16.0,0,True,False,False,True,False,False,True,False,0,0.0,-1.020871814608924
1527,0,0,1.0,0,0,63.0,1,False,False,False,True,False,True,True,False,1,1.0,0.9795549114881584
1528,1,0,1.0,0,1,3.0,0,False,True,False,True,False,False,False,False,0,0.0,-1.020871814608924
1529,1,1,1.0,1,0,6.0,1,False,False,False,True,False,False,True,False,1,1.0,0.9795549114881584
1530,0,0,0.0,0,0,33.0,0,False,False,False,False,True,False,False,False,0,0.0,-1.020871814608924
1531,0,0,1.0,1,0,45.0,0,False,False,True,False,False,True,False,True,0,0.0,-1.020871814608924
1532,1,0,1.0,0,1,48.0,0,True,False,False,False,False,True,False,True,0,0.0,-1.020871814608924
1533,0,1,0.0,1,1,33.0,1,True,False,False,True,True,False,False,False,1,1.0,0.9795549114881584
1534,0,1,1.0,1,0,19.0,1,False,False,False,False,False,False,False,True,1,1.0,0.9795549114881584
1535,1,1,1.0,0,0,8.0,0,False,False,True,False,True,False,True,False,0,0.0,-1.020871814608924
1536,1,0,0.0,1,1,11.0,0,False,False,False,False,False,False,False,False,0,0.0,-1.020871814608924
1537,1,0,0.0,1,1,8.0,0,False,True,False,True,False,False,False,True,0,0.0,-1.020871814608924
1538,0,1,0.0,1,0,25.0,0,True,False,True,False,True,False,True,False,0,0.0,-1.020871814608924
1539,0,0,0.0,1,1,38.0,1,False,False,False,False,False,True,False,True,1,1.0,0.9795549114881584
1540,0,1,1.0,1,1,39.0,1,True,False,False,False,True,False,False,True,1,1.0,0.9795549114881584
1541,1,1,0.0,1,0,20.0,0,False,True,True,False,True,False,False,True,0,0.0,-1.020871814608924
1542,1,1,0.0,1,0,16.0,1,False,False,False,False,True,False,False,False,1,1.0,0.9795549114881584
1543,0,0,0.0,1,0,35.0,0,False,False,False,True,True,False,True,False,0,0.0,-1.020871814608924
1544,1,1,1.0,0,1,2.0,1,True,False,False,False,False,False,True,False,1,1.0,0.9795549114881584
1545,1,1,0.0,0,0,41.0,1,False,False,False,False,True,False,False,True,1,1.0,0.9795549114881584
1546,0,0,0.0,1,1,38.0,1,False,True,True,False,False,True,False,False,1,1.0,0.9795549114881584
1547,0,0,0.0,1,1,42.0,1,True,False,False,True,True,False,False,False,1,1.0,0.9795549114881584
1548,0,1,0.0,1,0,64.0,1,False,False,False,False,False,True,True,False,1,1.0,0.9795549114881584
1549,1,0,1.0,0,0,4.0,1,False,False,False,False,True,False,False,True,1,1.0,0.9795549114881584
1550,1,1,0.0,1,1,65.0,1,False,True,True,False,False,False,False,True,1,1.0,0.9795549114881584
1551,0,0,0.0,1,1,37.0,1,False,True,False,False,False,True,True,False,1,1.0,0.9795549114881584
1552,0,1,1.0,0,1,14.0,0,False,False,True,False,False,True,True,False,0,0.0,-1.020871814608924
1553,1,1,0.0,0,0,65.0,0,False,True,True,False,False,True,False,True,0,0.0,-1.020871814608924
1554,1,0,1.0,0,0,59.0,0,False,False,True,False,False,True,False,False,0,0.0,-1.020871814608924
1555,0,0,0.0,0,0,46.0,1,False,True,False,True,False,True,False,False,1,1.0,0.9795549114881584
1556,0,0,1.0,0,1,52.0,0,False,True,False,True,True,False,False,False,0,0.0,-1.020871814608924
1557,1,0,1.0,0,0,51.0,1,True,False,True,False,False,True,False,True,1,1.0,0.9795549114881584
1558,0,1,0.0,0,0,22.0,0,False,False,True,False,False,True,False,False,0,0.0,-1.020871814608924
1559,1,1,0.0,1,0,68.0,1,False,True,False,True,False,True,False,True,1,1.0,0.9795549114881584
1560,0,1,1.0,0,1,5.0,0,False,False,True,False,False,True,False,True,0,0.0,-1.020871814608924
1561,0,0,0.0,1,0,58.0,1,False,True,False,False,True,False,False,True,1,1.0,0.9795549114881584
1562,1,1,1.0,1,1,69.0,0,False,False,True,False,False,False,False,True,0,0.0,-1.020871814608924
1563,0,1,0.0,1,1,58.0,1,False,True,True,False,True,False,False,False,1,1.0,0.9795549114881584
1564,1,0,1.0,0,0,26.0,0,True,False,False,False,False,True,False,True,0,0.0,-1.020871814608924
1565,0,1,0.0,0,0,16.0,0,True,False,False,False,False,False,False,True,0,0.0,-1.020871814608924
1566,0,0,0.0,1,0,22.0,1,False,False,False,True,True,False,True,False,1,1.0,0.9795549114881584
1567,0,1,0.0,0,0,52.0,1,False,False,False,False,False,False,False,True,1,1.0,0.9795549114881584
1568,0,0,0.0,1,0,57.0,0,False,True,False,False,True,False,False,False,0,0.0,-1.020871814608924
1569,1,1,0.0,1,0,46.0,1,False,False,False,True,False,False,True,False,1,1.0,0.9795549114881584
1570,1,1,1.0,0,0,70.0,1,True,False,False,False,False,True,True,False,1,1.0,0.9795549114881584
1571,0,1,0.0,0,0,11.0,0,False,False,False,False,False,True,False,False,0,0.0,-1.020871814608924
1572,1,1,0.0,0,0,11.0,0,True,False,False,True,False,False,False,False,0,0.0,-1.020871814608924
1573,0,0,0.0,1,0,55.0,0,False,True,False,True,False,True,True,False,0,0.0,-1.020871814608924
1574,1,1,0.0,1,1,26.0,0,False,True,False,False,True,False,True,False,0,0.0,-1.020871814608924
1575,0,1,0.0,1,1,27.0,1,True,False,False,True,False,False,False,False,1,1.0,0.9795549114881584
1576,0,0,0.0,0,0,69.0,1,False,True,False,False,False,True,False,True,1,1.0,0.9795549114881584
1577,1,1,1.0,0,0,45.0,1,False,False,False,False,False,False,False,True,1,1.0,0.9795549114881584
1578,0,0,1.0,0,1,14.0,1,False,False,False,True,False,True,False,False,1,1.0,0.9795549114881584
1579,0,1,1.0,1,1,43.0,1,True,False,True,False,False,True,False,False,1,1.0,0.9795549114881584
1580,1,1,0.0,1,0,67.0,1,False,True,False,True,False,False,False,True,1,1.0,0.9795549114881584
1581,0,1,1.0,0,0,25.0,0,False,False,False,True,False,False,False,True,0,0.0,-1.020871814608924
1582,0,1,0.0,0,1,24.0,0,False,False,False,False,True,False,True,False,0,0.0,-1.020871814608924
1583,0,0,1.0,0,0,9.0,0,False,False,False,True,False,False,True,False,0,0.0,-1.020871814608924
1584,0,1,1.0,1,0,8.0,0,False,False,False,False,False,True,False,False,0,0.0,-1.020871814608924
1585,1,1,1.0,1,1,43.0,1,False,False,True,False,False,True,True,False,1,1.0,0.9795549114881584
1586,1,1,1.0,1,0,6.0,0,True,False,False,True,True,False,False,False,0,0.0,-1.020871814608924
1587,1,1,1.0,0,1,15.0,1,False,True,False,False,False,True,True,False,1,1.0,0.9795549114881584
1588,1,1,0.0,1,1,69.0,1,True,False,True,False,True,False,False,True,1,1.0,0.9795549114881584
1589,1,1,1.0,0,1,59.0,0,False,False,True,False,True,False,True,False,0,0.0,-1.020871814608924
1590,1,0,0.0,0,1,28.0,1,False,False,False,False,False,True,False,False,1,1.0,0.9795549114881584
1591,1,1,1.0,0,0,51.0,1,True,False,False,True,False,False,False,False,1,1.0,0.9795549114881584
1592,1,0,1.0,0,1,50.0,1,False,True,True,False,False,True,False,False,1,1.0,0.9795549114881584
1593,0,1,1.0,1,0,28.0,0,False,True,False,False,False,True,False,True,0,0.0,-1.020871814608924
1594,1,1,0.0,0,0,50.0,1,False,True,True,False,True,False,False,False,1,1.0,0.9795549114881584
1595,1,0,0.0,0,0,32.0,0,True,False,False,True,False,True,True,False,0,0.0,-1.020871814608924
1596,0,0,0.0,1,1,6.0,0,True,False,True,False,False,True,False,False,0,0.0,-1.020871814608924
1597,1,0,1.0,0,1,22.0,1,True,False,False,False,False,False,False,False,1,1.0,0.9795549114881584
1598,1,0,0.0,1,1,68.0,0,False,False,True,False,False,False,False,False,0,0.0,-1.020871814608924
1599,0,1,0.0,1,1,63.0,0,False,True,True,False,True,False,False,False,0,0.0,-1.020871814608924
1600,0,0,0.0,1,0,63.0,1,True,False,False,False,False,True,False,False,1,1.0,0.9795549114881584
1601,1,1,1.0,0,1,68.0,0,True,False,False,False,False,False,True,False,0,0.0,-1.020871814608924
1602,0,0,1.0,1,1,63.0,0,False,True,True,False,False,True,True,False,0,0.0,-1.020871814608924
1603,1,1,0.0,1,1,6.0,1,False,True,False,False,False,False,True,False,1,1.0,0.9795549114881584
1604,0,1,1.0,0,0,47.0,1,False,True,True,False,False,False,False,False,1,1.0,0.9795549114881584
1605,1,1,0.0,1,1,9.0,1,True,False,False,False,False,True,False,True,1,1.0,0.9795549114881584
1606,1,1,0.0,0,0,7.0,0,False,True,False,True,False,False,False,False,0,0.0,-1.020871814608924
1607,1,0,0.0,0,0,18.0,0,True,False,False,True,False,True,True,False,0,0.0,-1.020871814608924
1608,0,1,1.0,1,1,40.0,1,True,False,False,True,True,False,False,False,1,1.0,0.9795549114881584
1609,0,1,0.0,1,0,56.0,1,False,False,True,False,False,False,False,False,1,1.0,0.9795549114881584
1610,1,1,1.0,1,0,26.0,1,True,False,False,False,False,True,False,False,1,1.0,0.9795549114881584
1611,1,1,1.0,0,0,5.0,1,True,False,True,False,True,False,False,False,1,1.0,0.9795549114881584
1612,1,0,0.0,0,1,66.0,0,False,False,True,False,False,False,True,False,0,0.0,-1.020871814608924
1613,1,1,1.0,0,0,30.0,1,False,False,True,False,False,True,True,False,1,1.0,0.9795549114881584
1614,0,1,0.0,1,0,30.0,1,False,False,True,False,False,False,False,True,1,1.0,0.9795549114881584
1615,1,1,1.0,1,1,34.0,1,False,False,True,False,False,True,True,False,1,1.0,0.9795549114881584
1616,0,1,0.0,0,0,32.0,0,False,True,True,False,True,False,False,False,0,0.0,-1.020871814608924
1617,0,1,0.0,1,0,11.0,1,False,False,False,True,False,True,False,True,1,1.0,0.9795549114881584
1618,1,1,1.0,0,0,40.0,1,False,True,False,True,True,False,False,False,1,1.0,0.9795549114881584
1619,0,1,0.0,0,0,39.0,0,True,False,True,False,False,False,True,False,0,0.0,-1.020871814608924
1620,0,1,0.0,1,0,2.0,1,False,False,False,False,False,True,True,False,1,1.0,0.9795549114881584
1621,1,1,0.0,1,0,1.0,0,False,True,True,False,True,False,False,True,0,0.0,-1.020871814608924
1622,0,1,1.0,0,1,32.0,0,False,False,True,False,False,True,True,False,0,0.0,-1.020871814608924
1623,0,1,0.0,1,0,13.0,0,False,False,False,True,False,True,False,False,0,0.0,-1.020871814608924
1624,0,1,1.0,0,1,31.0,1,False,True,True,False,False,True,True,False,1,1.0,0.9795549114881584
1625,0,0,1.0,1,0,21.0,1,True,False,False,True,False,True,False,True,1,1.0,0.9795549114881584
1626,0,1,1.0,0,1,62.0,1,False,True,True,False,False,False,False,True,1,1.0,0.9795549114881584
1627,1,0,0.0,0,1,49.0,1,False,False,False,False,False,True,True,False,1,1.0,0.9795549114881584
1628,0,0,0.0,1,0,33.0,0,False,True,True,False,False,False,True,False,0,0.0,-1.020871814608924
1629,0,1,1.0,1,0,4.0,1,False,False,False,False,False,False,False,False,1,1.0,0.9795549114881584
1630,0,0,0.0,0,0,64.0,1,True,False,False,False,False,True,False,True,1,1.0,0.9795549114881584
1631,0,0,1.0,0,1,28.0,0,False,False,False,False,False,True,False,True,0,0.0,-1.020871814608924
1632,1,1,1.0,0,1,58.0,1,False,False,True,False,False,True,False,True,1,1.0,0.9795549114881584
1633,0,0,0.0,1,0,56.0,1,True,False,False,False,True,False,True,False,1,1.0,0.9795549114881584
1634,1,1,1.0,0,1,20.0,0,False,True,False,True,False,False,False,False,0,0.0,-1.020871814608924
1635,0,1,0.0,0,0,42.0,0,True,False,False,False,True,False,False,True,0,0.0,-1.020871814608924
1636,1,1,1.0,0,1,41.0,1,True,False,False,False,True,False,True,False,1,1.0,0.9795549114881584
1637,1,1,0.0,0,1,55.0,1,False,True,True,False,False,True,True,False,1,1.0,0.9795549114881584
1638,1,1,0.0,1,1,18.0,0,False,False,False,False,True,False,True,False,0,0.0,-1.020871814608924
1639,1,0,1.0,1,0,16.0,1,True,False,True,False,True,False,True,False,1,1.0,0.9795549114881584
1640,0,0,0.0,0,0,36.0,1,False,True,True,False,True,False,False,False,1,1.0,0.9795549114881584
1641,1,0,0.0,0,0,66.0,1,False,False,False,True,False,False,True,False,1,1.0,0.9795549114881584
1642,0,1,0.0,1,0,29.0,1,False,False,True,False,False,False,False,True,1,1.0,0.9795549114881584
1643,0,1,1.0,1,0,49.0,1,False,False,False,False,True,False,False,True,1,1.0,0.9795549114881584
1644,0,0,0.0,1,1,72.0,1,False,True,False,False,False,False,False,False,1,1.0,0.9795549114881584
1645,1,1,1.0,1,0,8.0,1,False,False,False,True,False,True,False,False,1,1.0,0.9795549114881584
1646,0,1,1.0,0,1,69.0,0,True,False,True,False,False,False,True,False,0,0.0,-1.020871814608924
1647,0,0,0.0,1,1,5.0,1,False,True,False,True,True,False,False,False,1,1.0,0.9795549114881584
1648,0,0,1.0,1,1,61.0,1,False,True,False,True,True,False,True,False,1,1.0,0.9795549114881584
1649,1,0,0.0,1,0,37.0,1,False,True,True,False,False,True,True,False,1,1.0,0.9795549114881584
1650,0,1,0.0,1,0,15.0,1,False,True,False,False,False,False,False,True,1,1.0,0.9795549114881584
1651,0,0,1.0,0,0,27.0,0,True,False,True,False,False,False,False,False,0,0.0,-1.020871814608924
1652,0,1,1.0,0,0,48.0,0,False,False,True,False,False,False,True,False,0,0.0,-1.020871814608924
1653,0,0,0.0,1,1,4.0,0,False,True,False,True,False,True,True,False,0,0.0,-1.020871814608924
1654,0,0,0.0,0,1,19.0,0,False,False,True,False,False,True,False,True,0,0.0,-1.020871814608924
1655,0,1,0.0,0,1,57.0,0,False,True,True,False,False,True,True,False,0,0.0,-1.020871814608924
1656,1,1,1.0,1,0,19.0,1,False,True,False,False,False,True,False,True,1,1.0,0.9795549114881584
1657,0,1,1.0,1,0,42.0,0,False,False,False,True,False,True,True,False,0,0.0,-1.020871814608924
1658,0,0,1.0,1,0,48.0,1,False,False,False,False,False,True,False,True,1,1.0,0.9795549114881584
1659,0,1,1.0,0,0,7.0,1,True,False,False,True,True,False,True,False,1,1.0,0.9795549114881584
1660,1,0,1.0,1,0,44.0,0,False,False,True,False,True,False,False,False,0,0.0,-1.020871814608924
1661,1,1,1.0,1,0,27.0,1,True,False,False,True,False,True,False,False,1,1.0,0.9795549114881584
1662,1,1,0.0,1,0,56.0,1,True,False,False,False,True,False,False,False,1,1.0,0.9795549114881584
1663,1,0,0.0,1,0,3.0,0,False,True,True,False,False,True,False,True,0,0.0,-1.020871814608924
1664,0,0,1.0,1,0,13.0,0,True,False,False,False,False,False,True,False,0,0.0,-1.020871814608924
1665,1,1,1.0,1,0,70.0,1,True,False,False,False,True,False,True,False,1,1.0,0.9795549114881584
1666,1,1,1.0,0,0,59.0,0,False,False,False,False,False,True,False,False,0,0.0,-1.020871814608924
1667,0,1,0.0,1,1,38.0,0,False,False,False,False,False,False,False,False,0,0.0,-1.020871814608924
1668,0,0,0.0,1,1,69.0,0,True,False,False,True,False,True,True,False,0,0.0,-1.020871814608924
1669,0,0,0.0,0,0,1.0,1,True,False,False,True,True,False,False,True,1,1.0,0.9795549114881584
1670,1,1,1.0,1,1,50.0,1,False,False,False,True,False,True,False,False,1,1.0,0.9795549114881584
1671,1,0,0.0,0,0,9.0,1,False,True,True,False,True,False,False,False,1,1.0,0.9795549114881584
1672,1,1,0.0,1,0,53.0,0,False,False,False,True,False,True,False,False,0,0.0,-1.020871814608924
1673,1,1,1.0,0,0,10.0,1,True,False,True,False,False,False,True,False,1,1.0,0.9795549114881584
1674,0,0,0.0,1,1,7.0,0,False,False,False,True,True,False,True,False,0,0.0,-1.020871814608924
1675,1,0,0.0,0,0,58.0,0,False,True,False,False,True,False,False,False,0,0.0,-1.020871814608924
1676,0,1,1.0,1,1,39.0,1,False,True,False,True,False,True,True,False,1,1.0,0.9795549114881584
1677,0,0,0.0,0,0,25.0,0,False,True,True,False,True,False,True,False,0,0.0,-1.020871814608924
1678,0,1,0.0,1,0,42.0,1,True,False,False,True,False,True,False,False,1,1.0,0.9795549114881584
1679,1,0,0.0,0,0,38.0,0,False,True,True,False,False,True,False,True,0,0.0,-1.020871814608924
1680,0,0,0.0,0,0,29.0,0,True,False,False,True,True,False,False,False,0,0.0,-1.020871814608924
1681,1,1,0.0,1,0,47.0,0,True,False,False,False,False,False,False,False,0,0.0,-1.020871814608924
1682,0,0,1.0,0,0,47.0,0,True,False,True,False,False,False,False,False,0,0.0,-1.020871814608924
1683,0,1,1.0,1,0,8.0,0,False,False,False,False,False,True,False,True,0,0.0,-1.020871814608924
1684,1,1,0.0,1,1,26.0,1,True,False,False,True,False,True,True,False,1,1.0,0.9795549114881584
1685,1,1,1.0,0,0,15.0,1,False,False,False,True,True,False,False,False,1,1.0,0.9795549114881584
1686,0,1,1.0,1,0,48.0,1,False,True,False,True,False,True,True,False,1,1.0,0.9795549114881584
1687,1,0,0.0,0,0,3.0,0,False,True,False,False,True,False,False,True,0,0.0,-1.020871814608924
1688,0,1,0.0,0,1,49.0,1,False,True,True,False,True,False,True,False,1,1.0,0.9795549114881584
1689,1,1,0.0,0,0,55.0,1,False,False,True,False,False,True,True,False,1,1.0,0.9795549114881584
1690,0,1,0.0,1,0,44.0,0,False,True,False,False,True,False,False,True,0,0.0,-1.020871814608924
1691,1,1,0.0,0,1,7.0,1,True,False,False,False,False,False,True,False,1,1.0,0.9795549114881584
1692,0,1,1.0,0,1,3.0,0,False,False,True,False,True,False,False,False,0,0.0,-1.020871814608924
1693,1,1,1.0,1,0,53.0,0,False,True,False,True,False,True,True,False,0,0.0,-1.020871814608924
1694,1,1,0.0,1,0,33.0,1,True,False,False,False,False,True,False,False,1,1.0,0.9795549114881584
1695,1,0,1.0,1,1,11.0,1,True,False,False,True,False,False,False,True,1,1.0,0.9795549114881584
1696,1,0,0.0,1,1,72.0,1,False,True,False,True,False,True,False,True,1,1.0,0.9795549114881584
1697,0,0,1.0,0,0,34.0,0,False,True,False,False,True,False,False,False,0,0.0,-1.020871814608924
1698,0,1,1.0,0,1,35.0,0,False,True,True,False,True,False,True,False,0,0.0,-1.020871814608924
1699,1,0,1.0,1,1,20.0,0,False,True,False,True,False,False,False,True,0,0.0,-1.020871814608924
1700,1,0,0.0,1,0,60.0,0,False,True,False,False,True,False,False,True,0,0.0,-1.020871814608924
1701,0,1,1.0,0,1,33.0,1,False,False,True,False,False,False,False,False,1,1.0,0.9795549114881584
1702,0,1,0.0,1,1,48.0,0,False,False,False,False,True,False,False,False,0,0.0,-1.020871814608924
1703,1,1,0.0,0,0,16.0,1,True,False,False,False,True,False,False,True,1,1.0,0.9795549114881584
1704,0,0,1.0,1,0,47.0,1,False,True,False,True,True,False,False,True,1,1.0,0.9795549114881584
1705,0,1,1.0,1,0,70.0,0,True,False,True,False,True,False,True,False,0,0.0,-1.020871814608924
1706,0,0,0.0,1,0,37.0,1,False,False,False,True,True,False,False,False,1,1.0,0.9795549114881584
1707,0,0,0.0,0,0,6.0,0,False,True,False,True,False,True,True,False,0,0.0,-1.020871814608924
1708,1,0,1.0,1,0,24.0,0,False,True,False,True,False,True,True,False,0,0.0,-1.020871814608924
1709,1,1,1.0,1,1,66.0,1,False,True,False,False,False,False,False,False,1,1.0,0.9795549114881584
1710,0,1,1.0,1,1,15.0,0,False,False,False,False,True,False,True,False,0,0.0,-1.020871814608924
1711,0,1,0.0,0,0,53.0,1,False,False,True,False,True,False,False,False,1,1.0,0.9795549114881584
1712,1,1,0.0,1,1,46.0,1,True,False,True,False,False,False,False,True,1,1.0,0.9795549114881584
1713,0,0,0.0,0,1,70.0,0,True,False,True,False,False,True,False,True,0,0.0,-1.020871814608924
1714,1,1,0.0,0,0,15.0,1,False,False,False,False,True,False,True,False,1,1.0,0.9795549114881584
1715,0,1,1.0,0,1,15.0,1,True,False,False,False,True,False,True,False,1,1.0,0.9795549114881584
1716,0,0,0.0,0,1,50.0,1,True,False,False,True,True,False,False,True,1,1.0,0.9795549114881584
1717,1,0,1.0,0,0,6.0,0,False,True,False,True,False,False,True,False,0,0.0,-1.020871814608924
1718,0,0,0.0,1,0,17.0,0,True,False,False,False,True,False,True,False,0,0.0,-1.020871814608924
1719,1,0,0.0,1,0,22.0,1,False,False,False,True,False,False,False,False,1,1.0,0.9795549114881584
1720,1,1,0.0,1,1,37.0,1,False,True,False,True,False,True,False,False,1,1.0,0.9795549114881584
1721,1,0,1.0,1,0,49.0,1,False,True,False,True,True,False,False,False,1,1.0,0.9795549114881584
1722,0,1,1.0,0,0,67.0,0,False,False,True,False,False,True,True,False,0,0.0,-1.020871814608924
1723,1,0,0.0,0,0,41.0,0,False,False,False,False,True,False,False,False,0,0.0,-1.020871814608924
1724,1,1,1.0,0,0,11.0,1,False,False,False,False,False,True,False,True,1,1.0,0.9795549114881584
1725,1,1,1.0,1,1,72.0,1,True,False,False,False,False,False,False,False,1,1.0,0.9795549114881584
1726,1,1,0.0,1,1,64.0,0,True,False,False,True,False,False,False,False,0,0.0,-1.020871814608924
1727,1,1,0.0,0,1,2.0,1,False,False,False,False,True,False,True,False,1,1.0,0.9795549114881584
1728,0,0,1.0,0,1,56.0,0,True,False,False,True,True,False,False,False,0,0.0,-1.020871814608924
1729,0,0,1.0,0,0,28.0,1,True,False,False,False,False,True,False,True,1,1.0,0.9795549114881584
1730,0,1,1.0,0,1,23.0,0,True,False,False,False,False,True,False,False,0,0.0,-1.020871814608924
1731,1,0,0.0,0,0,28.0,0,False,False,True,False,True,False,False,False,0,0.0,-1.020871814608924
1732,1,1,0.0,1,0,8.0,0,False,False,False,False,False,True,False,False,0,0.0,-1.020871814608924
1733,1,0,1.0,0,1,29.0,0,False,False,True,False,False,True,False,True,0,0.0,-1.020871814608924
1734,0,1,1.0,1,0,24.0,1,False,True,False,False,False,True,True,False,1,1.0,0.9795549114881584
1735,1,0,1.0,1,0,28.0,1,False,False,True,False,False,True,False,False,1,1.0,0.9795549114881584
1736,1,1,1.0,0,0,7.0,1,True,False,True,False,True,False,False,False,1,1.0,0.9795549114881584
1737,0,1,1.0,1,0,23.0,1,True,False,True,False,False,True,True,False,1,1.0,0.9795549114881584
1738,0,1,1.0,1,0,49.0,1,False,False,False,False,False,True,False,True,1,1.0,0.9795549114881584
1739,1,1,0.0,1,1,9.0,0,False,False,False,True,True,False,False,False,0,0.0,-1.020871814608924
1740,1,1,1.0,1,0,12.0,1,False,False,False,True,False,False,False,True,1,1.0,0.9795549114881584
1741,0,0,0.0,1,0,24.0,1,False,True,False,False,True,False,True,False,1,1.0,0.9795549114881584
1742,0,1,1.0,0,0,43.0,1,True,False,True,False,False,True,False,True,1,1.0,0.9795549114881584
1743,0,1,0.0,1,0,5.0,0,False,True,False,True,True,False,True,False,0,0.0,-1.020871814608924
1744,0,1,0.0,0,0,24.0,0,True,False,False,False,False,True,False,False,0,0.0,-1.020871814608924
1745,0,1,1.0,1,0,44.0,0,False,True,True,False,False,True,False,True,0,0.0,-1.020871814608924
1746,1,0,1.0,0,0,8.0,1,False,True,False,False,False,False,False,True,1,1.0,0.9795549114881584
1747,1,0,0.0,1,0,28.0,1,True,False,False,False,True,False,False,False,1,1.0,0.9795549114881584
1748,0,1,0.0,1,0,63.0,0,False,True,False,True,False,True,False,True,0,0.0,-1.020871814608924
1749,1,1,1.0,0,1,37.0,0,False,False,False,False,True,False,True,False,0,0.0,-1.020871814608924
1750,0,1,1.0,0,0,52.0,0,False,False,False,True,True,False,True,False,0,0.0,-1.020871814608924
1751,1,1,1.0,0,1,23.0,1,True,False,False,True,True,False,False,False,1,1.0,0.9795549114881584
1752,1,1,0.0,1,1,29.0,0,False,True,True,False,False,True,False,False,0,0.0,-1.020871814608924
1753,1,0,0.0,1,0,47.0,1,False,True,False,True,False,True,True,False,1,1.0,0.9795549114881584
1754,0,1,0.0,0,1,12.0,1,True,False,False,False,True,False,False,True,1,1.0,0.9795549114881584
1755,1,1,1.0,1,0,12.0,1,False,False,False,True,True,False,False,True,1,1.0,0.9795549114881584
1756,0,0,1.0,0,0,23.0,1,False,False,True,False,True,False,False,True,1,1.0,0.9795549114881584
1757,0,1,1.0,1,1,10.0,0,True,False,False,False,False,True,True,False,0,0.0,-1.020871814608924
1758,1,1,1.0,1,1,47.0,0,False,False,False,True,False,True,False,False,0,0.0,-1.020871814608924
1759,0,1,1.0,0,0,25.0,1,True,False,True,False,True,False,False,False,1,1.0,0.9795549114881584
1760,1,0,1.0,0,1,37.0,1,False,True,False,True,False,False,False,False,1,1.0,0.9795549114881584
1761,0,1,0.0,0,0,58.0,0,True,False,False,True,True,False,True,False,0,0.0,-1.020871814608924
1762,0,0,0.0,1,0,68.0,0,False,True,True,False,True,False,False,True,0,0.0,-1.020871814608924
1763,1,0,1.0,1,1,44.0,1,True,False,True,False,False,False,True,False,1,1.0,0.9795549114881584
1764,1,0,1.0,1,1,9.0,1,False,True,False,False,False,True,False,True,1,1.0,0.9795549114881584
1765,1,0,0.0,0,1,59.0,0,False,True,False,False,False,True,False,True,0,0.0,-1.020871814608924
1766,1,1,0.0,0,1,7.0,0,True,False,True,False,False,False,False,True,0,0.0,-1.020871814608924
1767,0,0,1.0,1,0,44.0,0,True,False,False,False,False,False,True,False,0,0.0,-1.020871814608924
1768,0,0,0.0,0,1,60.0,1,False,False,False,True,True,False,True,False,1,1.0,0.9795549114881584
1769,0,1,0.0,0,1,29.0,0,False,False,False,False,False,False,False,False,0,0.0,-1.020871814608924
1770,1,1,0.0,0,1,45.0,0,False,False,False,False,True,False,True,False,0,0.0,-1.020871814608924
1771,1,0,0.0,1,1,69.0,0,True,False,False,True,False,False,False,True,0,0.0,-1.020871814608924
1772,1,0,1.0,1,0,17.0,0,True,False,False,True,True,False,True,False,0,0.0,-1.020871814608924
1773,0,1,1.0,1,0,35.0,0,False,True,False,False,True,False,True,False,0,0.0,-1.020871814608924
1774,1,0,1.0,0,1,57.0,0,True,False,False,True,True,False,True,False,0,0.0,-1.020871814608924
1775,1,0,1.0,0,0,17.0,0,True,False,True,False,False,False,False,True,0,0.0,-1.020871814608924
1776,0,1,0.0,0,0,11.0,1,False,True,False,True,False,True,False,True,1,1.0,0.9795549114881584
1777,0,0,0.0,0,0,48.0,1,False,True,True,False,False,False,True,False,1,1.0,0.9795549114881584
1778,0,1,1.0,0,0,26.0,1,False,True,True,False,False,False,False,True,1,1.0,0.9795549114881584
1779,1,1,0.0,0,0,67.0,0,False,True,False,False,False,False,False,False,0,0.0,-1.020871814608924
1780,1,0,1.0,0,1,25.0,1,False,False,False,False,False,True,False,True,1,1.0,0.9795549114881584
1781,1,1,0.0,1,1,34.0,0,True,False,False,False,False,True,False,False,0,0.0,-1.020871814608924
1782,0,0,1.0,1,1,9.0,0,True,False,False,True,False,True,False,False,0,0.0,-1.020871814608924
1783,1,0,1.0,0,0,30.0,1,False,True,True,False,False,True,False,False,1,1.0,0.9795549114881584
1784,1,1,1.0,1,0,30.0,0,False,False,False,True,False,False,True,False,0,0.0,-1.020871814608924
1785,1,1,1.0,1,1,6.0,1,False,False,False,False,True,False,True,False,1,1.0,0.9795549114881584
1786,0,1,1.0,1,0,26.0,0,False,True,True,False,False,False,False,True,0,0.0,-1.020871814608924
1787,1,1,1.0,1,0,14.0,0,False,True,False,True,False,True,False,True,0,0.0,-1.020871814608924
1788,0,1,0.0,0,1,10.0,1,False,False,False,True,True,False,False,True,1,1.0,0.9795549114881584
1789,1,1,0.0,1,1,14.0,1,True,False,False,False,False,False,False,True,1,1.0,0.9795549114881584
1790,1,0,1.0,1,0,71.0,0,False,True,False,True,True,False,False,True,0,0.0,-1.020871814608924
1791,0,1,0.0,0,0,39.0,0,False,False,False,False,False,False,True,False,0,0.0,-1.020871814608924
1792,1,1,0.0,1,1,31.0,1,True,False,False,True,False,False,False,True,1,1.0,0.9795549114881584
1793,1,1,0.0,0,1,16.0,1,False,True,False,False,False,False,False,False,1,1.0,0.9795549114881584
1794,1,0,0.0,0,1,15.0,0,True,False,False,True,True,False,False,True,0,0.0,-1.020871814608924
1795,1,0,0.0,1,0,38.0,0,False,False,False,False,False,True,True,False,0,0.0,-1.020871814608924
1796,1,0,1.0,1,1,71.0,1,False,True,False,True,False,True,True,False,1,1.0,0.9795549114881584
1797,0,0,0.0,1,0,21.0,0,True,False,False,True,False,True,False,False,0,0.0,-1.020871814608924
1798,1,0,1.0,0,1,67.0,1,False,False,False,False,False,False,True,False,1,1.0,0.9795549114881584
1799,0,0,0.0,1,1,61.0,0,False,False,False,False,True,False,False,False,0,0.0,-1.020871814608924
1800,1,0,0.0,1,0,32.0,1,False,True,True,False,False,True,False,False,1,1.0,0.9795549114881584
1801,0,1,0.0,1,1,66.0,1,False,True,True,False,False,True,True,False,1,1.0,0.9795549114881584
1802,0,1,0.0,1,0,59.0,0,False,False,True,False,False,True,True,False,0,0.0,-1.020871814608924
1803,0,0,0.0,0,0,22.0,0,False,False,True,False,False,True,True,False,0,0.0,-1.020871814608924
1804,0,1,1.0,0,1,17.0,0,False,False,False,False,False,True,False,True,0,0.0,-1.020871814608924
1805,1,0,1.0,0,1,55.0,1,False,True,False,False,True,False,False,False,1,1.0,0.9795549114881584
1806,1,1,0.0,0,0,72.0,0,True,False,True,False,False,True,True,False,0,0.0,-1.020871814608924
1807,1,0,1.0,1,1,21.0,1,False,False,False,True,False,True,False,True,1,1.0,0.9795549114881584
1808,1,0,1.0,1,1,35.0,0,True,False,False,False,False,False,False,False,0,0.0,-1.020871814608924
1809,0,1,0.0,0,1,15.0,1,False,True,True,False,False,False,False,False,1,1.0,0.9795549114881584
1810,0,1,0.0,0,1,42.0,1,False,True,False,True,False,False,True,False,1,1.0,0.9795549114881584
1811,0,0,0.0,1,1,39.0,0,True,False,False,True,True,False,True,False,0,0.0,-1.020871814608924
1812,1,0,0.0,1,1,23.0,0,True,False,True,False,False,False,True,False,0,0.0,-1.020871814608924
1813,1,1,0.0,0,0,15.0,0,True,False,True,False,False,False,True,False,0,0.0,-1.020871814608924
1814,1,0,1.0,0,1,54.0,1,False,True,False,False,False,True,False,True,1,1.0,0.9795549114881584
1815,1,1,1.0,1,1,38.0,1,False,False,True,False,True,False,False,False,1,1.0,0.9795549114881584
1816,0,0,1.0,0,0,28.0,0,False,False,False,False,False,True,True,False,0,0.0,-1.020871814608924
1817,0,1,0.0,0,1,4.0,0,False,False,True,False,True,False,False,True,0,0.0,-1.020871814608924
1818,0,1,1.0,0,0,10.0,1,False,False,False,True,False,True,False,True,1,1.0,0.9795549114881584
1819,1,1,1.0,1,0,12.0,0,False,True,False,True,False,True,False,True,0,0.0,-1.020871814608924
1820,1,1,0.0,1,1,7.0,0,False,False,False,True,False,False,True,False,0,0.0,-1.020871814608924
1821,0,1,1.0,1,0,44.0,0,False,False,False,True,False,False,False,True,0,0.0,-1.020871814608924
1822,0,0,0.0,0,0,23.0,0,False,True,False,False,False,True,False,True,0,0.0,-1.020871814608924
1823,0,0,0.0,1,0,2.0,1,False,False,False,True,False,False,False,True,1,1.0,0.9795549114881584
1824,0,0,1.0,0,1,20.0,1,False,False,False,False,True,False,False,True,1,1.0,0.9795549114881584
1825,0,1,1.0,1,0,70.0,0,True,False,True,False,False,True,True,False,0,0.0,-1.020871814608924
1826,1,1,0.0,1,1,41.0,1,False,True,False,True,False,False,False,True,1,1.0,0.9795549114881584
1827,0,0,0.0,0,0,58.0,1,True,False,False,False,False,True,False,True,1,1.0,0.9795549114881584
1828,1,0,1.0,0,0,43.0,1,True,False,False,False,True,False,True,False,1,1.0,0.9795549114881584
1829,0,1,0.0,1,0,39.0,0,False,False,True,False,False,False,False,True,0,0.0,-1.020871814608924
1830,1,1,0.0,0,1,5.0,1,True,False,False,False,False,False,True,False,1,1.0,0.9795549114881584
1831,1,0,0.0,1,0,11.0,0,False,False,False,True,False,True,True,False,0,0.0,-1.020871814608924
1832,1,0,1.0,1,0,55.0,0,False,True,True,False,False,False,False,True,0,0.0,-1.020871814608924
1833,0,1,1.0,0,1,69.0,0,True,False,False,True,True,False,False,False,0,0.0,-1.020871814608924
1834,1,1,0.0,0,1,59.0,0,False,False,False,True,False,False,True,False,0,0.0,-1.020871814608924
1835,1,1,1.0,1,0,49.0,1,False,False,False,False,False,True,True,False,1,1.0,0.9795549114881584
1836,0,0,1.0,1,0,59.0,0,False,False,False,False,False,True,False,False,0,0.0,-1.020871814608924
1837,1,0,0.0,1,0,23.0,1,False,True,True,False,False,True,True,False,1,1.0,0.9795549114881584
1838,0,0,0.0,1,0,58.0,1,False,True,False,True,True,False,False,True,1,1.0,0.9795549114881584
1839,0,1,1.0,1,0,62.0,0,False,True,True,False,False,True,True,False,0,0.0,-1.020871814608924
1840,1,1,1.0,0,1,54.0,1,False,False,False,False,True,False,False,False,1,1.0,0.9795549114881584
1841,1,0,0.0,0,1,65.0,1,False,False,False,True,True,False,True,False,1,1.0,0.9795549114881584
1842,0,1,1.0,0,0,14.0,1,False,True,False,False,False,False,True,False,1,1.0,0.9795549114881584
1843,1,1,0.0,0,0,5.0,1,False,False,False,False,False,False,False,False,1,1.0,0.9795549114881584
1844,1,0,1.0,1,1,62.0,1,True,False,False,True,False,False,True,False,1,1.0,0.9795549114881584
1845,0,0,0.0,1,0,63.0,1,False,False,True,False,False,True,False,False,1,1.0,0.9795549114881584
1846,0,0,0.0,1,1,43.0,0,False,False,False,True,False,True,False,False,0,0.0,-1.020871814608924
1847,1,0,1.0,0,0,39.0,0,True,False,False,True,False,False,False,False,0,0.0,-1.020871814608924
1848,1,0,0.0,1,1,62.0,1,False,True,False,False,False,True,False,True,1,1.0,0.9795549114881584
1849,0,1,1.0,0,0,6.0,0,False,True,False,False,False,True,True,False,0,0.0,-1.020871814608924
1850,1,1,1.0,0,1,42.0,1,False,True,True,False,True,False,True,False,1,1.0,0.9795549114881584
1851,1,0,1.0,0,1,10.0,1,False,False,False,False,False,False,False,False,1,1.0,0.9795549114881584
1852,0,0,0.0,1,0,16.0,0,True,False,True,False,True,False,False,True,0,0.0,-1.020871814608924
1853,1,1,0.0,0,0,59.0,1,False,False,False,True,True,False,False,True,1,1.0,0.9795549114881584
1854,0,1,1.0,0,1,15.0,1,False,False,True,False,False,True,False,True,1,1.0,0.9795549114881584
1855,0,1,1.0,1,0,43.0,1,False,False,True,False,False,True,False,True,1,1.0,0.9795549114881584
1856,1,0,0.0,1,0,27.0,1,False,True,False,True,False,False,True,False,1,1.0,0.9795549114881584
1857,0,0,0.0,1,0,60.0,1,False,True,True,False,True,False,False,True,1,1.0,0.9795549114881584
1858,0,1,0.0,0,0,8.0,1,False,True,False,False,False,True,False,False,1,1.0,0.9795549114881584
1859,0,1,0.0,1,1,7.0,1,True,False,True,False,False,True,False,False,1,1.0,0.9795549114881584
1860,0,0,0.0,1,0,4.0,1,False,False,False,True,True,False,False,False,1,1.0,0.9795549114881584
1861,1,1,1.0,1,0,5.0,0,True,False,False,True,True,False,True,False,0,0.0,-1.020871814608924
1862,0,1,0.0,1,1,5.0,0,True,False,False,False,False,True,False,False,0,0.0,-1.020871814608924
1863,0,1,1.0,0,1,69.0,1,False,True,False,True,False,False,False,True,1,1.0,0.9795549114881584
1864,1,0,0.0,0,0,3.0,0,False,True,False,True,True,False,True,False,0,0.0,-1.020871814608924
1865,1,0,1.0,1,0,1.0,0,True,False,True,False,False,True,False,False,0,0.0,-1.020871814608924
1866,0,0,1.0,0,0,52.0,0,False,False,False,True,False,True,False,True,0,0.0,-1.020871814608924
1867,0,1,0.0,0,1,33.0,0,False,False,True,False,False,True,False,True,0,0.0,-1.020871814608924
1868,0,0,0.0,1,1,37.0,1,False,True,False,False,False,False,False,True,1,1.0,0.9795549114881584
1869,0,0,0.0,1,1,4.0,1,False,False,False,False,False,True,False,True,1,1.0,0.9795549114881584
1870,1,1,0.0,0,0,9.0,1,False,True,True,False,False,False,False,True,1,1.0,0.9795549114881584
1871,1,1,1.0,0,1,66.0,1,False,False,True,False,False,True,False,True,1,1.0,0.9795549114881584
1872,0,0,0.0,1,0,66.0,1,False,True,False,True,True,False,True,False,1,1.0,0.9795549114881584
1873,1,1,0.0,0,1,36.0,0,False,False,False,False,False,False,False,False,0,0.0,-1.020871814608924
1874,1,0,0.0,0,1,9.0,0,True,False,False,False,True,False,False,True,0,0.0,-1.020871814608924
1875,1,1,1.0,1,0,38.0,0,False,True,True,False,False,False,False,True,0,0.0,-1.020871814608924
1876,0,0,1.0,0,0,5.0,1,False,True,True,False,False,False,True,False,1,1.0,0.9795549114881584
1877,0,0,0.0,0,0,43.0,0,True,False,False,False,False,False,False,False,0,0.0,-1.020871814608924
1878,1,0,0.0,1,0,36.0,1,False,False,True,False,True,False,True,False,1,1.0,0.9795549114881584
1879,1,1,1.0,1,1,40.0,0,True,False,True,False,True,False,True,False,0,0.0,-1.020871814608924
1880,1,0,0.0,1,0,70.0,0,True,False,False,True,False,False,True,False,0,0.0,-1.020871814608924
1881,0,0,0.0,0,0,42.0,0,True,False,False,False,False,True,True,False,0,0.0,-1.020871814608924
1882,1,0,1.0,0,0,10.0,0,True,False,True,False,False,True,True,False,0,0.0,-1.020871814608924
1883,0,1,0.0,0,0,38.0,0,False,False,False,True,False,False,False,False,0,0.0,-1.020871814608924
1884,1,0,0.0,1,0,8.0,0,False,False,False,False,True,False,False,False,0,0.0,-1.020871814608924
1885,1,1,0.0,1,1,66.0,0,True,False,False,True,True,False,False,False,0,0.0,-1.020871814608924
1886,1,1,0.0,1,1,9.0,1,False,False,False,False,False,False,False,False,1,1.0,0.9795549114881584
1887,1,0,1.0,0,0,6.0,1,True,False,True,False,False,True,True,False,1,1.0,0.9795549114881584
1888,1,0,0.0,0,1,43.0,0,True,False,True,False,False,True,True,False,0,0.0,-1.020871814608924
1889,0,1,0.0,0,0,33.0,1,False,True,False,False,False,True,True,False,1,1.0,0.9795549114881584
1890,0,1,0.0,1,1,19.0,1,True,False,False,True,True,False,False,True,1,1.0,0.9795549114881584
1891,1,0,1.0,0,1,69.0,0,True,False,False,True,True,False,False,False,0,0.0,-1.020871814608924
1892,0,0,1.0,0,1,29.0,0,False,False,True,False,False,False,False,False,0,0.0,-1.020871814608924
1893,1,1,1.0,1,1,24.0,0,False,False,False,True,False,True,True,False,0,0.0,-1.020871814608924
1894,1,1,0.0,1,0,58.0,0,False,True,False,False,False,False,False,True,0,0.0,-1.020871814608924
1895,0,1,1.0,1,1,40.0,1,False,False,False,True,False,False,False,True,1,1.0,0.9795549114881584
1896,1,0,0.0,0,0,25.0,1,True,False,False,True,False,False,True,False,1,1.0,0.9795549114881584
1897,0,1,0.0,1,0,22.0,0,True,False,False,True,False,True,False,True,0,0.0,-1.020871814608924
1898,0,0,1.0,0,1,26.0,0,True,False,False,False,False,True,False,True,0,0.0,-1.020871814608924
1899,1,1,1.0,1,1,34.0,0,False,True,True,False,False,False,False,False,0,0.0,-1.020871814608924
1900,0,0,1.0,1,1,15.0,0,True,False,False,False,True,False,False,False,0,0.0,-1.020871814608924
1901,0,0,1.0,1,1,44.0,0,True,False,False,False,True,False,True,False,0,0.0,-1.020871814608924
1902,1,1,1.0,1,0,10.0,0,True,False,False,True,False,False,False,True,0,0.0,-1.020871814608924
1903,0,1,0.0,1,1,32.0,0,False,False,True,False,False,True,True,False,0,0.0,-1.020871814608924
1904,1,0,0.0,0,1,11.0,1,False,True,True,False,False,False,False,True,1,1.0,0.9795549114881584
1905,0,1,1.0,1,1,4.0,1,False,False,False,True,True,False,True,False,1,1.0,0.9795549114881584
1906,1,0,0.0,1,0,31.0,0,True,False,False,True,False,False,False,False,0,0.0,-1.020871814608924
1907,1,0,1.0,0,1,31.0,0,False,False,True,False,False,True,True,False,0,0.0,-1.020871814608924
1908,0,1,1.0,1,0,48.0,1,False,True,True,False,True,False,True,False,1,1.0,0.9795549114881584
1909,1,1,0.0,0,1,36.0,0,False,False,False,True,False,True,True,False,0,0.0,-1.020871814608924
1910,1,0,1.0,1,0,42.0,0,True,False,True,False,True,False,False,True,0,0.0,-1.020871814608924
1911,0,1,0.0,1,0,28.0,0,False,False,False,True,False,True,False,False,0,0.0,-1.020871814608924
1912,1,0,1.0,1,1,17.0,0,True,False,False,False,True,False,True,False,0,0.0,-1.020871814608924
1913,0,1,1.0,0,1,64.0,1,True,False,False,False,False,True,False,False,1,1.0,0.9795549114881584
1914,1,0,1.0,0,0,9.0,1,True,False,True,False,True,False,False,False,1,1.0,0.9795549114881584
1915,1,0,0.0,1,0,44.0,0,False,False,True,False,False,False,False,False,0,0.0,-1.020871814608924
1916,1,0,1.0,1,0,26.0,1,True,False,False,False,False,True,False,False,1,1.0,0.9795549114881584
1917,0,1,1.0,1,1,32.0,1,True,False,True,False,True,False,False,False,1,1.0,0.9795549114881584
1918,1,1,1.0,1,0,26.0,1,True,False,False,True,False,True,False,False,1,1.0,0.9795549114881584
1919,1,0,0.0,1,1,17.0,1,False,True,True,False,False,True,True,False,1,1.0,0.9795549114881584
1920,1,0,1.0,0,1,44.0,1,True,False,False,False,False,False,False,False,1,1.0,0.9795549114881584
1921,0,0,0.0,1,1,23.0,1,False,False,True,False,False,True,True,False,1,1.0,0.9795549114881584
1922,0,1,0.0,1,0,37.0,1,False,False,False,True,False,True,True,False,1,1.0,0.9795549114881584
1923,0,1,1.0,1,1,54.0,0,False,False,False,False,False,False,True,False,0,0.0,-1.020871814608924
1924,1,0,0.0,1,1,3.0,1,True,False,True,False,False,True,False,False,1,1.0,0.9795549114881584
1925,0,0,0.0,1,0,42.0,0,False,False,True,False,False,False,True,False,0,0.0,-1.020871814608924
1926,1,1,0.0,1,0,40.0,1,True,False,False,True,True,False,True,False,1,1.0,0.9795549114881584
1927,1,1,0.0,1,0,62.0,1,False,False,False,True,True,False,False,True,1,1.0,0.9795549114881584
1928,0,1,0.0,0,1,28.0,1,False,True,True,False,False,False,False,False,1,1.0,0.9795549114881584
1929,1,0,1.0,1,1,21.0,0,False,True,False,True,False,False,True,False,0,0.0,-1.020871814608924
1930,1,0,0.0,1,1,7.0,1,True,False,False,False,False,False,False,True,1,1.0,0.9795549114881584
1931,0,0,1.0,0,1,12.0,1,True,False,False,True,False,False,False,True,1,1.0,0.9795549114881584
1932,1,1,0.0,0,1,39.0,1,False,True,True,False,True,False,True,False,1,1.0,0.9795549114881584
1933,1,0,0.0,0,1,48.0,0,False,True,False,True,False,True,True,False,0,0.0,-1.020871814608924
1934,1,1,0.0,1,0,8.0,0,False,False,True,False,False,True,True,False,0,0.0,-1.020871814608924
1935,1,1,1.0,0,1,35.0,1,False,True,False,False,True,False,False,True,1,1.0,0.9795549114881584
1936,0,1,1.0,1,1,47.0,0,False,True,False,True,True,False,False,True,0,0.0,-1.020871814608924
1937,0,1,1.0,1,1,44.0,0,False,True,False,False,False,False,True,False,0,0.0,-1.020871814608924
1938,1,1,1.0,0,0,30.0,1,False,True,False,False,True,False,False,False,1,1.0,0.9795549114881584
1939,0,1,1.0,1,1,40.0,0,False,True,True,False,False,False,False,True,0,0.0,-1.020871814608924
1940,1,1,0.0,1,0,24.0,0,False,False,False,True,True,False,False,False,0,0.0,-1.020871814608924
1941,1,0,0.0,0,0,62.0,0,True,False,True,False,True,False,True,False,0,0.0,-1.020871814608924
1942,0,0,0.0,0,0,67.0,0,False,False,True,False,True,False,True,False,0,0.0,-1.020871814608924
1943,1,0,1.0,1,1,13.0,0,False,True,False,False,True,False,False,True,0,0.0,-1.020871814608924
1944,0,0,0.0,0,0,47.0,0,False,False,False,True,True,False,True,False,0,0.0,-1.020871814608924
1945,1,0,1.0,0,0,71.0,0,False,True,False,True,False,True,False,False,0,0.0,-1.020871814608924
1946,0,1,0.0,1,1,30.0,1,True,False,False,True,True,False,True,False,1,1.0,0.9795549114881584
1947,0,1,1.0,0,1,11.0,1,False,True,False,True,False,True,True,False,1,1.0,0.9795549114881584
1948,0,0,1.0,1,0,55.0,0,False,False,False,False,False,True,False,False,0,0.0,-1.020871814608924
1949,1,0,0.0,1,0,20.0,0,False,False,False,True,False,False,True,False,0,0.0,-1.020871814608924
1950,0,1,0.0,0,0,55.0,0,False,True,False,True,False,False,True,False,0,0.0,-1.020871814608924
1951,0,0,0.0,1,0,55.0,1,True,False,False,True,False,True,False,True,1,1.0,0.9795549114881584
1952,0,0,0.0,1,0,72.0,1,True,False,False,False,False,True,False,True,1,1.0,0.9795549114881584
1953,0,0,1.0,1,1,29.0,0,False,False,False,False,False,True,True,False,0,0.0,-1.020871814608924
1954,0,0,1.0,0,1,7.0,1,False,True,False,False,False,False,False,True,1,1.0,0.9795549114881584
1955,0,0,0.0,0,0,2.0,1,False,False,False,True,True,False,False,True,1,1.0,0.9795549114881584
1956,0,0,1.0,1,0,33.0,0,True,False,False,True,False,False,False,False,0,0.0,-1.020871814608924
1957,1,1,0.0,0,0,48.0,1,False,True,False,False,True,False,False,False,1,1.0,0.9795549114881584
1958,1,0,0.0,1,0,37.0,1,True,False,True,False,False,False,False,False,1,1.0,0.9795549114881584
1959,1,1,0.0,0,0,30.0,0,False,False,True,False,True,False,True,False,0,0.0,-1.020871814608924
1960,0,1,1.0,1,0,4.0,1,True,False,False,True,True,False,False,False,1,1.0,0.9795549114881584
1961,1,1,1.0,0,0,39.0,0,False,False,False,True,False,False,False,True,0,0.0,-1.020871814608924
1962,1,1,0.0,1,1,24.0,1,False,True,True,False,True,False,True,False,1,1.0,0.9795549114881584
1963,0,0,1.0,1,1,37.0,1,True,False,False,True,True,False,False,False,1,1.0,0.9795549114881584
1964,1,0,0.0,1,1,53.0,0,False,True,False,False,True,False,False,False,0,0.0,-1.020871814608924
1965,0,0,0.0,0,0,25.0,1,False,True,True,False,False,True,False,False,1,1.0,0.9795549114881584
1966,1,0,1.0,0,1,58.0,1,False,False,False,False,False,True,False,False,1,1.0,0.9795549114881584
1967,1,0,0.0,0,1,52.0,1,False,False,True,False,False,False,True,False,1,1.0,0.9795549114881584
1968,1,0,0.0,0,1,14.0,0,False,False,True,False,False,True,False,True,0,0.0,-1.020871814608924
1969,0,0,1.0,0,1,1.0,0,True,False,False,False,False,False,False,True,0,0.0,-1.020871814608924
1970,0,1,1.0,0,0,61.0,1,False,False,False,True,False,True,True,False,1,1.0,0.9795549114881584
1971,1,0,0.0,1,1,59.0,1,False,True,False,True,False,False,False,True,1,1.0,0.9795549114881584
1972,0,0,0.0,1,1,42.0,0,False,True,False,True,False,True,False,True,0,0.0,-1.020871814608924
1973,1,1,0.0,1,1,66.0,0,False,False,True,False,False,False,True,False,0,0.0,-1.020871814608924
1974,0,0,1.0,0,0,28.0,1,False,False,False,False,False,False,True,False,1,1.0,0.9795549114881584
1975,0,0,0.0,0,0,58.0,0,False,True,False,True,False,False,True,False,0,0.0,-1.020871814608924
1976,1,1,0.0,1,0,72.0,1,True,False,False,True,False,False,False,False,1,1.0,0.9795549114881584
1977,0,0,0.0,0,0,41.0,0,False,False,False,False,False,True,False,False,0,0.0,-1.020871814608924
1978,0,1,0.0,1,1,65.0,1,False,True,True,False,True,False,False,False,1,1.0,0.9795549114881584
1979,1,1,1.0,0,1,40.0,0,True,False,False,False,False,True,False,False,0,0.0,-1.020871814608924
1980,1,1,0.0,1,1,38.0,0,False,False,True,False,False,False,True,False,0,0.0,-1.020871814608924
1981,1,1,1.0,0,1,37.0,0,False,True,True,False,False,False,False,False,0,0.0,-1.020871814608924
1982,0,0,1.0,0,0,25.0,1,True,False,False,False,True,False,False,False,1,1.0,0.9795549114881584
1983,0,1,0.0,1,0,7.0,1,True,False,False,True,False,True,False,False,1,1.0,0.9795549114881584
1984,1,1,0.0,0,1,31.0,0,False,False,True,False,False,True,False,True,0,0.0,-1.020871814608924
1985,1,0,0.0,0,0,68.0,1,False,True,False,True,False,True,False,True,1,1.0,0.9795549114881584
1986,0,0,1.0,1,0,4.0,1,False,True,False,True,False,True,False,False,1,1.0,0.9795549114881584
1987,0,0,0.0,1,0,63.0,1,False,False,False,False,True,False,False,True,1,1.0,0.9795549114881584
1988,1,0,1.0,1,0,63.0,0,True,False,False,True,False,False,False,False,0,0.0,-1.020871814608924
1989,0,0,0.0,1,0,32.0,0,False,True,False,False,False,False,True,False,0,0.0,-1.020871814608924
1990,1,1,1.0,1,0,9.0,0,False,True,False,True,True,False,True,False,0,0.0,-1.020871814608924
1991,0,1,0.0,0,0,16.0,1,False,True,False,False,False,False,True,False,1,1.0,0.9795549114881584
1992,1,0,1.0,1,0,12.0,1,False,False,False,True,False,True,False,False,1,1.0,0.9795549114881584
1993,1,1,1.0,0,0,41.0,1,False,True,False,False,True,False,True,False,1,1.0,0.9795549114881584
1994,0,0,0.0,1,0,5.0,0,False,True,False,False,False,True,True,False,0,0.0,-1.020871814608924
1995,1,0,0.0,0,0,1.0,0,False,True,True,False,False,False,False,True,0,0.0,-1.020871814608924
1996,0,0,0.0,1,1,9.0,0,True,False,False,False,False,True,True,False,0,0.0,-1.020871814608924
1997,0,1,1.0,1,0,4.0,1,False,False,False,False,False,False,False,True,1,1.0,0.9795549114881584
1998,1,1,1.0,0,1,63.0,0,False,False,True,False,True,False,False,True,0,0.0,-1.020871814608924
1999,0,0,1.0,0,1,38.0,0,True,False,False,False,False,False,False,True,0,0.0,-1.020871814608924
2000,1,1,1.0,1,0,9.0,0,True,False,False,True,False,True,False,False,0,0.0,-1.020871814608924
2001,1,0,0.0,1,1,62.0,0,True,False,True,False,True,False,False,True,0,0.0,-1.020871814608924
2002,0,1,0.0,1,1,24.0,1,False,True,False,True,True,False,True,False,1,1.0,0.9795549114881584
2003,0,0,0.0,0,0,35.0,1,False,False,False,True,False,True,False,False,1,1.0,0.9795549114881584
2004,0,0,1.0,0,0,65.0,1,False,True,True,False,True,False,False,False,1,1.0,0.9795549114881584
2005,1,1,0.0,1,1,70.0,0,False,False,False,True,False,False,False,False,0,0.0,-1.020871814608924
2006,1,0,0.0,1,0,44.0,0,False,True,True,False,False,True,True,False,0,0.0,-1.020871814608924
2007,0,1,1.0,1,0,13.0,1,False,False,False,True,False,False,False,False,1,1.0,0.9795549114881584
2008,0,1,1.0,0,1,13.0,1,True,False,False,True,False,True,False,True,1,1.0,0.9795549114881584
2009,0,1,0.0,0,0,70.0,1,False,True,False,False,True,False,True,False,1,1.0,0.9795549114881584
2010,1,0,1.0,0,0,18.0,1,False,False,True,False,False,True,True,False,1,1.0,0.9795549114881584
2011,1,0,0.0,1,1,5.0,1,False,True,False,False,False,True,False,True,1,1.0,0.9795549114881584
2012,1,1,1.0,0,1,63.0,0,False,True,False,True,True,False,False,True,0,0.0,-1.020871814608924
2013,0,1,0.0,1,0,46.0,0,False,False,True,False,False,False,False,True,0,0.0,-1.020871814608924
2014,0,1,0.0,0,1,12.0,0,False,False,False,False,True,False,False,False,0,0.0,-1.020871814608924
2015,1,0,0.0,1,0,33.0,0,True,False,False,False,False,True,False,True,0,0.0,-1.020871814608924
2016,0,0,0.0,1,0,33.0,1,False,True,False,False,True,False,False,False,1,1.0,0.9795549114881584
2017,1,1,0.0,0,0,63.0,1,False,False,True,False,True,False,True,False,1,1.0,0.9795549114881584
2018,0,1,1.0,1,1,2.0,1,False,False,False,False,True,False,False,False,1,1.0,0.9795549114881584
2019,1,0,0.0,0,0,22.0,0,True,False,False,True,False,False,False,False,0,0.0,-1.020871814608924
2020,1,1,0.0,0,1,70.0,1,False,True,False,False,True,False,False,True,1,1.0,0.9795549114881584
2021,1,1,1.0,0,0,13.0,1,True,False,False,False,False,True,False,True,1,1.0,0.9795549114881584
2022,1,1,0.0,1,1,1.0,1,True,False,False,True,False,True,False,False,1,1.0,0.9795549114881584
2023,1,1,0.0,0,1,41.0,0,False,False,True,False,False,True,True,False,0,0.0,-1.020871814608924
2024,0,0,0.0,1,0,4.0,0,False,True,False,True,False,False,False,False,0,0.0,-1.020871814608924
2025,0,0,0.0,1,1,33.0,1,False,True,False,False,True,False,True,False,1,1.0,0.9795549114881584
2026,1,0,0.0,0,1,47.0,1,False,True,True,False,True,False,False,False,1,1.0,0.9795549114881584
2027,1,1,1.0,0,1,56.0,0,False,False,True,False,False,True,False,True,0,0.0,-1.020871814608924
2028,1,1,0.0,0,0,13.0,1,False,False,True,False,False,False,False,False,1,1.0,0.9795549114881584
2029,1,1,0.0,0,1,67.0,0,True,False,False,False,False,True,False,True,0,0.0,-1.020871814608924
2030,0,0,0.0,0,0,53.0,1,False,True,True,False,False,True,False,False,1,1.0,0.9795549114881584
2031,0,1,1.0,1,0,18.0,0,True,False,False,False,False,True,False,False,0,0.0,-1.020871814608924
2032,1,1,0.0,1,1,59.0,0,False,False,False,True,True,False,True,False,0,0.0,-1.020871814608924
2033,0,0,0.0,0,0,56.0,1,False,True,True,False,False,True,False,False,1,1.0,0.9795549114881584
2034,0,0,1.0,1,0,35.0,1,True,False,False,False,False,False,True,False,1,1.0,0.9795549114881584
2035,0,0,0.0,1,0,55.0,0,False,False,False,False,False,False,False,True,0,0.0,-1.020871814608924
2036,1,1,0.0,1,1,9.0,1,True,False,False,False,True,False,False,False,1,1.0,0.9795549114881584
2037,1,0,0.0,1,1,44.0,1,True,False,True,False,False,False,False,True,1,1.0,0.9795549114881584
2038,0,0,0.0,1,1,27.0,1,True,False,False,False,False,False,True,False,1,1.0,0.9795549114881584
2039,0,1,1.0,0,1,63.0,1,True,False,False,False,False,False,True,False,1,1.0,0.9795549114881584
2040,1,1,0.0,0,1,58.0,1,False,False,False,True,False,False,False,True,1,1.0,0.9795549114881584
2041,1,0,1.0,0,0,63.0,0,True,False,False,False,False,False,False,False,0,0.0,-1.020871814608924
2042,1,1,1.0,1,0,65.0,1,False,True,False,True,False,False,False,True,1,1.0,0.9795549114881584
2043,0,0,1.0,0,0,13.0,0,False,True,False,True,False,False,False,False,0,0.0,-1.020871814608924
2044,0,1,0.0,1,0,63.0,1,True,False,True,False,False,False,False,True,1,1.0,0.9795549114881584
2045,1,1,1.0,0,0,71.0,1,True,False,True,False,False,True,False,False,1,1.0,0.9795549114881584
2046,1,1,0.0,1,1,3.0,0,True,False,True,False,True,False,True,False,0,0.0,-1.020871814608924
2047,1,0,1.0,0,1,46.0,1,True,False,True,False,True,False,False,False,1,1.0,0.9795549114881584
2048,0,0,1.0,1,1,12.0,1,True,False,False,False,False,False,False,True,1,1.0,0.9795549114881584
2049,0,0,1.0,0,0,63.0,0,False,True,True,False,False,True,True,False,0,0.0,-1.020871814608924
2050,1,1,0.0,0,0,55.0,0,True,False,True,False,False,False,False,False,0,0.0,-1.020871814608924
2051,0,1,0.0,1,0,71.0,0,False,False,False,True,True,False,True,False,0,0.0,-1.020871814608924
2052,0,1,0.0,1,0,60.0,0,False,True,False,True,True,False,True,False,0,0.0,-1.020871814608924
2053,0,1,1.0,0,0,68.0,1,False,True,True,False,False,False,False,True,1,1.0,0.9795549114881584
2054,0,0,1.0,1,0,35.0,1,False,False,False,True,False,False,False,True,1,1.0,0.9795549114881584
2055,0,1,1.0,1,1,13.0,0,True,False,False,False,False,True,True,False,0,0.0,-1.020871814608924
2056,0,1,0.0,0,1,14.0,1,True,False,False,True,False,False,True,False,1,1.0,0.9795549114881584
2057,1,0,1.0,1,1,37.0,1,True,False,False,True,True,False,True,False,1,1.0,0.9795549114881584
2058,0,1,1.0,0,1,5.0,1,False,True,True,False,False,False,True,False,1,1.0,0.9795549114881584
2059,1,1,0.0,1,1,4.0,0,True,False,False,False,False,True,False,True,0,0.0,-1.020871814608924
2060,1,1,0.0,0,1,2.0,1,False,False,False,True,False,False,False,False,1,1.0,0.9795549114881584
2061,1,0,1.0,0,0,18.0,1,True,False,True,False,False,True,False,False,1,1.0,0.9795549114881584
2062,0,1,0.0,0,0,22.0,0,False,False,True,False,True,False,False,False,0,0.0,-1.020871814608924
2063,0,1,0.0,1,0,10.0,1,False,True,False,True,False,False,False,True,1,1.0,0.9795549114881584
2064,0,1,0.0,1,1,6.0,1,False,True,True,False,False,True,True,False,1,1.0,0.9795549114881584
2065,1,1,1.0,1,1,29.0,1,False,True,False,False,True,False,False,False,1,1.0,0.9795549114881584
2066,1,0,0.0,1,1,19.0,1,True,False,True,False,False,False,False,True,1,1.0,0.9795549114881584
2067,0,0,1.0,0,0,20.0,0,False,True,True,False,False,True,False,False,0,0.0,-1.020871814608924
2068,0,0,0.0,0,1,33.0,1,False,False,False,False,True,False,True,False,1,1.0,0.9795549114881584
2069,0,1,0.0,1,1,56.0,1,True,False,False,True,False,False,False,False,1,1.0,0.9795549114881584
2070,0,1,0.0,1,0,69.0,0,True,False,False,True,False,False,False,True,0,0.0,-1.020871814608924
2071,1,0,0.0,1,1,7.0,0,False,True,True,False,True,False,False,False,0,0.0,-1.020871814608924
2072,1,1,0.0,0,1,32.0,1,False,False,True,False,True,False,False,False,1,1.0,0.9795549114881584
2073,1,1,1.0,0,1,21.0,1,False,False,False,False,False,True,False,False,1,1.0,0.9795549114881584
2074,0,0,1.0,0,0,32.0,1,True,False,True,False,True,False,True,False,1,1.0,0.9795549114881584
2075,0,1,1.0,1,1,14.0,0,True,False,False,True,False,True,True,False,0,0.0,-1.020871814608924
2076,0,1,1.0,1,1,70.0,0,False,True,False,True,False,True,False,False,0,0.0,-1.020871814608924
2077,1,1,1.0,0,0,46.0,0,False,True,True,False,False,True,False,False,0,0.0,-1.020871814608924
2078,0,1,1.0,1,0,59.0,0,True,False,False,True,False,True,True,False,0,0.0,-1.020871814608924
2079,0,0,0.0,0,1,44.0,1,True,False,False,True,False,False,False,True,1,1.0,0.9795549114881584
2080,0,1,0.0,0,1,42.0,0,False,False,False,False,False,False,False,True,0,0.0,-1.020871814608924
2081,1,1,1.0,0,1,47.0,0,False,True,False,True,False,True,True,False,0,0.0,-1.020871814608924
2082,0,0,1.0,1,0,9.0,0,True,False,False,False,False,False,False,True,0,0.0,-1.020871814608924
2083,0,1,0.0,1,1,58.0,0,True,False,True,False,False,False,False,True,0,0.0,-1.020871814608924
2084,0,0,0.0,0,1,29.0,1,False,False,True,False,True,False,False,True,1,1.0,0.9795549114881584
2085,0,1,0.0,1,1,66.0,0,True,False,False,False,False,False,False,True,0,0.0,-1.020871814608924
2086,0,1,1.0,1,0,52.0,1,False,True,True,False,False,True,False,True,1,1.0,0.9795549114881584
2087,0,1,1.0,0,1,60.0,0,False,False,False,True,True,False,False,False,0,0.0,-1.020871814608924
2088,1,1,1.0,1,1,56.0,0,True,False,False,False,False,False,False,False,0,0.0,-1.020871814608924
2089,1,0,0.0,1,0,65.0,1,True,False,True,False,False,False,False,True,1,1.0,0.9795549114881584
2090,1,1,1.0,1,0,11.0,1,False,False,False,True,False,False,True,False,1,1.0,0.9795549114881584
2091,0,0,1.0,1,0,25.0,0,False,True,False,True,False,False,True,False,0,0.0,-1.020871814608924
2092,0,1,1.0,0,1,12.0,1,False,True,False,False,True,False,False,True,1,1.0,0.9795549114881584
2093,0,1,0.0,1,1,52.0,1,False,False,False,True,False,False,False,True,1,1.0,0.9795549114881584
2094,1,0,1.0,0,0,11.0,0,False,False,False,False,True,False,False,True,0,0.0,-1.020871814608924
2095,1,1,1.0,0,1,63.0,1,True,False,False,True,False,True,True,False,1,1.0,0.9795549114881584
2096,1,0,1.0,1,0,56.0,0,False,False,True,False,False,False,True,False,0,0.0,-1.020871814608924
2097,0,1,1.0,1,1,68.0,0,False,True,True,False,False,True,True,False,0,0.0,-1.020871814608924
2098,1,0,1.0,0,1,48.0,1,False,False,True,False,False,False,False,False,1,1.0,0.9795549114881584
2099,1,1,1.0,0,1,18.0,1,False,False,True,False,True,False,False,True,1,1.0,0.9795549114881584
2100,0,1,1.0,1,1,38.0,1,False,False,False,True,False,False,False,False,1,1.0,0.9795549114881584
2101,0,0,1.0,1,0,65.0,1,True,False,False,False,False,True,False,True,1,1.0,0.9795549114881584
2102,1,1,0.0,0,1,17.0,1,False,False,False,True,False,False,False,True,1,1.0,0.9795549114881584
2103,1,1,0.0,0,1,38.0,0,True,False,True,False,True,False,True,False,0,0.0,-1.020871814608924
2104,0,0,1.0,0,1,63.0,0,False,False,False,True,False,False,True,False,0,0.0,-1.020871814608924
2105,1,0,0.0,1,1,42.0,0,False,True,True,False,True,False,True,False,0,0.0,-1.020871814608924
2106,0,0,0.0,0,0,59.0,1,False,False,False,False,False,False,False,True,1,1.0,0.9795549114881584
2107,0,1,1.0,1,0,35.0,1,False,False,False,True,False,False,False,True,1,1.0,0.9795549114881584
2108,1,1,1.0,1,0,13.0,0,True,False,True,False,False,True,True,False,0,0.0,-1.020871814608924
2109,0,0,1.0,0,1,40.0,0,False,False,False,False,False,False,False,False,0,0.0,-1.020871814608924
2110,1,0,0.0,1,1,4.0,0,True,False,True,False,False,False,False,False,0,0.0,-1.020871814608924
2111,1,0,0.0,1,0,24.0,1,False,True,False,True,False,True,False,True,1,1.0,0.9795549114881584
2112,1,1,1.0,1,1,9.0,0,True,False,False,False,True,False,False,True,0,0.0,-1.020871814608924
2113,1,0,1.0,0,0,49.0,1,False,False,False,False,True,False,False,True,1,1.0,0.9795549114881584
2114,1,0,1.0,0,1,2.0,0,False,False,False,False,True,False,True,False,0,0.0,-1.020871814608924
2115,1,1,0.0,1,1,28.0,0,False,False,False,False,True,False,False,True,0,0.0,-1.020871814608924
2116,0,0,0.0,1,0,7.0,1,True,False,True,False,False,True,False,False,1,1.0,0.9795549114881584
2117,0,0,1.0,1,0,56.0,1,True,False,False,False,False,True,False,False,1,1.0,0.9795549114881584
2118,0,0,1.0,0,1,57.0,1,True,False,False,True,False,True,True,False,1,1.0,0.9795549114881584
2119,1,0,0.0,0,0,47.0,0,False,True,True,False,False,False,False,True,0,0.0,-1.020871814608924
2120,0,0,1.0,1,0,19.0,1,False,True,False,True,False,False,False,True,1,1.0,0.9795549114881584
2121,1,1,0.0,1,0,19.0,1,False,False,False,True,True,False,True,False,1,1.0,0.9795549114881584
2122,1,1,0.0,1,0,2.0,1,False,False,False,False,False,True,False,True,1,1.0,0.9795549114881584
2123,1,1,0.0,0,0,59.0,1,False,True,False,False,False,False,False,True,1,1.0,0.9795549114881584
2124,0,0,1.0,0,0,70.0,0,True,False,False,False,True,False,True,False,0,0.0,-1.020871814608924
2125,0,1,1.0,0,0,71.0,0,True,False,False,True,False,False,False,True,0,0.0,-1.020871814608924
2126,0,0,0.0,0,1,65.0,1,True,False,False,True,True,False,False,False,1,1.0,0.9795549114881584
2127,1,1,0.0,1,0,70.0,0,False,False,False,False,True,False,False,False,0,0.0,-1.020871814608924
2128,1,0,0.0,1,0,63.0,1,False,False,False,True,False,True,False,True,1,1.0,0.9795549114881584
2129,1,0,0.0,0,1,40.0,0,True,False,False,True,True,False,True,False,0,0.0,-1.020871814608924
2130,1,0,1.0,1,0,66.0,0,True,False,False,True,False,False,False,True,0,0.0,-1.020871814608924
2131,1,0,0.0,0,0,4.0,1,True,False,False,False,False,True,True,False,1,1.0,0.9795549114881584
2132,0,0,0.0,0,1,34.0,1,False,True,True,False,False,False,False,True,1,1.0,0.9795549114881584
2133,0,0,1.0,1,0,6.0,1,True,False,True,False,True,False,False,False,1,1.0,0.9795549114881584
2134,0,1,0.0,0,0,7.0,0,False,True,False,False,True,False,True,False,0,0.0,-1.020871814608924
2135,0,1,0.0,1,0,61.0,0,False,True,True,False,False,True,False,True,0,0.0,-1.020871814608924
2136,0,1,1.0,1,0,27.0,0,True,False,False,False,True,False,False,True,0,0.0,-1.020871814608924
2137,0,0,1.0,1,1,61.0,0,False,False,False,False,False,False,True,False,0,0.0,-1.020871814608924
2138,0,0,1.0,1,1,61.0,1,False,False,False,True,False,False,True,False,1,1.0,0.9795549114881584
2139,1,0,0.0,1,0,50.0,0,False,False,True,False,True,False,False,True,0,0.0,-1.020871814608924
2140,0,1,1.0,0,0,41.0,0,False,True,False,False,False,False,False,False,0,0.0,-1.020871814608924
2141,0,1,1.0,0,1,33.0,0,False,False,False,False,False,True,False,True,0,0.0,-1.020871814608924
2142,1,0,0.0,0,0,12.0,0,True,False,True,False,False,False,False,True,0,0.0,-1.020871814608924
2143,0,1,0.0,0,1,2.0,0,False,False,False,True,False,False,False,False,0,0.0,-1.020871814608924
2144,0,0,0.0,0,0,2.0,0,True,False,False,True,False,True,False,True,0,0.0,-1.020871814608924
2145,0,1,0.0,0,1,16.0,0,False,False,False,False,False,False,True,False,0,0.0,-1.020871814608924
2146,0,0,0.0,1,1,40.0,1,False,True,False,False,True,False,False,False,1,1.0,0.9795549114881584
2147,1,1,1.0,0,0,60.0,1,False,True,True,False,False,False,False,False,1,1.0,0.9795549114881584
2148,0,1,0.0,1,0,61.0,1,False,True,False,False,False,True,True,False,1,1.0,0.9795549114881584
2149,0,0,0.0,1,1,29.0,0,True,False,False,False,False,False,False,False,0,0.0,-1.020871814608924
2150,0,0,0.0,0,0,70.0,1,True,False,False,False,False,True,False,True,1,1.0,0.9795549114881584
2151,1,0,1.0,0,0,31.0,1,False,False,False,False,False,False,True,False,1,1.0,0.9795549114881584
2152,0,0,1.0,0,1,38.0,1,True,False,False,False,False,False,True,False,1,1.0,0.9795549114881584
2153,0,0,1.0,1,1,28.0,0,False,True,False,False,False,True,True,False,0,0.0,-1.020871814608924
2154,0,1,1.0,0,0,13.0,1,False,False,False,True,False,True,True,False,1,1.0,0.9795549114881584
2155,0,1,0.0,0,0,65.0,0,True,False,True,False,False,True,False,True,0,0.0,-1.020871814608924
2156,0,1,0.0,0,0,66.0,1,True,False,False,False,False,True,True,False,1,1.0,0.9795549114881584
2157,0,0,1.0,1,1,71.0,1,False,True,False,False,False,False,False,True,1,1.0,0.9795549114881584
2158,0,1,1.0,1,1,37.0,1,True,False,False,False,True,False,True,False,1,1.0,0.9795549114881584
2159,0,1,1.0,0,1,3.0,1,True,False,False,True,False,False,False,True,1,1.0,0.9795549114881584
2160,0,1,1.0,0,0,48.0,1,True,False,False,True,False,False,True,False,1,1.0,0.9795549114881584
2161,0,1,1.0,1,0,47.0,1,False,True,False,False,True,False,False,True,1,1.0,0.9795549114881584
2162,1,1,1.0,0,0,3.0,1,True,False,False,True,False,True,False,False,1,1.0,0.9795549114881584
2163,0,0,0.0,1,0,50.0,0,True,False,False,True,True,False,True,False,0,0.0,-1.020871814608924
2164,1,0,0.0,0,1,10.0,0,False,True,True,False,True,False,False,False,0,0.0,-1.020871814608924
2165,0,1,1.0,0,0,61.0,1,False,True,False,False,False,False,False,False,1,1.0,0.9795549114881584
2166,0,0,0.0,0,1,61.0,1,False,True,True,False,False,True,False,True,1,1.0,0.9795549114881584
2167,1,1,1.0,0,0,23.0,1,False,False,False,False,False,True,False,True,1,1.0,0.9795549114881584
2168,0,1,0.0,1,1,60.0,0,False,True,True,False,False,True,False,False,0,0.0,-1.020871814608924
2169,0,0,0.0,1,1,67.0,1,True,False,True,False,True,False,False,False,1,1.0,0.9795549114881584
2170,1,1,0.0,1,0,54.0,1,False,True,False,False,True,False,True,False,1,1.0,0.9795549114881584
2171,0,1,1.0,0,1,27.0,1,False,True,False,False,True,False,False,True,1,1.0,0.9795549114881584
2172,1,1,1.0,0,1,3.0,0,False,False,False,True,False,False,True,False,0,0.0,-1.020871814608924
2173,1,0,1.0,0,1,27.0,0,True,False,True,False,False,True,False,False,0,0.0,-1.020871814608924
2174,1,1,0.0,0,1,24.0,0,False,True,False,False,False,True,False,True,0,0.0,-1.020871814608924
2175,0,0,1.0,1,1,46.0,1,False,False,False,True,False,False,False,False,1,1.0,0.9795549114881584
2176,0,0,1.0,1,1,44.0,0,False,True,False,True,False,False,False,False,0,0.0,-1.020871814608924
2177,1,0,0.0,0,1,16.0,0,False,True,False,False,True,False,False,False,0,0.0,-1.020871814608924
2178,1,0,0.0,1,0,65.0,0,False,True,False,True,False,False,False,True,0,0.0,-1.020871814608924
2179,1,1,0.0,1,0,69.0,0,False,True,True,False,False,True,False,True,0,0.0,-1.020871814608924
2180,1,1,0.0,1,0,47.0,0,False,True,True,False,False,False,True,False,0,0.0,-1.020871814608924
2181,0,0,0.0,1,0,21.0,1,True,False,True,False,True,False,True,False,1,1.0,0.9795549114881584
2182,0,1,0.0,1,1,24.0,0,False,False,False,True,True,False,False,False,0,0.0,-1.020871814608924
2183,0,0,1.0,0,1,18.0,1,False,True,False,True,True,False,True,False,1,1.0,0.9795549114881584
2184,1,0,0.0,0,0,54.0,0,False,True,False,True,False,True,True,False,0,0.0,-1.020871814608924
2185,0,1,0.0,0,0,26.0,1,False,True,True,False,False,False,False,False,1,1.0,0.9795549114881584
2186,0,1,1.0,1,0,60.0,0,False,False,False,False,False,True,False,False,0,0.0,-1.020871814608924
2187,0,0,0.0,0,0,65.0,0,True,False,False,False,False,False,False,False,0,0.0,-1.020871814608924
2188,1,1,0.0,1,1,59.0,0,False,False,False,False,False,False,False,False,0,0.0,-1.020871814608924
2189,1,0,0.0,0,0,17.0,1,False,False,True,False,False,True,True,False,1,1.0,0.9795549114881584
2190,0,0,0.0,1,0,62.0,0,False,False,False,True,True,False,True,False,0,0.0,-1.020871814608924
2191,1,0,1.0,0,1,38.0,0,False,True,False,True,True,False,True,False,0,0.0,-1.020871814608924
2192,1,0,0.0,0,1,14.0,0,False,False,False,False,False,False,True,False,0,0.0,-1.020871814608924
2193,1,1,0.0,1,1,40.0,0,False,True,False,False,False,True,False,True,0,0.0,-1.020871814608924
2194,0,0,0.0,0,0,41.0,1,False,True,True,False,False,False,False,True,1,1.0,0.9795549114881584
2195,1,0,0.0,1,0,38.0,1,True,False,False,True,False,True,False,True,1,1.0,0.9795549114881584
2196,1,1,0.0,1,0,18.0,0,False,True,True,False,True,False,False,False,0,0.0,-1.020871814608924
2197,0,0,0.0,1,1,17.0,0,True,False,True,False,True,False,False,True,0,0.0,-1.020871814608924
2198,1,0,1.0,1,1,16.0,1,False,True,False,False,False,True,False,True,1,1.0,0.9795549114881584
2199,0,1,0.0,0,0,42.0,0,False,False,False,False,False,True,False,True,0,0.0,-1.020871814608924
2200,0,1,0.0,0,1,21.0,0,False,False,False,False,False,True,False,False,0,0.0,-1.020871814608924
2201,0,1,1.0,1,1,57.0,0,False,True,False,False,False,True,True,False,0,0.0,-1.020871814608924
2202,0,1,1.0,0,0,71.0,0,False,False,True,False,False,False,False,True,0,0.0,-1.020871814608924
2203,1,0,0.0,0,0,69.0,1,False,True,False,True,False,False,False,True,1,1.0,0.9795549114881584
2204,0,0,0.0,1,1,69.0,1,False,False,False,True,False,True,False,True,1,1.0,0.9795549114881584
2205,0,1,0.0,1,0,24.0,1,False,False,False,True,False,False,False,True,1,1.0,0.9795549114881584
2206,0,1,1.0,1,1,55.0,1,True,False,True,False,False,False,False,True,1,1.0,0.9795549114881584
2207,1,0,0.0,0,0,14.0,0,False,True,True,False,False,False,False,False,0,0.0,-1.020871814608924
2208,1,1,0.0,0,0,4.0,1,False,False,False,False,False,True,False,True,1,1.0,0.9795549114881584
2209,1,0,0.0,1,0,53.0,1,True,False,False,False,False,False,True,False,1,1.0,0.9795549114881584
2210,0,1,1.0,1,1,71.0,1,False,False,False,True,False,False,True,False,1,1.0,0.9795549114881584
2211,0,0,1.0,1,1,55.0,0,True,False,False,True,True,False,False,False,0,0.0,-1.020871814608924
2212,0,1,1.0,0,1,42.0,0,False,True,False,True,False,False,False,False,0,0.0,-1.020871814608924
2213,1,1,0.0,1,1,45.0,0,False,True,True,False,True,False,False,False,0,0.0,-1.020871814608924
2214,0,0,0.0,0,0,29.0,1,True,False,False,True,True,False,False,False,1,1.0,0.9795549114881584
2215,0,0,1.0,0,0,70.0,1,False,True,False,True,True,False,True,False,1,1.0,0.9795549114881584
2216,1,0,1.0,1,0,27.0,1,False,False,True,False,False,True,False,True,1,1.0,0.9795549114881584
2217,0,1,1.0,0,0,49.0,0,False,True,False,True,True,False,False,False,0,0.0,-1.020871814608924
2218,0,0,1.0,1,1,17.0,0,True,False,False,True,True,False,False,False,0,0.0,-1.020871814608924
2219,1,0,1.0,0,1,38.0,0,False,True,False,False,True,False,False,False,0,0.0,-1.020871814608924
2220,0,0,0.0,1,1,50.0,1,False,True,True,False,True,False,False,True,1,1.0,0.9795549114881584
2221,1,1,1.0,1,1,21.0,1,False,False,True,False,False,True,True,False,1,1.0,0.9795549114881584
2222,0,1,0.0,1,1,71.0,0,True,False,True,False,False,False,True,False,0,0.0,-1.020871814608924
2223,1,0,1.0,1,0,44.0,0,False,False,False,False,True,False,True,False,0,0.0,-1.020871814608924
2224,0,1,1.0,1,0,64.0,1,False,False,False,True,False,False,True,False,1,1.0,0.9795549114881584
2225,1,1,0.0,1,0,13.0,1,False,False,False,False,True,False,True,False,1,1.0,0.9795549114881584
2226,0,0,1.0,0,0,25.0,0,False,True,False,False,True,False,False,True,0,0.0,-1.020871814608924
2227,0,1,1.0,1,1,29.0,0,True,False,False,False,False,True,True,False,0,0.0,-1.020871814608924
2228,0,0,0.0,1,1,10.0,0,True,False,False,False,True,False,False,False,0,0.0,-1.020871814608924
2229,1,0,0.0,0,1,25.0,0,True,False,False,True,False,True,True,False,0,0.0,-1.020871814608924
2230,0,0,0.0,1,1,16.0,1,True,False,False,True,False,True,True,False,1,1.0,0.9795549114881584
2231,0,1,0.0,0,1,28.0,1,False,True,False,False,False,False,True,False,1,1.0,0.9795549114881584
2232,1,0,1.0,1,1,44.0,0,False,False,False,False,True,False,False,True,0,0.0,-1.020871814608924
2233,0,1,1.0,0,0,58.0,0,False,False,True,False,False,False,False,False,0,0.0,-1.020871814608924
2234,1,1,1.0,1,0,53.0,0,False,False,True,False,False,False,True,False,0,0.0,-1.020871814608924
2235,0,1,0.0,1,0,61.0,1,False,False,True,False,True,False,True,False,1,1.0,0.9795549114881584
2236,0,0,0.0,0,0,50.0,1,False,True,True,False,False,True,True,False,1,1.0,0.9795549114881584
2237,0,0,1.0,0,0,27.0,1,True,False,True,False,False,True,False,True,1,1.0,0.9795549114881584
2238,0,1,1.0,1,1,35.0,1,False,True,False,True,False,True,False,False,1,1.0,0.9795549114881584
2239,1,1,1.0,0,1,53.0,0,True,False,True,False,False,True,False,True,0,0.0,-1.020871814608924
2240,0,1,0.0,1,0,46.0,1,False,True,True,False,True,False,False,True,1,1.0,0.9795549114881584
2241,1,0,1.0,1,0,68.0,0,True,False,False,True,False,True,False,True,0,0.0,-1.020871814608924
2242,0,1,0.0,0,1,22.0,1,True,False,True,False,False,True,False,False,1,1.0,0.9795549114881584
2243,0,1,0.0,1,1,6.0,1,False,True,True,False,True,False,False,False,1,1.0,0.9795549114881584
2244,0,0,1.0,1,0,52.0,1,True,False,True,False,False,False,False,False,1,1.0,0.9795549114881584
2245,1,0,1.0,0,1,43.0,1,True,False,False,False,False,False,True,False,1,1.0,0.9795549114881584
2246,0,0,0.0,1,1,34.0,1,True,False,True,False,True,False,False,False,1,1.0,0.9795549114881584
2247,1,0,1.0,0,0,31.0,1,False,False,False,False,False,False,False,False,1,1.0,0.9795549114881584
2248,0,1,0.0,0,1,5.0,0,True,False,False,True,False,False,True,False,0,0.0,-1.020871814608924
2249,0,0,1.0,0,1,38.0,1,False,True,False,True,True,False,False,True,1,1.0,0.9795549114881584
2250,1,0,0.0,1,1,53.0,1,False,False,False,False,True,False,True,False,1,1.0,0.9795549114881584
2251,1,0,0.0,0,0,23.0,1,True,False,False,True,True,False,True,False,1,1.0,0.9795549114881584
2252,1,0,0.0,0,0,26.0,1,False,True,True,False,False,True,False,False,1,1.0,0.9795549114881584
2253,1,1,0.0,1,1,18.0,1,False,False,True,False,False,False,False,False,1,1.0,0.9795549114881584
2254,1,1,1.0,0,1,69.0,0,True,False,False,True,False,True,False,False,0,0.0,-1.020871814608924
2255,0,0,0.0,0,1,46.0,0,False,False,True,False,False,False,False,True,0,0.0,-1.020871814608924
2256,1,0,1.0,1,0,32.0,1,False,False,True,False,False,True,False,False,1,1.0,0.9795549114881584
2257,1,0,1.0,0,1,15.0,0,False,True,False,False,False,True,False,True,0,0.0,-1.020871814608924
2258,0,1,1.0,1,0,71.0,0,False,False,True,False,True,False,False,False,0,0.0,-1.020871814608924
2259,1,1,0.0,1,1,69.0,0,False,False,False,False,False,False,True,False,0,0.0,-1.020871814608924
2260,1,1,1.0,0,1,35.0,0,False,False,True,False,False,False,False,False,0,0.0,-1.020871814608924
2261,1,1,1.0,0,1,36.0,1,True,False,False,True,False,True,True,False,1,1.0,0.9795549114881584
2262,0,0,0.0,0,1,36.0,0,True,False,False,False,False,True,False,True,0,0.0,-1.020871814608924
2263,1,1,0.0,0,0,38.0,1,False,False,False,True,False,True,True,False,1,1.0,0.9795549114881584
2264,1,1,0.0,1,1,8.0,1,False,False,False,True,True,False,False,False,1,1.0,0.9795549114881584
2265,0,1,1.0,0,0,18.0,0,False,False,True,False,False,False,True,False,0,0.0,-1.020871814608924
2266,0,1,1.0,0,1,1.0,1,True,False,True,False,True,False,False,False,1,1.0,0.9795549114881584
2267,0,1,0.0,0,1,38.0,0,False,False,False,False,True,False,False,True,0,0.0,-1.020871814608924
2268,1,1,1.0,0,1,41.0,1,False,True,False,True,True,False,True,False,1,1.0,0.9795549114881584
2269,0,0,1.0,0,1,13.0,0,False,True,False,True,True,False,False,False,0,0.0,-1.020871814608924
2270,0,1,0.0,1,0,18.0,0,False,True,True,False,False,False,False,False,0,0.0,-1.020871814608924
2271,1,1,0.0,0,1,70.0,1,True,False,False,False,False,True,False,True,1,1.0,0.9795549114881584
2272,1,1,1.0,0,1,71.0,0,True,False,True,False,False,True,True,False,0,0.0,-1.020871814608924
2273,0,1,0.0,1,0,71.0,1,False,True,True,False,False,False,True,False,1,1.0,0.9795549114881584
2274,1,1,1.0,0,1,48.0,0,True,False,False,True,False,True,True,False,0,0.0,-1.020871814608924
2275,0,1,1.0,1,1,47.0,0,True,False,True,False,False,True,False,False,0,0.0,-1.020871814608924
2276,1,1,0.0,1,1,19.0,0,True,False,True,False,False,False,False,True,0,0.0,-1.020871814608924
2277,0,1,1.0,1,0,15.0,0,False,False,False,False,False,True,True,False,0,0.0,-1.020871814608924
2278,0,0,1.0,0,0,52.0,0,True,False,False,False,False,False,False,False,0,0.0,-1.020871814608924
2279,0,0,1.0,0,1,31.0,0,False,True,True,False,True,False,False,True,0,0.0,-1.020871814608924
2280,0,0,1.0,0,1,7.0,1,False,True,False,True,False,False,False,True,1,1.0,0.9795549114881584
2281,1,0,0.0,0,0,54.0,1,False,True,True,False,True,False,True,False,1,1.0,0.9795549114881584
2282,0,1,1.0,1,1,52.0,1,True,False,True,False,True,False,True,False,1,1.0,0.9795549114881584
2283,1,0,0.0,1,0,69.0,0,True,False,False,False,True,False,True,False,0,0.0,-1.020871814608924
2284,0,1,0.0,1,0,65.0,1,False,True,False,True,False,False,False,False,1,1.0,0.9795549114881584
2285,1,0,1.0,0,1,44.0,0,False,False,False,True,False,True,False,False,0,0.0,-1.020871814608924
2286,0,1,0.0,1,1,18.0,0,True,False,True,False,True,False,True,False,0,0.0,-1.020871814608924
2287,1,0,1.0,1,1,9.0,0,False,False,False,True,True,False,True,False,0,0.0,-1.020871814608924
2288,0,0,0.0,0,0,22.0,1,False,True,False,False,True,False,False,True,1,1.0,0.9795549114881584
2289,1,0,1.0,0,1,38.0,0,False,False,True,False,True,False,False,True,0,0.0,-1.020871814608924
2290,0,0,1.0,0,0,50.0,0,False,True,False,False,False,True,False,True,0,0.0,-1.020871814608924
2291,0,1,1.0,1,0,25.0,1,True,False,False,True,False,False,False,True,1,1.0,0.9795549114881584
2292,1,1,0.0,1,1,3.0,0,False,True,False,True,False,False,False,True,0,0.0,-1.020871814608924
2293,0,1,1.0,0,1,65.0,0,False,True,True,False,False,True,False,True,0,0.0,-1.020871814608924
2294,1,0,1.0,1,1,22.0,0,False,True,False,False,False,True,False,False,0,0.0,-1.020871814608924
2295,1,1,0.0,0,1,30.0,0,False,False,False,False,True,False,False,False,0,0.0,-1.020871814608924
2296,0,0,1.0,0,1,24.0,0,False,False,False,False,False,False,True,False,0,0.0,-1.020871814608924
2297,0,0,1.0,0,0,5.0,0,False,False,False,True,True,False,False,False,0,0.0,-1.020871814608924
2298,0,0,1.0,0,0,53.0,1,True,False,False,False,False,True,False,False,1,1.0,0.9795549114881584
2299,0,1,0.0,0,0,23.0,0,True,False,False,False,True,False,False,True,0,0.0,-1.020871814608924
2300,1,0,0.0,1,0,33.0,1,False,False,False,False,False,False,False,False,1,1.0,0.9795549114881584
2301,0,0,0.0,0,0,62.0,1,False,False,False,False,False,False,True,False,1,1.0,0.9795549114881584
2302,1,0,1.0,0,1,57.0,1,False,False,True,False,False,True,False,False,1,1.0,0.9795549114881584
2303,1,1,1.0,1,1,30.0,1,True,False,True,False,False,True,True,False,1,1.0,0.9795549114881584
2304,1,0,1.0,1,0,29.0,1,True,False,False,True,False,False,False,False,1,1.0,0.9795549114881584
2305,0,0,0.0,1,1,40.0,1,False,False,False,True,False,False,False,False,1,1.0,0.9795549114881584
2306,1,0,0.0,0,1,1.0,0,False,False,False,True,False,False,True,False,0,0.0,-1.020871814608924
2307,0,1,0.0,0,1,72.0,0,True,False,False,False,False,True,True,False,0,0.0,-1.020871814608924
2308,0,0,0.0,0,1,47.0,1,False,False,True,False,False,True,False,True,1,1.0,0.9795549114881584
2309,1,1,0.0,1,1,30.0,0,True,False,False,False,False,False,True,False,0,0.0,-1.020871814608924
2310,1,1,1.0,1,0,53.0,1,False,True,False,True,False,False,False,True,1,1.0,0.9795549114881584
2311,1,0,0.0,1,0,1.0,1,False,True,True,False,True,False,False,False,1,1.0,0.9795549114881584
2312,0,1,1.0,0,0,7.0,0,True,False,True,False,False,False,False,False,0,0.0,-1.020871814608924
2313,1,1,0.0,0,1,58.0,1,False,True,False,True,False,True,True,False,1,1.0,0.9795549114881584
2314,1,1,0.0,0,1,8.0,0,False,False,True,False,True,False,False,False,0,0.0,-1.020871814608924
2315,1,1,0.0,1,1,58.0,0,True,False,False,True,False,True,True,False,0,0.0,-1.020871814608924
2316,0,0,1.0,1,1,65.0,0,False,False,False,False,False,False,False,True,0,0.0,-1.020871814608924
2317,0,1,1.0,0,1,28.0,1,False,True,False,False,False,False,True,False,1,1.0,0.9795549114881584
2318,1,1,0.0,0,0,26.0,0,False,True,False,True,False,True,False,True,0,0.0,-1.020871814608924
2319,1,0,1.0,0,1,11.0,0,False,True,False,False,False,False,False,False,0,0.0,-1.020871814608924
2320,0,0,0.0,0,1,24.0,1,False,False,False,False,False,True,False,False,1,1.0,0.9795549114881584
2321,0,1,0.0,0,0,5.0,1,False,True,True,False,False,False,True,False,1,1.0,0.9795549114881584
2322,0,1,1.0,0,1,70.0,0,True,False,False,True,False,False,True,False,0,0.0,-1.020871814608924
2323,1,0,0.0,1,1,10.0,1,True,False,False,False,False,False,True,False,1,1.0,0.9795549114881584
2324,0,0,1.0,0,1,70.0,0,True,False,False,True,False,True,False,False,0,0.0,-1.020871814608924
2325,0,1,0.0,1,0,48.0,0,True,False,False,True,False,False,False,False,0,0.0,-1.020871814608924
2326,1,1,0.0,0,1,60.0,1,True,False,False,True,False,False,False,True,1,1.0,0.9795549114881584
2327,0,0,0.0,0,1,50.0,0,False,True,False,True,False,False,False,True,0,0.0,-1.020871814608924
2328,0,0,0.0,1,1,55.0,1,True,False,False,True,False,True,False,False,1,1.0,0.9795549114881584
2329,0,0,1.0,1,1,16.0,0,True,False,True,False,False,False,True,False,0,0.0,-1.020871814608924
2330,1,1,1.0,0,1,27.0,0,True,False,True,False,True,False,False,False,0,0.0,-1.020871814608924
2331,1,1,1.0,0,1,37.0,1,True,False,True,False,True,False,False,False,1,1.0,0.9795549114881584
2332,0,1,1.0,1,0,68.0,0,False,True,False,True,True,False,True,False,0,0.0,-1.020871814608924
2333,0,0,1.0,0,0,9.0,1,True,False,True,False,False,False,False,True,1,1.0,0.9795549114881584
2334,1,1,0.0,0,0,1.0,1,True,False,True,False,True,False,True,False,1,1.0,0.9795549114881584
2335,0,0,0.0,1,1,71.0,1,False,False,False,True,False,True,True,False,1,1.0,0.9795549114881584
2336,1,1,0.0,0,1,27.0,1,True,False,False,False,False,True,True,False,1,1.0,0.9795549114881584
2337,0,0,1.0,1,0,19.0,0,True,False,True,False,False,True,False,True,0,0.0,-1.020871814608924
2338,0,1,0.0,0,0,7.0,0,False,True,False,True,False,False,False,True,0,0.0,-1.020871814608924
2339,0,1,1.0,1,0,37.0,0,False,False,True,False,False,False,False,True,0,0.0,-1.020871814608924
2340,0,1,0.0,0,1,71.0,1,True,False,True,False,False,True,False,False,1,1.0,0.9795549114881584
2341,1,1,1.0,0,1,8.0,0,True,False,False,False,False,True,True,False,0,0.0,-1.020871814608924
2342,1,0,0.0,0,0,15.0,1,True,False,False,True,False,False,False,False,1,1.0,0.9795549114881584
2343,1,0,1.0,0,1,30.0,0,True,False,False,False,True,False,False,False,0,0.0,-1.020871814608924
2344,1,1,1.0,1,1,61.0,0,False,False,False,False,True,False,True,False,0,0.0,-1.020871814608924
2345,0,0,1.0,0,0,35.0,0,False,True,False,False,True,False,False,False,0,0.0,-1.020871814608924
2346,1,0,1.0,0,0,40.0,0,False,False,True,False,False,True,False,True,0,0.0,-1.020871814608924
2347,1,1,0.0,0,0,31.0,1,False,True,True,False,False,True,False,True,1,1.0,0.9795549114881584
2348,0,1,0.0,0,1,37.0,0,False,True,False,False,False,True,True,False,0,0.0,-1.020871814608924
2349,1,1,1.0,0,0,5.0,1,False,False,False,False,False,True,False,False,1,1.0,0.9795549114881584
2350,0,0,0.0,1,0,4.0,1,False,False,False,True,False,False,False,True,1,1.0,0.9795549114881584
2351,0,1,1.0,1,0,39.0,0,True,False,True,False,False,True,False,True,0,0.0,-1.020871814608924
2352,1,1,1.0,0,0,54.0,0,True,False,False,True,True,False,False,False,0,0.0,-1.020871814608924
2353,1,1,1.0,0,1,54.0,0,False,False,False,True,False,True,False,True,0,0.0,-1.020871814608924
2354,0,0,0.0,0,1,19.0,1,True,False,False,True,False,False,True,False,1,1.0,0.9795549114881584
2355,0,0,0.0,1,1,26.0,0,False,True,False,False,False,False,True,False,0,0.0,-1.020871814608924
2356,1,0,1.0,0,0,67.0,1,True,False,False,False,False,False,False,True,1,1.0,0.9795549114881584
2357,0,1,0.0,0,0,12.0,1,True,False,False,False,True,False,False,False,1,1.0,0.9795549114881584
2358,0,0,0.0,0,0,43.0,0,False,True,False,False,True,False,False,True,0,0.0,-1.020871814608924
2359,1,1,1.0,1,0,2.0,0,False,True,False,True,True,False,True,False,0,0.0,-1.020871814608924
2360,0,0,0.0,0,0,36.0,1,False,True,False,True,True,False,True,False,1,1.0,0.9795549114881584
2361,1,1,0.0,0,1,6.0,0,True,False,False,False,False,True,False,True,0,0.0,-1.020871814608924
2362,0,1,0.0,1,0,42.0,0,False,False,True,False,False,False,False,False,0,0.0,-1.020871814608924
2363,1,1,1.0,0,1,1.0,0,False,False,True,False,True,False,False,True,0,0.0,-1.020871814608924
2364,0,1,0.0,1,1,42.0,0,True,False,False,True,False,False,False,False,0,0.0,-1.020871814608924
2365,1,1,0.0,1,0,62.0,1,True,False,True,False,False,False,False,False,1,1.0,0.9795549114881584
2366,0,0,0.0,1,1,27.0,1,False,False,False,True,False,False,True,False,1,1.0,0.9795549114881584
2367,1,0,1.0,0,0,30.0,0,False,True,False,False,True,False,True,False,0,0.0,-1.020871814608924
2368,0,1,1.0,1,1,50.0,1,False,True,False,True,True,False,True,False,1,1.0,0.9795549114881584
2369,0,0,1.0,0,0,24.0,0,False,True,False,True,True,False,False,True,0,0.0,-1.020871814608924
2370,1,0,1.0,1,0,30.0,0,True,False,True,False,False,True,False,True,0,0.0,-1.020871814608924
2371,0,1,0.0,1,1,32.0,0,False,False,True,False,False,True,False,False,0,0.0,-1.020871814608924
2372,1,1,1.0,1,1,50.0,0,True,False,True,False,False,True,True,False,0,0.0,-1.020871814608924
2373,1,0,1.0,0,1,47.0,1,False,True,False,True,False,True,False,True,1,1.0,0.9795549114881584
2374,1,1,0.0,0,1,35.0,1,False,False,False,False,True,False,True,False,1,1.0,0.9795549114881584
2375,0,1,0.0,0,0,51.0,0,True,False,True,False,False,False,True,False,0,0.0,-1.020871814608924
2376,0,0,0.0,1,1,34.0,1,True,False,False,False,False,False,False,False,1,1.0,0.9795549114881584
2377,0,1,0.0,0,1,25.0,1,False,False,False,True,False,True,False,True,1,1.0,0.9795549114881584
2378,1,1,0.0,0,0,44.0,1,True,False,True,False,False,True,False,True,1,1.0,0.9795549114881584
2379,0,1,1.0,1,1,46.0,1,True,False,True,False,False,True,False,True,1,1.0,0.9795549114881584
2380,0,1,1.0,1,1,63.0,1,False,True,False,True,False,False,True,False,1,1.0,0.9795549114881584
2381,0,1,1.0,0,1,23.0,1,False,True,False,True,True,False,True,False,1,1.0,0.9795549114881584
2382,1,1,1.0,1,1,59.0,1,False,False,False,True,True,False,True,False,1,1.0,0.9795549114881584
2383,1,1,1.0,0,1,55.0,0,False,False,True,False,True,False,True,False,0,0.0,-1.020871814608924
2384,0,0,0.0,0,0,68.0,1,False,True,True,False,True,False,False,False,1,1.0,0.9795549114881584
2385,0,1,1.0,0,0,72.0,1,True,False,True,False,False,False,False,False,1,1.0,0.9795549114881584
2386,0,0,0.0,1,1,70.0,0,False,False,False,True,False,False,True,False,0,0.0,-1.020871814608924
2387,0,0,0.0,1,0,27.0,0,False,True,False,True,False,True,True,False,0,0.0,-1.020871814608924
2388,0,0,0.0,0,0,40.0,0,False,False,False,False,True,False,False,True,0,0.0,-1.020871814608924
2389,1,1,1.0,1,0,64.0,1,False,False,False,True,True,False,False,True,1,1.0,0.9795549114881584
2390,0,0,1.0,0,0,69.0,0,False,True,False,True,True,False,False,False,0,0.0,-1.020871814608924
2391,1,1,1.0,1,1,17.0,0,True,False,False,True,False,True,False,False,0,0.0,-1.020871814608924
2392,1,0,0.0,0,0,32.0,0,False,True,False,False,False,True,False,False,0,0.0,-1.020871814608924
2393,1,1,1.0,1,1,22.0,1,True,False,False,True,True,False,False,True,1,1.0,0.9795549114881584
2394,1,0,1.0,0,0,66.0,1,False,True,False,False,False,True,True,False,1,1.0,0.9795549114881584
2395,0,0,0.0,1,0,17.0,1,False,True,False,True,True,False,True,False,1,1.0,0.9795549114881584
2396,1,1,1.0,0,1,72.0,0,False,True,False,True,False,False,True,False,0,0.0,-1.020871814608924
2397,0,0,0.0,1,0,51.0,1,False,True,True,False,False,False,True,False,1,1.0,0.9795549114881584
2398,0,1,1.0,1,1,46.0,1,False,False,False,True,False,True,False,True,1,1.0,0.9795549114881584
2399,1,1,0.0,1,1,10.0,0,True,False,False,True,False,True,False,True,0,0.0,-1.020871814608924
2400,0,0,0.0,0,1,23.0,1,False,False,False,True,False,False,False,True,1,1.0,0.9795549114881584
2401,1,0,1.0,1,0,7.0,1,False,True,False,False,False,True,False,True,1,1.0,0.9795549114881584
2402,1,0,1.0,1,1,41.0,1,False,True,True,False,False,True,True,False,1,1.0,0.9795549114881584
2403,0,1,1.0,1,1,37.0,1,False,True,True,False,False,True,False,False,1,1.0,0.9795549114881584
2404,1,1,1.0,0,0,27.0,0,False,True,True,False,True,False,False,False,0,0.0,-1.020871814608924
2405,1,1,0.0,1,0,43.0,0,True,False,True,False,False,False,False,True,0,0.0,-1.020871814608924
2406,1,0,1.0,1,1,63.0,0,True,False,False,True,False,False,False,False,0,0.0,-1.020871814608924
2407,0,0,1.0,1,0,57.0,1,False,False,False,False,True,False,True,False,1,1.0,0.9795549114881584
2408,0,0,0.0,0,0,30.0,0,False,True,False,False,False,True,False,True,0,0.0,-1.020871814608924
2409,1,0,0.0,1,1,65.0,0,True,False,False,False,False,False,True,False,0,0.0,-1.020871814608924
2410,1,1,0.0,0,1,60.0,1,True,False,False,False,False,False,True,False,1,1.0,0.9795549114881584
2411,1,0,0.0,0,1,60.0,1,False,True,False,True,False,False,False,False,1,1.0,0.9795549114881584
2412,1,0,0.0,0,1,28.0,0,False,True,False,True,False,False,False,True,0,0.0,-1.020871814608924
2413,1,1,1.0,1,1,71.0,0,False,False,False,False,False,True,False,False,0,0.0,-1.020871814608924
2414,1,0,0.0,1,1,55.0,0,False,True,True,False,False,True,False,False,0,0.0,-1.020871814608924
2415,1,0,1.0,1,1,69.0,0,False,True,True,False,True,False,False,True,0,0.0,-1.020871814608924
2416,1,1,0.0,0,1,40.0,1,True,False,False,True,False,True,False,True,1,1.0,0.9795549114881584
2417,0,0,0.0,1,1,13.0,1,False,True,False,False,False,False,False,True,1,1.0,0.9795549114881584
2418,0,0,1.0,1,0,21.0,1,True,False,False,False,True,False,False,True,1,1.0,0.9795549114881584
2419,1,1,1.0,0,0,48.0,0,True,False,False,True,False,True,False,False,0,0.0,-1.020871814608924
2420,0,1,1.0,0,0,30.0,0,False,False,False,True,True,False,True,False,0,0.0,-1.020871814608924
2421,0,0,0.0,0,0,38.0,0,True,False,False,False,False,True,False,False,0,0.0,-1.020871814608924
2422,1,1,0.0,1,1,58.0,1,True,False,False,False,False,True,False,False,1,1.0,0.9795549114881584
2423,1,1,0.0,1,1,48.0,0,False,True,False,True,True,False,True,False,0,0.0,-1.020871814608924
2424,1,1,1.0,0,0,49.0,1,False,False,False,False,False,True,False,True,1,1.0,0.9795549114881584
2425,0,1,0.0,0,1,13.0,0,False,True,False,True,True,False,False,True,0,0.0,-1.020871814608924
2426,0,0,0.0,0,0,63.0,0,False,True,False,False,True,False,False,False,0,0.0,-1.020871814608924
2427,1,0,0.0,0,1,50.0,1,False,True,False,True,False,True,False,True,1,1.0,0.9795549114881584
2428,0,0,0.0,0,1,47.0,1,False,False,False,True,False,True,False,False,1,1.0,0.9795549114881584
2429,1,1,1.0,1,1,8.0,1,False,False,False,True,True,False,False,True,1,1.0,0.9795549114881584
2430,0,1,0.0,1,1,31.0,0,False,False,False,False,False,True,False,False,0,0.0,-1.020871814608924
2431,1,1,0.0,1,0,27.0,0,False,True,True,False,False,True,True,False,0,0.0,-1.020871814608924
2432,0,0,1.0,1,0,69.0,1,False,True,True,False,True,False,False,False,1,1.0,0.9795549114881584
2433,0,0,1.0,1,1,47.0,0,False,False,False,False,True,False,True,False,0,0.0,-1.020871814608924
2434,0,1,0.0,1,0,19.0,0,False,True,True,False,False,False,True,False,0,0.0,-1.020871814608924
2435,1,0,0.0,0,1,31.0,0,False,False,False,True,False,True,True,False,0,0.0,-1.020871814608924
2436,1,0,0.0,1,0,45.0,1,False,True,True,False,False,True,False,True,1,1.0,0.9795549114881584
2437,1,0,1.0,0,0,27.0,1,False,True,True,False,False,True,False,True,1,1.0,0.9795549114881584
2438,0,0,0.0,1,1,44.0,1,False,True,True,False,True,False,True,False,1,1.0,0.9795549114881584
2439,1,0,1.0,1,1,2.0,0,True,False,False,True,False,True,True,False,0,0.0,-1.020871814608924
2440,0,0,0.0,1,1,2.0,1,False,False,True,False,False,True,False,True,1,1.0,0.9795549114881584
2441,1,0,1.0,1,0,39.0,0,False,False,True,False,False,False,False,True,0,0.0,-1.020871814608924
2442,0,0,0.0,0,0,27.0,0,True,False,True,False,False,True,False,False,0,0.0,-1.020871814608924
2443,0,0,0.0,0,1,8.0,1,False,True,True,False,False,False,True,False,1,1.0,0.9795549114881584
2444,0,1,0.0,0,0,45.0,0,False,True,True,False,False,False,False,False,0,0.0,-1.020871814608924
2445,0,1,1.0,1,0,41.0,1,False,True,True,False,True,False,False,False,1,1.0,0.9795549114881584
2446,1,0,0.0,1,1,52.0,0,True,False,False,True,True,False,False,True,0,0.0,-1.020871814608924
2447,0,1,1.0,1,0,43.0,1,False,True,False,False,True,False,False,False,1,1.0,0.9795549114881584
2448,0,0,1.0,0,1,65.0,1,True,False,True,False,False,False,False,True,1,1.0,0.9795549114881584
2449,0,0,1.0,0,1,29.0,0,False,False,False,True,False,False,False,False,0,0.0,-1.020871814608924
2450,0,1,1.0,0,0,21.0,1,False,True,False,False,False,True,True,False,1,1.0,0.9795549114881584
2451,0,0,1.0,1,0,29.0,1,False,False,True,False,False,True,False,True,1,1.0,0.9795549114881584
2452,0,0,0.0,1,0,9.0,0,True,False,True,False,False,False,False,True,0,0.0,-1.020871814608924
2453,1,0,1.0,1,1,61.0,0,False,False,False,False,True,False,True,False,0,0.0,-1.020871814608924
2454,1,1,0.0,0,0,62.0,1,False,False,False,True,True,False,False,True,1,1.0,0.9795549114881584
2455,1,0,1.0,0,0,71.0,1,False,False,False,True,True,False,False,True,1,1.0,0.9795549114881584
2456,0,0,1.0,0,1,15.0,0,False,False,False,True,False,False,True,False,0,0.0,-1.020871814608924
2457,0,1,0.0,1,0,4.0,0,False,True,False,False,False,False,True,False,0,0.0,-1.020871814608924
2458,0,1,0.0,0,1,34.0,1,False,True,False,True,False,True,False,True,1,1.0,0.9795549114881584
2459,1,0,0.0,0,1,68.0,1,False,True,False,False,False,False,False,False,1,1.0,0.9795549114881584
2460,0,0,1.0,1,1,12.0,0,False,True,False,False,False,False,False,True,0,0.0,-1.020871814608924
2461,0,0,1.0,1,1,52.0,1,False,True,True,False,False,True,True,False,1,1.0,0.9795549114881584
2462,0,0,0.0,0,0,1.0,1,False,False,True,False,False,False,False,False,1,1.0,0.9795549114881584
2463,1,1,0.0,0,1,12.0,1,True,False,True,False,False,False,False,True,1,1.0,0.9795549114881584
2464,1,1,0.0,1,0,14.0,1,False,True,False,False,True,False,True,False,1,1.0,0.9795549114881584
2465,0,1,0.0,1,1,62.0,0,False,True,False,True,True,False,False,False,0,0.0,-1.020871814608924
2466,0,1,0.0,1,1,32.0,1,False,True,False,True,False,False,False,False,1,1.0,0.9795549114881584
2467,1,1,0.0,0,0,45.0,1,False,True,True,False,False,True,False,False,1,1.0,0.9795549114881584
2468,0,1,0.0,1,1,8.0,1,True,False,False,True,True,False,False,True,1,1.0,0.9795549114881584
2469,0,0,1.0,0,1,65.0,0,False,False,False,False,True,False,False,False,0,0.0,-1.020871814608924
2470,1,1,1.0,0,1,40.0,0,True,False,True,False,False,False,True,False,0,0.0,-1.020871814608924
2471,0,1,0.0,0,0,5.0,1,False,True,False,False,False,True,True,False,1,1.0,0.9795549114881584
2472,0,1,1.0,1,0,46.0,0,True,False,True,False,False,True,False,False,0,0.0,-1.020871814608924
2473,1,1,1.0,1,0,36.0,0,False,False,False,False,False,False,False,True,0,0.0,-1.020871814608924
2474,1,1,0.0,1,0,52.0,1,False,False,True,False,True,False,True,False,1,1.0,0.9795549114881584
2475,0,0,1.0,0,1,66.0,1,False,True,False,True,True,False,True,False,1,1.0,0.9795549114881584
2476,0,1,0.0,1,1,45.0,1,False,False,True,False,False,True,True,False,1,1.0,0.9795549114881584
2477,1,1,1.0,0,1,55.0,1,True,False,False,True,False,False,True,False,1,1.0,0.9795549114881584
2478,1,0,1.0,1,1,50.0,1,True,False,False,False,False,True,False,True,1,1.0,0.9795549114881584
2479,1,0,0.0,0,1,13.0,1,True,False,False,False,True,False,False,True,1,1.0,0.9795549114881584
2480,1,0,0.0,0,0,70.0,0,False,False,False,False,True,False,True,False,0,0.0,-1.020871814608924
2481,0,0,0.0,0,0,50.0,0,False,False,False,False,False,False,True,False,0,0.0,-1.020871814608924
2482,0,1,1.0,1,0,35.0,1,False,False,False,False,False,True,False,False,1,1.0,0.9795549114881584
2483,0,0,0.0,0,0,72.0,1,True,False,False,False,True,False,True,False,1,1.0,0.9795549114881584
2484,1,0,0.0,1,1,50.0,1,False,True,False,False,False,False,True,False,1,1.0,0.9795549114881584
2485,1,1,1.0,1,1,23.0,1,False,False,False,True,False,True,False,False,1,1.0,0.9795549114881584
2486,1,0,1.0,0,1,33.0,1,False,True,True,False,False,False,True,False,1,1.0,0.9795549114881584
2487,1,1,1.0,0,0,66.0,1,False,True,True,False,False,False,True,False,1,1.0,0.9795549114881584
2488,1,0,0.0,1,1,71.0,0,False,True,False,False,False,False,True,False,0,0.0,-1.020871814608924
2489,0,0,0.0,0,1,29.0,0,False,False,True,False,False,True,False,True,0,0.0,-1.020871814608924
2490,1,0,0.0,0,0,5.0,1,False,True,True,False,False,True,False,False,1,1.0,0.9795549114881584
2491,0,0,0.0,1,1,25.0,0,True,False,False,True,True,False,True,False,0,0.0,-1.020871814608924
2492,0,1,0.0,1,0,5.0,1,False,False,False,True,False,False,False,False,1,1.0,0.9795549114881584
2493,0,0,0.0,0,1,9.0,0,False,True,False,True,False,True,False,True,0,0.0,-1.020871814608924
2494,1,1,1.0,1,1,19.0,1,True,False,False,False,False,False,True,False,1,1.0,0.9795549114881584
2495,0,0,1.0,1,0,30.0,1,True,False,True,False,False,False,True,False,1,1.0,0.9795549114881584
2496,1,0,1.0,0,1,22.0,0,False,False,True,False,True,False,True,False,0,0.0,-1.020871814608924
2497,1,1,0.0,0,1,47.0,1,False,True,False,False,True,False,False,False,1,1.0,0.9795549114881584
2498,1,1,0.0,1,1,39.0,1,False,False,False,False,False,True,False,True,1,1.0,0.9795549114881584
2499,0,1,0.0,1,0,49.0,1,True,False,False,False,False,False,False,False,1,1.0,0.9795549114881584
2500,0,0,0.0,1,1,42.0,1,False,False,True,False,False,True,True,False,1,1.0,0.9795549114881584
2501,0,1,1.0,0,0,69.0,0,False,False,False,True,False,False,False,True,0,0.0,-1.020871814608924
2502,0,1,0.0,1,1,52.0,1,True,False,False,False,True,False,False,True,1,1.0,0.9795549114881584
2503,0,1,1.0,0,0,52.0,0,False,True,False,False,False,True,False,False,0,0.0,-1.020871814608924
2504,1,1,1.0,1,0,23.0,1,False,True,False,False,False,False,True,False,1,1.0,0.9795549114881584
2505,1,0,0.0,0,0,2.0,1,True,False,False,True,False,True,False,False,1,1.0,0.9795549114881584
2506,0,1,1.0,1,1,67.0,0,False,False,False,False,True,False,False,False,0,0.0,-1.020871814608924
2507,0,1,0.0,0,1,8.0,0,False,False,True,False,True,False,True,False,0,0.0,-1.020871814608924
2508,1,0,1.0,1,1,37.0,0,False,False,False,True,False,True,True,False,0,0.0,-1.020871814608924
2509,1,0,0.0,0,0,14.0,0,True,False,False,True,False,True,True,False,0,0.0,-1.020871814608924
2510,1,1,0.0,1,0,43.0,1,False,True,False,False,False,True,True,False,1,1.0,0.9795549114881584
2511,1,1,1.0,0,0,37.0,0,False,False,False,True,False,False,False,False,0,0.0,-1.020871814608924
2512,0,0,1.0,1,0,14.0,0,True,False,False,False,False,True,False,True,0,0.0,-1.020871814608924
2513,0,1,0.0,0,0,24.0,0,True,False,False,False,False,False,False,False,0,0.0,-1.020871814608924
2514,1,0,0.0,1,1,18.0,0,False,False,False,True,False,False,False,True,0,0.0,-1.020871814608924
2515,0,1,0.0,1,1,3.0,0,True,False,False,True,False,False,True,False,0,0.0,-1.020871814608924
2516,1,1,1.0,0,0,1.0,1,True,False,True,False,False,False,False,True,1,1.0,0.9795549114881584
2517,0,1,1.0,1,1,71.0,1,False,False,True,False,True,False,False,False,1,1.0,0.9795549114881584
2518,1,1,0.0,1,0,59.0,0,False,True,False,True,True,False,True,False,0,0.0,-1.020871814608924
2519,0,1,0.0,0,0,17.0,0,False,False,False,True,True,False,False,False,0,0.0,-1.020871814608924
2520,0,1,1.0,0,0,21.0,0,False,False,False,False,False,False,False,True,0,0.0,-1.020871814608924
2521,0,0,0.0,0,1,55.0,0,True,False,True,False,False,False,True,False,0,0.0,-1.020871814608924
2522,0,0,1.0,0,0,6.0,1,False,False,False,False,False,True,True,False,1,1.0,0.9795549114881584
2523,1,1,1.0,0,1,32.0,1,False,True,False,True,False,True,False,False,1,1.0,0.9795549114881584
2524,1,0,1.0,0,1,63.0,0,True,False,False,False,False,False,False,True,0,0.0,-1.020871814608924
2525,0,1,1.0,1,1,3.0,0,False,True,False,False,True,False,False,False,0,0.0,-1.020871814608924
2526,0,0,0.0,0,1,40.0,1,False,True,True,False,True,False,False,True,1,1.0,0.9795549114881584
2527,1,1,1.0,1,1,7.0,1,False,False,False,False,True,False,True,False,1,1.0,0.9795549114881584
2528,0,1,0.0,1,0,72.0,1,False,True,False,True,False,False,False,True,1,1.0,0.9795549114881584
2529,0,1,0.0,1,0,36.0,0,False,False,False,False,False,True,True,False,0,0.0,-1.020871814608924
2530,1,0,1.0,0,0,25.0,0,True,False,False,True,True,False,True,False,0,0.0,-1.020871814608924
2531,1,1,1.0,0,1,9.0,0,True,False,False,True,True,False,True,False,0,0.0,-1.020871814608924
2532,0,0,1.0,1,0,22.0,1,True,False,True,False,False,True,False,False,1,1.0,0.9795549114881584
2533,1,0,1.0,0,0,7.0,1,False,False,True,False,False,True,False,False,1,1.0,0.9795549114881584
2534,1,1,1.0,1,0,21.0,0,False,False,True,False,True,False,False,False,0,0.0,-1.020871814608924
2535,1,0,1.0,0,1,28.0,0,True,False,False,False,True,False,True,False,0,0.0,-1.020871814608924
2536,0,1,1.0,1,0,36.0,0,False,True,False,True,False,True,False,True,0,0.0,-1.020871814608924
2537,1,1,1.0,1,0,20.0,0,False,True,False,False,False,True,True,False,0,0.0,-1.020871814608924
2538,1,0,0.0,0,1,24.0,1,False,True,False,True,False,False,False,True,1,1.0,0.9795549114881584
2539,0,0,0.0,1,1,34.0,0,True,False,False,False,False,True,False,False,0,0.0,-1.020871814608924
2540,0,1,0.0,0,1,28.0,1,False,True,False,False,False,True,False,False,1,1.0,0.9795549114881584
2541,0,0,0.0,0,1,70.0,0,False,True,True,False,False,False,False,True,0,0.0,-1.020871814608924
2542,1,1,1.0,0,1,58.0,0,False,True,False,True,False,True,False,False,0,0.0,-1.020871814608924
2543,1,1,1.0,0,1,47.0,1,False,True,True,False,False,True,False,False,1,1.0,0.9795549114881584
2544,0,0,1.0,1,0,19.0,1,False,False,True,False,False,True,False,True,1,1.0,0.9795549114881584
2545,0,0,1.0,0,1,8.0,0,False,False,False,True,False,False,False,True,0,0.0,-1.020871814608924
2546,0,0,0.0,1,1,23.0,0,False,True,False,False,False,True,False,False,0,0.0,-1.020871814608924
2547,0,1,1.0,1,1,23.0,1,False,True,False,True,False,True,True,False,1,1.0,0.9795549114881584
2548,1,1,1.0,0,0,42.0,1,True,False,False,False,True,False,False,False,1,1.0,0.9795549114881584
2549,0,1,0.0,0,1,29.0,1,True,False,True,False,False,True,True,False,1,1.0,0.9795549114881584
2550,1,0,0.0,0,0,22.0,1,True,False,True,False,True,False,False,True,1,1.0,0.9795549114881584
2551,0,1,1.0,1,0,19.0,1,False,False,False,True,False,False,False,True,1,1.0,0.9795549114881584
2552,0,0,1.0,1,1,41.0,1,False,True,False,False,False,True,False,False,1,1.0,0.9795549114881584
2553,1,1,1.0,1,1,29.0,1,False,False,False,True,False,True,False,False,1,1.0,0.9795549114881584
2554,1,0,0.0,1,0,22.0,0,True,False,True,False,False,True,False,False,0,0.0,-1.020871814608924
2555,0,1,0.0,1,1,8.0,0,False,False,False,False,False,True,False,True,0,0.0,-1.020871814608924
2556,1,0,0.0,1,0,6.0,1,False,False,False,True,True,False,True,False,1,1.0,0.9795549114881584
2557,0,1,1.0,1,0,7.0,0,False,False,False,False,False,True,False,False,0,0.0,-1.020871814608924
2558,1,0,1.0,1,0,8.0,1,False,False,False,False,True,False,False,False,1,1.0,0.9795549114881584
2559,0,0,0.0,1,1,64.0,1,False,False,True,False,False,True,False,False,1,1.0,0.9795549114881584
2560,0,1,1.0,1,0,23.0,1,False,False,False,False,False,True,True,False,1,1.0,0.9795549114881584
2561,1,1,0.0,1,1,50.0,1,False,False,False,True,False,False,True,False,1,1.0,0.9795549114881584
2562,0,0,0.0,0,1,46.0,0,False,False,False,True,False,False,False,True,0,0.0,-1.020871814608924
2563,1,0,0.0,1,1,43.0,1,True,False,False,False,False,True,False,False,1,1.0,0.9795549114881584
2564,0,0,1.0,1,0,10.0,0,False,False,True,False,False,False,False,False,0,0.0,-1.020871814608924
2565,0,1,1.0,0,1,16.0,1,True,False,True,False,False,True,False,False,1,1.0,0.9795549114881584
2566,0,1,0.0,1,0,57.0,1,False,True,False,True,True,False,False,False,1,1.0,0.9795549114881584
2567,1,0,0.0,1,1,49.0,1,True,False,False,False,True,False,True,False,1,1.0,0.9795549114881584
2568,0,0,1.0,1,0,10.0,1,False,False,False,False,False,False,False,True,1,1.0,0.9795549114881584
2569,1,0,1.0,0,1,71.0,0,False,True,False,True,False,False,False,True,0,0.0,-1.020871814608924
2570,0,0,0.0,0,0,68.0,0,True,False,False,False,False,True,False,True,0,0.0,-1.020871814608924
2571,0,0,0.0,0,0,9.0,1,False,False,False,True,True,False,False,False,1,1.0,0.9795549114881584
2572,1,0,1.0,1,0,5.0,1,True,False,False,False,True,False,False,False,1,1.0,0.9795549114881584
2573,1,0,0.0,0,0,51.0,0,False,False,False,False,False,True,False,False,0,0.0,-1.020871814608924
2574,1,0,0.0,1,1,38.0,0,False,True,False,True,False,False,False,True,0,0.0,-1.020871814608924
2575,1,1,1.0,0,1,13.0,1,False,False,True,False,False,True,False,True,1,1.0,0.9795549114881584
2576,1,0,1.0,0,0,53.0,1,False,True,False,True,False,False,False,False,1,1.0,0.9795549114881584
2577,0,1,1.0,0,1,44.0,1,False,False,True,False,False,True,False,True,1,1.0,0.9795549114881584
2578,1,0,1.0,1,0,25.0,1,False,False,False,True,True,False,True,False,1,1.0,0.9795549114881584
2579,0,1,1.0,1,1,52.0,0,False,True,True,False,False,True,False,False,0,0.0,-1.020871814608924
2580,1,0,1.0,0,0,52.0,0,False,False,False,False,False,True,False,False,0,0.0,-1.020871814608924
2581,1,0,0.0,1,0,20.0,0,False,True,False,False,False,False,True,False,0,0.0,-1.020871814608924
2582,1,0,1.0,0,1,2.0,1,False,True,False,False,False,False,True,False,1,1.0,0.9795549114881584
2583,1,0,0.0,0,1,9.0,1,False,True,False,True,False,True,True,False,1,1.0,0.9795549114881584
2584,0,1,1.0,0,0,54.0,1,False,True,True,False,True,False,True,False,1,1.0,0.9795549114881584
2585,0,0,0.0,1,0,58.0,1,False,False,False,False,False,True,False,True,1,1.0,0.9795549114881584
2586,1,1,0.0,1,1,48.0,0,False,True,False,True,False,True,True,False,0,0.0,-1.020871814608924
2587,0,1,0.0,1,0,5.0,0,False,True,True,False,False,False,False,True,0,0.0,-1.020871814608924
2588,1,1,0.0,0,1,70.0,0,False,True,False,False,True,False,False,True,0,0.0,-1.020871814608924
2589,0,1,1.0,1,1,64.0,0,False,True,False,False,False,True,False,False,0,0.0,-1.020871814608924
2590,0,0,1.0,0,1,66.0,1,False,True,False,False,False,False,False,False,1,1.0,0.9795549114881584
2591,1,1,0.0,0,1,71.0,0,False,True,True,False,False,False,True,False,0,0.0,-1.020871814608924
2592,1,0,0.0,0,1,38.0,0,False,True,False,True,True,False,False,False,0,0.0,-1.020871814608924
2593,1,0,0.0,0,0,67.0,1,False,False,False,False,True,False,True,False,1,1.0,0.9795549114881584
2594,1,0,1.0,0,0,40.0,1,False,False,False,False,False,True,False,False,1,1.0,0.9795549114881584
2595,0,1,1.0,1,0,41.0,1,True,False,True,False,False,False,True,False,1,1.0,0.9795549114881584
2596,0,0,0.0,0,0,42.0,1,False,False,False,False,False,False,False,False,1,1.0,0.9795549114881584
2597,1,0,1.0,1,1,43.0,1,False,True,False,False,False,True,False,True,1,1.0,0.9795549114881584
2598,1,0,0.0,1,0,30.0,0,True,False,False,False,True,False,False,False,0,0.0,-1.020871814608924
2599,0,1,1.0,1,1,47.0,0,True,False,False,True,False,False,False,False,0,0.0,-1.020871814608924
2600,0,1,1.0,1,1,55.0,0,False,False,False,False,False,False,False,True,0,0.0,-1.020871814608924
2601,1,0,0.0,1,0,32.0,0,False,False,False,False,False,True,False,False,0,0.0,-1.020871814608924
2602,1,1,1.0,1,1,4.0,0,True,False,True,False,False,False,False,True,0,0.0,-1.020871814608924
2603,0,0,0.0,0,0,72.0,0,True,False,True,False,False,False,False,False,0,0.0,-1.020871814608924
2604,1,0,1.0,0,1,20.0,1,False,False,False,False,False,False,False,True,1,1.0,0.9795549114881584
2605,0,0,0.0,1,1,71.0,0,True,False,False,True,False,False,False,True,0,0.0,-1.020871814608924
2606,0,0,0.0,1,1,65.0,0,False,True,True,False,True,False,False,True,0,0.0,-1.020871814608924
2607,1,0,0.0,0,1,26.0,1,False,True,False,False,False,False,False,False,1,1.0,0.9795549114881584
2608,1,1,0.0,0,1,23.0,0,False,False,True,False,True,False,False,False,0,0.0,-1.020871814608924
2609,1,1,0.0,1,1,44.0,1,True,False,False,True,True,False,False,False,1,1.0,0.9795549114881584
2610,0,1,0.0,0,0,5.0,0,True,False,False,True,False,False,True,False,0,0.0,-1.020871814608924
2611,1,0,1.0,1,0,35.0,0,False,False,True,False,True,False,False,True,0,0.0,-1.020871814608924
2612,1,0,0.0,1,0,14.0,1,False,True,False,True,False,False,False,False,1,1.0,0.9795549114881584
2613,0,1,1.0,1,1,25.0,1,True,False,True,False,False,False,True,False,1,1.0,0.9795549114881584
2614,1,0,0.0,0,1,71.0,0,False,False,False,False,True,False,False,True,0,0.0,-1.020871814608924
2615,0,1,0.0,0,1,20.0,1,False,True,True,False,False,False,False,True,1,1.0,0.9795549114881584
2616,1,0,0.0,0,0,56.0,1,False,True,False,False,True,False,False,False,1,1.0,0.9795549114881584
2617,0,0,1.0,0,1,2.0,1,False,False,True,False,False,False,False,False,1,1.0,0.9795549114881584
2618,0,1,1.0,1,1,26.0,1,True,False,False,True,True,False,True,False,1,1.0,0.9795549114881584
2619,0,0,0.0,1,0,13.0,1,False,True,False,True,False,True,False,False,1,1.0,0.9795549114881584
2620,0,1,1.0,0,1,58.0,1,False,True,False,True,False,False,True,False,1,1.0,0.9795549114881584
2621,0,0,1.0,0,1,27.0,1,True,False,False,False,False,False,True,False,1,1.0,0.9795549114881584
2622,0,0,0.0,0,1,38.0,1,False,True,True,False,True,False,True,False,1,1.0,0.9795549114881584
2623,1,1,0.0,0,1,14.0,1,False,False,False,False,False,False,False,True,1,1.0,0.9795549114881584
2624,1,1,0.0,0,0,12.0,0,False,False,True,False,False,False,False,False,0,0.0,-1.020871814608924
2625,0,1,0.0,1,0,63.0,0,True,False,True,False,True,False,False,True,0,0.0,-1.020871814608924
2626,1,1,0.0,1,1,45.0,0,False,False,False,True,False,False,True,False,0,0.0,-1.020871814608924
2627,0,1,1.0,1,0,23.0,1,True,False,False,False,False,False,False,False,1,1.0,0.9795549114881584
2628,1,0,1.0,1,0,68.0,0,False,True,False,False,False,False,True,False,0,0.0,-1.020871814608924
2629,1,1,1.0,1,0,17.0,0,True,False,True,False,True,False,False,True,0,0.0,-1.020871814608924
2630,1,1,1.0,1,0,6.0,1,False,False,True,False,True,False,False,False,1,1.0,0.9795549114881584
2631,0,0,1.0,1,0,34.0,1,False,True,True,False,True,False,True,False,1,1.0,0.9795549114881584
2632,1,0,1.0,0,0,29.0,0,False,False,False,True,False,True,True,False,0,0.0,-1.020871814608924
2633,0,1,1.0,1,0,41.0,1,True,False,False,False,False,False,False,True,1,1.0,0.9795549114881584
2634,1,0,1.0,0,0,45.0,1,True,False,True,False,False,False,False,False,1,1.0,0.9795549114881584
2635,1,0,0.0,0,0,17.0,0,False,False,False,True,True,False,False,False,0,0.0,-1.020871814608924
2636,0,1,1.0,0,1,43.0,1,False,False,False,False,True,False,True,False,1,1.0,0.9795549114881584
2637,1,0,0.0,0,0,66.0,1,False,True,False,False,False,True,True,False,1,1.0,0.9795549114881584
2638,0,0,0.0,0,0,1.0,1,False,True,True,False,False,True,False,False,1,1.0,0.9795549114881584
2639,1,0,1.0,1,1,6.0,0,True,False,False,False,False,True,False,True,0,0.0,-1.020871814608924
2640,0,1,1.0,1,0,16.0,1,False,False,True,False,True,False,True,False,1,1.0,0.9795549114881584
2641,0,1,1.0,0,1,2.0,1,False,False,False,False,True,False,False,False,1,1.0,0.9795549114881584
2642,0,0,1.0,1,1,28.0,0,False,False,True,False,False,False,False,True,0,0.0,-1.020871814608924
2643,1,0,1.0,0,0,35.0,1,False,True,False,False,False,False,False,True,1,1.0,0.9795549114881584
2644,1,1,0.0,1,0,62.0,0,False,True,False,False,False,True,True,False,0,0.0,-1.020871814608924
2645,1,0,0.0,0,0,41.0,0,False,False,True,False,False,False,True,False,0,0.0,-1.020871814608924
2646,1,1,1.0,1,1,12.0,1,False,False,False,True,False,True,True,False,1,1.0,0.9795549114881584
2647,1,1,1.0,1,0,46.0,0,False,True,False,False,True,False,False,False,0,0.0,-1.020871814608924
2648,1,1,0.0,1,0,66.0,0,False,True,False,True,True,False,True,False,0,0.0,-1.020871814608924
2649,1,1,1.0,0,1,19.0,0,False,True,True,False,True,False,False,False,0,0.0,-1.020871814608924
2650,1,0,1.0,0,0,28.0,1,False,True,False,True,True,False,False,False,1,1.0,0.9795549114881584
2651,1,1,1.0,0,0,51.0,0,True,False,True,False,False,False,True,False,0,0.0,-1.020871814608924
2652,0,1,1.0,1,0,68.0,0,False,True,False,True,False,True,False,True,0,0.0,-1.020871814608924
2653,0,0,1.0,0,1,8.0,1,False,False,False,True,False,False,True,False,1,1.0,0.9795549114881584
2654,0,0,1.0,0,1,71.0,0,False,True,False,True,False,False,True,False,0,0.0,-1.020871814608924
2655,1,1,1.0,1,0,56.0,1,False,False,True,False,False,False,True,False,1,1.0,0.9795549114881584
2656,1,0,0.0,1,0,50.0,1,True,False,False,True,False,True,False,True,1,1.0,0.9795549114881584
2657,0,0,1.0,0,0,39.0,1,True,False,False,False,False,True,False,False,1,1.0,0.9795549114881584
2658,0,1,1.0,1,1,35.0,0,False,False,True,False,False,True,True,False,0,0.0,-1.020871814608924
2659,0,1,0.0,1,1,69.0,1,False,True,False,True,False,True,True,False,1,1.0,0.9795549114881584
2660,0,1,1.0,0,0,69.0,1,False,False,False,False,False,False,False,False,1,1.0,0.9795549114881584
2661,1,0,0.0,1,0,42.0,1,True,False,False,False,True,False,True,False,1,1.0,0.9795549114881584
2662,0,1,1.0,1,1,53.0,1,False,True,True,False,False,False,False,True,1,1.0,0.9795549114881584
2663,0,1,1.0,0,1,57.0,1,False,True,False,False,False,False,False,True,1,1.0,0.9795549114881584
2664,1,1,0.0,1,0,67.0,0,False,False,True,False,False,True,True,False,0,0.0,-1.020871814608924
2665,1,1,0.0,1,0,16.0,0,False,False,True,False,True,False,True,False,0,0.0,-1.020871814608924
2666,1,1,0.0,0,1,20.0,0,False,True,False,False,True,False,False,True,0,0.0,-1.020871814608924
2667,1,0,0.0,1,1,56.0,0,False,True,False,True,True,False,False,False,0,0.0,-1.020871814608924
2668,0,1,1.0,1,0,21.0,0,False,False,True,False,False,True,False,False,0,0.0,-1.020871814608924
2669,1,0,0.0,0,1,41.0,0,True,False,False,True,False,False,False,False,0,0.0,-1.020871814608924
2670,1,0,1.0,1,1,30.0,0,False,True,True,False,True,False,True,False,0,0.0,-1.020871814608924
2671,0,1,1.0,1,1,56.0,1,False,False,False,False,False,True,False,True,1,1.0,0.9795549114881584
2672,1,0,0.0,1,0,24.0,1,False,True,False,True,False,False,False,False,1,1.0,0.9795549114881584
2673,0,0,0.0,1,0,31.0,1,True,False,False,True,False,True,True,False,1,1.0,0.9795549114881584
2674,1,1,0.0,1,0,53.0,0,True,False,False,False,False,False,False,False,0,0.0,-1.020871814608924
2675,0,0,1.0,1,1,12.0,1,False,False,False,True,False,True,False,True,1,1.0,0.9795549114881584
2676,0,0,0.0,0,1,29.0,1,False,False,False,False,False,True,True,False,1,1.0,0.9795549114881584
2677,1,1,0.0,0,0,19.0,0,False,True,False,False,False,True,False,True,0,0.0,-1.020871814608924
2678,1,0,0.0,1,0,3.0,1,True,False,False,True,False,False,False,False,1,1.0,0.9795549114881584
2679,1,0,0.0,1,1,53.0,0,True,False,False,False,True,False,False,True,0,0.0,-1.020871814608924
2680,0,1,1.0,0,0,54.0,1,False,True,False,False,False,False,False,False,1,1.0,0.9795549114881584
2681,1,1,1.0,0,0,16.0,1,True,False,False,False,False,False,False,False,1,1.0,0.9795549114881584
2682,0,1,0.0,0,0,56.0,0,False,True,False,False,True,False,False,True,0,0.0,-1.020871814608924
2683,1,0,1.0,1,0,53.0,1,False,True,False,True,False,False,False,False,1,1.0,0.9795549114881584
2684,1,0,0.0,0,1,23.0,1,False,False,True,False,False,True,False,False,1,1.0,0.9795549114881584
2685,1,1,1.0,1,0,11.0,0,False,True,False,True,True,False,False,False,0,0.0,-1.020871814608924
2686,0,1,0.0,0,0,21.0,1,True,False,True,False,True,False,False,False,1,1.0,0.9795549114881584
2687,0,0,0.0,1,0,65.0,0,False,False,False,False,True,False,True,False,0,0.0,-1.020871814608924
2688,0,0,1.0,1,1,1.0,1,True,False,True,False,True,False,True,False,1,1.0,0.9795549114881584
2689,1,0,0.0,0,1,8.0,0,False,True,True,False,False,False,False,True,0,0.0,-1.020871814608924
2690,0,0,0.0,1,0,25.0,0,False,True,False,False,False,True,False,True,0,0.0,-1.020871814608924
2691,0,1,0.0,0,0,26.0,1,False,True,True,False,False,False,True,False,1,1.0,0.9795549114881584
2692,1,0,1.0,1,1,29.0,0,False,False,False,True,False,False,False,True,0,0.0,-1.020871814608924
2693,1,1,0.0,0,0,63.0,0,False,False,True,False,False,False,False,False,0,0.0,-1.020871814608924
2694,0,1,1.0,1,0,45.0,0,True,False,False,True,False,False,False,True,0,0.0,-1.020871814608924
2695,1,0,1.0,1,0,72.0,1,True,False,False,False,True,False,False,False,1,1.0,0.9795549114881584
2696,0,1,1.0,0,0,36.0,1,False,True,False,True,False,True,True,False,1,1.0,0.9795549114881584
2697,0,1,1.0,1,1,45.0,0,False,False,False,False,False,True,False,True,0,0.0,-1.020871814608924
2698,0,1,0.0,0,1,24.0,0,False,False,False,False,True,False,True,False,0,0.0,-1.020871814608924
2699,1,0,1.0,0,0,19.0,0,False,False,False,False,True,False,False,True,0,0.0,-1.020871814608924
2700,1,0,1.0,1,1,65.0,1,False,False,False,False,False,True,False,True,1,1.0,0.9795549114881584
2701,0,0,1.0,0,0,67.0,1,True,False,True,False,False,False,False,True,1,1.0,0.9795549114881584
2702,0,1,0.0,1,0,31.0,0,True,False,False,False,True,False,False,False,0,0.0,-1.020871814608924
2703,0,0,0.0,1,1,66.0,0,True,False,False,True,True,False,False,True,0,0.0,-1.020871814608924
2704,1,1,1.0,1,0,10.0,0,False,True,False,False,False,True,False,True,0,0.0,-1.020871814608924
2705,0,0,0.0,0,0,31.0,0,True,False,False,False,True,False,False,False,0,0.0,-1.020871814608924
2706,1,0,0.0,0,0,25.0,1,False,True,False,True,True,False,False,True,1,1.0,0.9795549114881584
2707,1,0,0.0,0,0,45.0,1,False,True,False,True,False,False,False,False,1,1.0,0.9795549114881584
2708,0,1,1.0,0,0,52.0,1,False,False,True,False,False,True,False,True,1,1.0,0.9795549114881584
2709,1,0,1.0,0,1,62.0,1,True,False,True,False,True,False,True,False,1,1.0,0.9795549114881584
2710,1,0,1.0,1,1,43.0,0,True,False,False,True,False,True,False,True,0,0.0,-1.020871814608924
2711,0,0,0.0,0,1,21.0,1,False,True,True,False,False,True,True,False,1,1.0,0.9795549114881584
2712,0,1,1.0,0,0,6.0,0,True,False,True,False,False,True,False,True,0,0.0,-1.020871814608924
2713,0,0,1.0,0,1,52.0,0,False,True,True,False,False,True,False,True,0,0.0,-1.020871814608924
2714,1,1,1.0,0,0,9.0,1,True,False,True,False,False,True,False,False,1,1.0,0.9795549114881584
2715,1,0,1.0,0,0,30.0,1,True,False,False,True,False,True,True,False,1,1.0,0.9795549114881584
2716,0,0,1.0,1,1,43.0,0,False,True,False,True,False,False,False,False,0,0.0,-1.020871814608924
2717,1,0,1.0,1,1,32.0,1,True,False,True,False,True,False,False,False,1,1.0,0.9795549114881584
2718,1,1,1.0,1,0,16.0,0,True,False,True,False,False,False,False,False,0,0.0,-1.020871814608924
2719,1,1,1.0,0,1,43.0,1,False,True,False,False,False,True,False,True,1,1.0,0.9795549114881584
2720,1,0,1.0,1,1,10.0,0,True,False,False,False,True,False,False,False,0,0.0,-1.020871814608924
2721,1,0,0.0,1,0,72.0,0,False,True,False,False,True,False,False,False,0,0.0,-1.020871814608924
2722,0,0,0.0,0,1,19.0,0,True,False,False,True,True,False,False,True,0,0.0,-1.020871814608924
2723,0,0,1.0,0,1,55.0,0,False,False,False,True,True,False,True,False,0,0.0,-1.020871814608924
2724,0,0,0.0,0,1,53.0,1,False,True,False,True,False,False,False,False,1,1.0,0.9795549114881584
2725,0,1,0.0,1,1,48.0,1,True,False,False,False,False,False,False,False,1,1.0,0.9795549114881584
2726,0,0,1.0,1,1,25.0,0,False,True,True,False,False,True,True,False,0,0.0,-1.020871814608924
2727,1,1,1.0,1,1,18.0,1,True,False,True,False,False,True,True,False,1,1.0,0.9795549114881584
2728,0,0,0.0,0,0,26.0,0,True,False,False,True,False,True,False,False,0,0.0,-1.020871814608924
2729,1,1,0.0,1,1,6.0,0,False,False,False,False,False,True,True,False,0,0.0,-1.020871814608924
2730,0,1,1.0,0,0,64.0,0,False,True,False,False,False,True,True,False,0,0.0,-1.020871814608924
2731,1,0,0.0,1,1,13.0,1,False,True,True,False,False,False,False,False,1,1.0,0.9795549114881584
2732,1,1,1.0,1,1,17.0,0,False,False,False,False,False,True,False,False,0,0.0,-1.020871814608924
2733,0,0,1.0,1,1,6.0,1,True,False,False,True,True,False,False,False,1,1.0,0.9795549114881584
2734,0,1,0.0,1,0,61.0,1,False,True,False,True,False,True,False,False,1,1.0,0.9795549114881584
2735,0,0,1.0,1,1,64.0,0,False,True,True,False,False,False,False,False,0,0.0,-1.020871814608924
2736,0,0,0.0,0,0,17.0,0,False,False,False,False,True,False,True,False,0,0.0,-1.020871814608924
2737,1,0,1.0,1,0,43.0,1,True,False,True,False,False,True,False,False,1,1.0,0.9795549114881584
2738,0,1,0.0,0,1,36.0,1,False,True,True,False,False,True,False,True,1,1.0,0.9795549114881584
2739,1,1,1.0,1,1,27.0,1,False,True,False,True,True,False,False,False,1,1.0,0.9795549114881584
2740,1,1,1.0,1,0,46.0,1,False,False,True,False,False,False,True,False,1,1.0,0.9795549114881584
2741,0,0,0.0,1,1,14.0,0,False,True,True,False,False,True,False,True,0,0.0,-1.020871814608924
2742,1,1,0.0,1,1,51.0,1,True,False,False,False,False,False,False,True,1,1.0,0.9795549114881584
2743,0,0,0.0,1,0,70.0,1,True,False,True,False,False,False,True,False,1,1.0,0.9795549114881584
2744,1,0,1.0,1,0,48.0,0,False,True,True,False,True,False,False,False,0,0.0,-1.020871814608924
2745,0,1,1.0,1,0,12.0,0,True,False,False,False,True,False,False,True,0,0.0,-1.020871814608924
2746,0,1,0.0,1,0,45.0,1,False,False,False,False,False,False,True,False,1,1.0,0.9795549114881584
2747,1,0,0.0,1,1,27.0,1,True,False,False,False,False,True,False,True,1,1.0,0.9795549114881584
2748,1,1,0.0,0,1,43.0,0,False,False,False,True,False,False,True,False,0,0.0,-1.020871814608924
2749,0,1,1.0,1,1,42.0,0,False,False,False,False,True,False,False,True,0,0.0,-1.020871814608924
2750,0,0,0.0,1,0,3.0,0,False,True,True,False,True,False,False,True,0,0.0,-1.020871814608924
2751,0,1,0.0,0,1,21.0,1,False,True,False,False,False,False,False,False,1,1.0,0.9795549114881584
2752,1,1,1.0,0,0,53.0,0,True,False,False,False,True,False,False,False,0,0.0,-1.020871814608924
2753,1,0,1.0,1,1,37.0,1,False,True,True,False,False,False,False,True,1,1.0,0.9795549114881584
2754,1,1,0.0,1,0,38.0,0,True,False,False,False,True,False,True,False,0,0.0,-1.020871814608924
2755,1,0,0.0,0,0,44.0,1,False,True,False,False,False,True,False,True,1,1.0,0.9795549114881584
2756,0,1,0.0,0,0,61.0,0,False,True,True,False,False,False,True,False,0,0.0,-1.020871814608924
2757,1,1,1.0,0,0,67.0,1,False,True,True,False,False,True,False,False,1,1.0,0.9795549114881584
2758,0,0,1.0,1,0,64.0,0,False,False,True,False,False,True,False,True,0,0.0,-1.020871814608924
2759,1,0,1.0,0,1,44.0,0,False,False,False,True,False,True,False,False,0,0.0,-1.020871814608924
2760,0,1,1.0,0,1,60.0,0,True,False,False,False,False,True,False,True,0,0.0,-1.020871814608924
2761,0,1,0.0,1,1,2.0,1,False,True,False,False,False,True,False,False,1,1.0,0.9795549114881584
2762,0,1,1.0,0,1,38.0,1,True,False,False,True,False,True,False,False,1,1.0,0.9795549114881584
2763,0,1,0.0,1,1,45.0,1,False,False,False,True,False,False,False,False,1,1.0,0.9795549114881584
2764,0,0,0.0,0,0,32.0,1,False,False,False,True,False,False,False,False,1,1.0,0.9795549114881584
2765,0,0,0.0,0,0,45.0,1,False,False,False,True,False,True,False,True,1,1.0,0.9795549114881584
2766,0,1,1.0,0,1,68.0,0,False,True,True,False,True,False,False,True,0,0.0,-1.020871814608924
2767,0,0,0.0,0,0,38.0,1,False,False,False,False,False,False,False,False,1,1.0,0.9795549114881584
2768,0,0,0.0,1,0,53.0,1,False,True,False,True,False,False,False,False,1,1.0,0.9795549114881584
2769,1,1,1.0,1,0,30.0,0,True,False,True,False,False,False,False,False,0,0.0,-1.020871814608924
2770,1,1,0.0,0,1,58.0,0,False,False,False,False,False,True,False,True,0,0.0,-1.020871814608924
2771,1,0,1.0,0,1,26.0,0,False,True,False,True,False,False,True,False,0,0.0,-1.020871814608924
2772,1,1,1.0,1,0,15.0,1,True,False,False,False,True,False,True,False,1,1.0,0.9795549114881584
2773,0,0,0.0,0,1,7.0,0,True,False,False,True,False,True,False,False,0,0.0,-1.020871814608924
2774,0,0,1.0,1,0,23.0,1,True,False,True,False,False,True,False,False,1,1.0,0.9795549114881584
2775,1,1,1.0,1,0,17.0,1,False,True,True,False,False,True,False,True,1,1.0,0.9795549114881584
2776,1,0,1.0,1,0,14.0,0,False,False,False,True,False,True,True,False,0,0.0,-1.020871814608924
2777,0,1,0.0,1,0,11.0,0,False,False,True,False,False,False,False,True,0,0.0,-1.020871814608924
2778,0,1,1.0,0,1,10.0,1,False,True,False,False,False,True,False,False,1,1.0,0.9795549114881584
2779,1,0,0.0,0,0,41.0,1,False,True,False,True,False,True,True,False,1,1.0,0.9795549114881584
2780,1,0,0.0,1,1,51.0,1,False,True,False,True,True,False,False,True,1,1.0,0.9795549114881584
2781,1,1,0.0,1,1,16.0,0,False,False,True,False,True,False,False,True,0,0.0,-1.020871814608924
2782,0,1,1.0,1,0,53.0,1,False,False,False,False,False,True,False,True,1,1.0,0.9795549114881584
2783,0,0,0.0,0,0,26.0,1,False,False,True,False,False,True,True,False,1,1.0,0.9795549114881584
2784,1,0,0.0,1,0,44.0,1,True,False,True,False,False,False,True,False,1,1.0,0.9795549114881584
2785,0,1,1.0,0,0,65.0,0,False,True,True,False,False,False,True,False,0,0.0,-1.020871814608924
2786,1,0,1.0,1,0,34.0,0,False,True,False,False,True,False,False,False,0,0.0,-1.020871814608924
2787,0,0,1.0,1,0,36.0,0,True,False,False,False,False,True,True,False,0,0.0,-1.020871814608924
2788,1,1,0.0,0,0,47.0,0,True,False,False,True,True,False,True,False,0,0.0,-1.020871814608924
2789,0,0,0.0,0,0,66.0,1,False,True,False,False,True,False,False,False,1,1.0,0.9795549114881584
2790,1,1,0.0,1,1,14.0,0,True,False,False,False,False,False,False,False,0,0.0,-1.020871814608924
2791,1,1,1.0,1,1,66.0,1,True,False,False,False,False,False,False,False,1,1.0,0.9795549114881584
2792,1,1,0.0,0,1,49.0,1,False,False,True,False,False,True,False,True,1,1.0,0.9795549114881584
2793,0,0,1.0,1,0,16.0,0,True,False,True,False,False,True,False,True,0,0.0,-1.020871814608924
2794,0,0,0.0,1,0,65.0,0,True,False,True,False,False,False,True,False,0,0.0,-1.020871814608924
2795,0,0,0.0,0,0,21.0,1,False,False,False,True,False,False,False,True,1,1.0,0.9795549114881584
2796,1,1,0.0,1,0,4.0,0,True,False,False,False,True,False,False,False,0,0.0,-1.020871814608924
2797,0,1,1.0,0,1,58.0,0,False,False,False,False,True,False,False,False,0,0.0,-1.020871814608924
2798,0,1,0.0,0,1,20.0,1,False,False,False,True,True,False,False,True,1,1.0,0.9795549114881584
2799,0,0,1.0,0,0,59.0,1,False,True,False,False,False,True,True,False,1,1.0,0.9795549114881584
2800,0,0,1.0,1,0,45.0,1,False,False,False,False,True,False,True,False,1,1.0,0.9795549114881584
2801,1,0,0.0,1,0,48.0,0,False,False,False,False,False,True,False,True,0,0.0,-1.020871814608924
2802,0,0,1.0,1,0,36.0,0,True,False,True,False,False,True,True,False,0,0.0,-1.020871814608924
2803,0,0,1.0,1,1,13.0,0,True,False,True,False,False,False,False,True,0,0.0,-1.020871814608924
2804,1,0,1.0,0,0,13.0,1,True,False,False,True,True,False,True,False,1,1.0,0.9795549114881584
2805,1,1,1.0,1,1,6.0,0,False,True,False,True,False,True,False,False,0,0.0,-1.020871814608924
2806,1,1,1.0,1,1,52.0,1,False,True,True,False,False,False,False,True,1,1.0,0.9795549114881584
2807,1,1,1.0,1,0,16.0,1,False,True,False,False,False,False,True,False,1,1.0,0.9795549114881584
2808,1,1,1.0,1,0,24.0,0,False,False,False,True,False,False,False,True,0,0.0,-1.020871814608924
2809,0,0,0.0,1,0,43.0,1,False,True,True,False,False,False,False,True,1,1.0,0.9795549114881584
2810,0,1,0.0,0,1,59.0,0,False,True,True,False,True,False,True,False,0,0.0,-1.020871814608924
2811,1,0,1.0,1,1,35.0,0,False,True,True,False,True,False,False,True,0,0.0,-1.020871814608924
2812,1,0,1.0,1,1,31.0,1,True,False,False,False,False,True,True,False,1,1.0,0.9795549114881584
2813,0,1,1.0,0,1,11.0,0,False,False,True,False,True,False,False,True,0,0.0,-1.020871814608924
2814,0,0,0.0,1,0,48.0,0,False,False,False,False,False,True,False,True,0,0.0,-1.020871814608924
2815,0,0,1.0,1,1,46.0,1,False,False,True,False,False,True,True,False,1,1.0,0.9795549114881584
2816,1,0,1.0,0,0,52.0,1,False,True,False,False,False,True,False,False,1,1.0,0.9795549114881584
2817,1,0,1.0,0,0,51.0,1,False,False,False,False,False,True,False,False,1,1.0,0.9795549114881584
2818,0,0,1.0,1,0,40.0,1,True,False,False,False,False,True,False,True,1,1.0,0.9795549114881584
2819,0,1,1.0,0,0,63.0,0,False,False,True,False,False,False,False,True,0,0.0,-1.020871814608924
2820,1,1,1.0,1,1,38.0,0,False,False,True,False,True,False,False,True,0,0.0,-1.020871814608924
2821,0,0,1.0,1,0,37.0,0,True,False,True,False,True,False,True,False,0,0.0,-1.020871814608924
2822,0,1,0.0,0,1,60.0,0,True,False,True,False,False,False,True,False,0,0.0,-1.020871814608924
2823,1,1,0.0,0,0,17.0,0,False,True,False,True,False,False,False,True,0,0.0,-1.020871814608924
2824,1,0,0.0,1,0,63.0,1,False,False,False,True,True,False,True,False,1,1.0,0.9795549114881584
2825,0,0,1.0,0,1,63.0,0,False,True,True,False,False,True,False,True,0,0.0,-1.020871814608924
2826,1,0,0.0,0,1,32.0,0,False,False,False,False,False,True,True,False,0,0.0,-1.020871814608924
2827,0,0,0.0,0,0,33.0,1,False,True,False,False,False,False,False,True,1,1.0,0.9795549114881584
2828,1,1,0.0,0,1,43.0,0,True,False,False,False,False,False,False,True,0,0.0,-1.020871814608924
2829,0,0,0.0,0,0,17.0,1,True,False,False,False,False,False,False,True,1,1.0,0.9795549114881584
2830,1,1,0.0,0,1,22.0,1,False,True,False,False,False,False,False,False,1,1.0,0.9795549114881584
2831,0,0,0.0,0,0,42.0,0,False,False,False,False,True,False,False,False,0,0.0,-1.020871814608924
2832,1,0,0.0,1,1,45.0,0,False,False,False,False,False,True,False,False,0,0.0,-1.020871814608924
2833,0,0,0.0,0,0,20.0,1,False,True,False,False,False,False,False,True,1,1.0,0.9795549114881584
2834,0,1,1.0,0,1,34.0,1,False,True,False,True,False,False,False,True,1,1.0,0.9795549114881584
2835,1,0,1.0,0,1,12.0,1,False,False,False,True,False,False,True,False,1,1.0,0.9795549114881584
2836,0,0,1.0,0,1,28.0,1,False,True,False,False,False,True,True,False,1,1.0,0.9795549114881584
2837,0,0,1.0,0,0,19.0,0,True,False,False,False,False,True,False,False,0,0.0,-1.020871814608924
2838,0,1,1.0,1,1,12.0,0,False,True,True,False,False,False,False,True,0,0.0,-1.020871814608924
2839,1,0,1.0,0,0,13.0,0,False,True,True,False,False,True,False,False,0,0.0,-1.020871814608924
2840,1,0,0.0,0,0,3.0,1,False,False,True,False,False,False,True,False,1,1.0,0.9795549114881584
2841,1,0,1.0,0,0,20.0,1,False,True,True,False,True,False,True,False,1,1.0,0.9795549114881584
2842,1,0,0.0,0,0,23.0,1,True,False,False,True,False,True,False,False,1,1.0,0.9795549114881584
2843,0,0,0.0,1,0,48.0,1,True,False,False,False,False,False,False,False,1,1.0,0.9795549114881584
2844,0,1,0.0,1,0,22.0,1,False,False,True,False,False,False,False,False,1,1.0,0.9795549114881584
2845,1,0,0.0,1,0,36.0,1,False,False,False,False,False,False,True,False,1,1.0,0.9795549114881584
2846,0,0,0.0,0,0,35.0,1,True,False,False,True,False,True,False,False,1,1.0,0.9795549114881584
2847,0,0,0.0,0,1,70.0,0,True,False,True,False,False,True,False,False,0,0.0,-1.020871814608924
2848,0,0,0.0,1,0,72.0,1,True,False,False,False,True,False,False,True,1,1.0,0.9795549114881584
2849,1,0,1.0,0,0,42.0,0,False,True,False,False,False,False,True,False,0,0.0,-1.020871814608924
2850,1,1,0.0,1,0,40.0,1,False,True,False,False,True,False,False,True,1,1.0,0.9795549114881584
2851,0,0,0.0,1,0,5.0,1,False,True,False,True,False,False,True,False,1,1.0,0.9795549114881584
2852,0,1,1.0,1,0,72.0,1,False,False,False,False,False,True,False,True,1,1.0,0.9795549114881584
2853,0,1,0.0,1,1,69.0,1,True,False,True,False,True,False,True,False,1,1.0,0.9795549114881584
2854,1,0,0.0,1,1,52.0,0,False,True,False,True,False,True,False,False,0,0.0,-1.020871814608924
2855,0,1,0.0,1,0,22.0,0,False,False,False,False,True,False,False,False,0,0.0,-1.020871814608924
2856,1,0,1.0,0,1,15.0,0,True,False,False,False,False,False,False,True,0,0.0,-1.020871814608924
2857,0,0,0.0,1,0,58.0,1,False,False,False,False,False,False,False,True,1,1.0,0.9795549114881584
2858,0,0,1.0,0,0,32.0,0,False,False,False,True,False,True,False,False,0,0.0,-1.020871814608924
2859,1,1,0.0,0,1,50.0,1,False,True,True,False,True,False,True,False,1,1.0,0.9795549114881584
2860,1,1,0.0,1,0,61.0,0,False,False,False,True,False,True,True,False,0,0.0,-1.020871814608924
2861,1,1,1.0,0,0,34.0,1,False,False,False,True,False,True,False,False,1,1.0,0.9795549114881584
2862,1,0,0.0,0,1,8.0,1,False,True,False,False,False,True,True,False,1,1.0,0.9795549114881584
2863,1,1,1.0,1,0,8.0,1,False,True,True,False,False,True,True,False,1,1.0,0.9795549114881584
2864,0,1,1.0,0,0,5.0,1,False,True,True,False,False,True,False,True,1,1.0,0.9795549114881584
2865,1,1,1.0,1,1,9.0,0,True,False,False,True,False,False,False,False,0,0.0,-1.020871814608924
2866,0,0,0.0,0,0,54.0,1,False,False,False,True,True,False,False,False,1,1.0,0.9795549114881584
2867,0,1,0.0,0,1,60.0,1,False,True,False,False,False,False,False,True,1,1.0,0.9795549114881584
2868,0,1,1.0,1,0,55.0,1,False,False,False,True,False,False,False,False,1,1.0,0.9795549114881584
2869,0,1,1.0,0,0,19.0,1,True,False,False,False,False,False,False,True,1,1.0,0.9795549114881584
2870,1,0,1.0,0,1,65.0,1,False,True,False,True,False,True,True,False,1,1.0,0.9795549114881584
2871,1,1,0.0,1,1,64.0,0,False,True,False,True,False,False,False,True,0,0.0,-1.020871814608924
2872,0,1,1.0,1,0,17.0,1,False,True,False,True,False,False,True,False,1,1.0,0.9795549114881584
2873,1,1,1.0,0,1,16.0,1,True,False,False,True,True,False,False,True,1,1.0,0.9795549114881584
2874,0,0,1.0,0,0,23.0,1,False,False,True,False,False,True,False,False,1,1.0,0.9795549114881584
2875,1,0,0.0,1,1,32.0,0,True,False,False,True,False,False,False,False,0,0.0,-1.020871814608924
2876,1,0,0.0,1,1,60.0,1,True,False,False,True,True,False,True,False,1,1.0,0.9795549114881584
2877,0,1,0.0,0,1,30.0,1,False,True,True,False,False,True,False,False,1,1.0,0.9795549114881584
2878,0,0,1.0,1,1,18.0,0,False,False,False,False,True,False,False,False,0,0.0,-1.020871814608924
2879,1,1,0.0,1,0,59.0,0,False,False,False,False,False,True,False,True,0,0.0,-1.020871814608924
2880,1,1,1.0,0,1,30.0,1,True,False,True,False,False,False,False,False,1,1.0,0.9795549114881584
2881,0,1,1.0,1,1,5.0,0,False,False,True,False,False,False,False,False,0,0.0,-1.020871814608924
2882,1,1,0.0,0,1,69.0,0,True,False,False,False,False,False,False,True,0,0.0,-1.020871814608924
2883,0,1,1.0,1,1,8.0,1,False,True,False,False,False,False,True,False,1,1.0,0.9795549114881584
2884,1,0,1.0,1,0,9.0,0,False,False,False,True,True,False,True,False,0,0.0,-1.020871814608924
2885,0,0,0.0,0,1,32.0,0,False,False,False,True,False,True,True,False,0,0.0,-1.020871814608924
2886,1,1,1.0,1,1,14.0,0,True,False,True,False,False,True,True,False,0,0.0,-1.020871814608924
2887,0,1,0.0,0,0,13.0,0,True,False,True,False,False,False,False,True,0,0.0,-1.020871814608924
2888,0,1,0.0,1,0,22.0,1,False,False,False,False,True,False,False,False,1,1.0,0.9795549114881584
2889,0,0,0.0,1,0,20.0,0,False,True,True,False,False,True,False,False,0,0.0,-1.020871814608924
2890,1,1,0.0,1,0,1.0,1,False,True,False,True,False,True,False,True,1,1.0,0.9795549114881584
2891,1,0,1.0,0,1,60.0,1,False,False,True,False,False,True,False,False,1,1.0,0.9795549114881584
2892,0,1,0.0,1,0,31.0,1,False,True,False,True,True,False,False,True,1,1.0,0.9795549114881584
2893,0,1,0.0,0,0,64.0,1,False,False,True,False,False,True,False,True,1,1.0,0.9795549114881584
2894,1,0,1.0,1,1,64.0,1,True,False,True,False,True,False,True,False,1,1.0,0.9795549114881584
2895,1,0,1.0,1,0,29.0,0,False,False,False,False,False,True,False,True,0,0.0,-1.020871814608924
2896,0,0,0.0,1,0,31.0,1,False,True,False,True,False,False,True,False,1,1.0,0.9795549114881584
2897,1,0,1.0,0,1,25.0,1,True,False,False,False,True,False,False,False,1,1.0,0.9795549114881584
2898,0,1,0.0,0,0,58.0,0,True,False,False,False,True,False,False,False,0,0.0,-1.020871814608924
2899,0,1,0.0,0,1,62.0,1,True,False,True,False,False,False,False,False,1,1.0,0.9795549114881584
2900,0,0,0.0,0,1,41.0,1,False,False,False,False,True,False,False,True,1,1.0,0.9795549114881584
2901,1,0,1.0,0,0,42.0,1,False,False,True,False,True,False,False,True,1,1.0,0.9795549114881584
2902,0,0,1.0,0,0,15.0,1,True,False,False,False,False,True,False,False,1,1.0,0.9795549114881584
2903,0,1,0.0,1,0,34.0,1,False,False,False,False,True,False,True,False,1,1.0,0.9795549114881584
2904,0,1,1.0,1,0,62.0,0,True,False,False,True,False,True,False,False,0,0.0,-1.020871814608924
2905,0,0,0.0,0,1,56.0,0,False,True,True,False,True,False,False,False,0,0.0,-1.020871814608924
2906,0,1,0.0,1,0,21.0,1,False,True,True,False,False,False,False,True,1,1.0,0.9795549114881584
2907,1,0,1.0,0,1,42.0,0,False,True,False,True,False,True,True,False,0,0.0,-1.020871814608924
2908,1,1,1.0,1,1,49.0,1,False,False,True,False,False,False,True,False,1,1.0,0.9795549114881584
2909,0,0,1.0,1,1,10.0,0,True,False,True,False,True,False,False,True,0,0.0,-1.020871814608924
2910,1,0,1.0,0,0,61.0,0,False,False,False,True,False,False,False,False,0,0.0,-1.020871814608924
2911,0,1,1.0,1,1,40.0,1,False,True,True,False,True,False,False,True,1,1.0,0.9795549114881584
2912,1,1,1.0,0,0,9.0,1,False,False,True,False,False,False,False,False,1,1.0,0.9795549114881584
2913,0,0,1.0,1,1,57.0,1,False,True,True,False,True,False,False,True,1,1.0,0.9795549114881584
2914,0,0,0.0,0,0,70.0,0,True,False,True,False,False,False,False,False,0,0.0,-1.020871814608924
2915,0,1,1.0,1,0,64.0,0,True,False,False,True,False,False,True,False,0,0.0,-1.020871814608924
2916,0,1,0.0,1,0,25.0,0,True,False,False,False,True,False,True,False,0,0.0,-1.020871814608924
2917,1,1,0.0,1,0,28.0,1,True,False,False,True,False,True,False,True,1,1.0,0.9795549114881584
2918,1,1,0.0,1,1,36.0,1,False,False,False,True,False,False,True,False,1,1.0,0.9795549114881584
2919,1,0,1.0,0,0,21.0,0,False,True,False,True,False,False,True,False,0,0.0,-1.020871814608924
2920,0,0,0.0,0,0,23.0,0,False,False,False,True,False,False,True,False,0,0.0,-1.020871814608924
2921,0,1,1.0,0,1,6.0,0,False,True,False,False,True,False,True,False,0,0.0,-1.020871814608924
2922,1,0,1.0,0,1,60.0,0,False,False,True,False,False,True,False,True,0,0.0,-1.020871814608924
2923,1,0,0.0,1,0,30.0,0,False,False,False,False,True,False,True,False,0,0.0,-1.020871814608924
2924,0,1,1.0,1,1,44.0,1,True,False,False,True,False,True,False,True,1,1.0,0.9795549114881584
2925,1,1,0.0,1,0,43.0,1,False,True,False,True,False,False,True,False,1,1.0,0.9795549114881584
2926,0,1,1.0,0,0,28.0,0,False,True,False,True,True,False,False,True,0,0.0,-1.020871814608924
2927,1,1,0.0,0,0,51.0,1,False,False,False,False,False,True,False,True,1,1.0,0.9795549114881584
2928,0,1,0.0,0,1,30.0,1,True,False,False,True,False,True,True,False,1,1.0,0.9795549114881584
2929,0,0,0.0,0,0,20.0,1,False,True,True,False,False,True,False,False,1,1.0,0.9795549114881584
2930,0,1,0.0,1,0,31.0,0,True,False,False,False,False,False,True,False,0,0.0,-1.020871814608924
2931,1,0,0.0,1,1,12.0,0,False,False,False,True,False,True,True,False,0,0.0,-1.020871814608924
2932,0,0,1.0,0,1,67.0,1,True,False,True,False,False,True,False,False,1,1.0,0.9795549114881584
2933,0,0,0.0,1,0,63.0,1,False,False,True,False,False,True,False,False,1,1.0,0.9795549114881584
2934,0,1,0.0,1,0,48.0,0,False,False,False,True,True,False,False,False,0,0.0,-1.020871814608924
2935,0,1,1.0,0,0,42.0,1,False,False,True,False,True,False,False,True,1,1.0,0.9795549114881584
2936,0,0,1.0,1,1,5.0,0,True,False,False,False,False,False,True,False,0,0.0,-1.020871814608924
2937,1,0,0.0,1,0,12.0,1,True,False,False,False,False,False,False,False,1,1.0,0.9795549114881584
2938,0,1,1.0,1,0,43.0,0,False,True,False,True,False,False,False,True,0,0.0,-1.020871814608924
2939,1,0,0.0,1,1,5.0,1,False,True,False,True,True,False,False,True,1,1.0,0.9795549114881584
2940,0,1,0.0,1,0,1.0,0,False,True,True,False,False,False,True,False,0,0.0,-1.020871814608924
2941,0,1,1.0,0,0,29.0,0,True,False,True,False,True,False,True,False,0,0.0,-1.020871814608924
2942,0,1,1.0,1,0,4.0,0,True,False,True,False,False,True,False,True,0,0.0,-1.020871814608924
2943,0,0,0.0,0,0,44.0,1,False,False,True,False,False,False,False,False,1,1.0,0.9795549114881584
2944,0,0,0.0,0,0,31.0,1,False,True,False,True,False,False,True,False,1,1.0,0.9795549114881584
2945,1,0,1.0,1,0,20.0,0,False,False,False,False,True,False,True,False,0,0.0,-1.020871814608924
2946,1,0,0.0,1,0,11.0,1,False,False,False,True,False,False,False,True,1,1.0,0.9795549114881584
2947,0,1,1.0,1,0,38.0,1,False,True,False,False,False,False,True,False,1,1.0,0.9795549114881584
2948,0,0,1.0,1,0,50.0,1,True,False,False,False,False,True,True,False,1,1.0,0.9795549114881584
2949,1,0,1.0,0,1,53.0,1,False,True,True,False,True,False,False,False,1,1.0,0.9795549114881584
2950,1,1,1.0,1,1,31.0,1,False,False,True,False,False,False,True,False,1,1.0,0.9795549114881584
2951,0,1,0.0,1,1,47.0,0,False,False,False,False,False,True,True,False,0,0.0,-1.020871814608924
2952,1,1,0.0,1,0,18.0,0,True,False,False,True,False,False,False,False,0,0.0,-1.020871814608924
2953,1,0,1.0,0,0,58.0,0,True,False,False,False,False,True,True,False,0,0.0,-1.020871814608924
2954,0,1,0.0,0,1,25.0,0,False,True,False,True,False,False,False,True,0,0.0,-1.020871814608924
2955,0,0,1.0,0,1,18.0,0,True,False,True,False,True,False,True,False,0,0.0,-1.020871814608924
2956,1,0,1.0,1,0,52.0,1,False,True,True,False,True,False,False,False,1,1.0,0.9795549114881584
2957,0,0,1.0,1,0,7.0,1,False,True,True,False,False,True,True,False,1,1.0,0.9795549114881584
2958,0,1,0.0,0,0,44.0,0,True,False,False,True,True,False,False,True,0,0.0,-1.020871814608924
2959,1,1,1.0,0,0,44.0,0,True,False,False,False,False,False,False,False,0,0.0,-1.020871814608924
2960,1,1,1.0,1,0,21.0,0,False,True,True,False,False,True,False,False,0,0.0,-1.020871814608924
2961,0,0,0.0,1,1,28.0,0,False,False,False,False,True,False,False,True,0,0.0,-1.020871814608924
2962,0,1,1.0,0,1,32.0,0,False,False,False,False,False,False,False,True,0,0.0,-1.020871814608924
2963,0,1,1.0,1,0,27.0,0,False,True,False,True,False,False,False,True,0,0.0,-1.020871814608924
2964,1,1,0.0,1,0,24.0,1,False,True,True,False,True,False,False,False,1,1.0,0.9795549114881584
2965,1,0,1.0,0,0,18.0,0,False,True,False,True,True,False,False,True,0,0.0,-1.020871814608924
2966,0,0,0.0,1,0,15.0,1,False,False,False,False,False,False,True,False,1,1.0,0.9795549114881584
2967,0,0,0.0,0,1,35.0,0,False,False,True,False,False,False,True,False,0,0.0,-1.020871814608924
2968,1,1,1.0,0,1,3.0,1,False,False,False,True,False,True,False,False,1,1.0,0.9795549114881584
2969,0,1,1.0,0,1,21.0,0,False,True,True,False,False,True,True,False,0,0.0,-1.020871814608924
2970,1,0,0.0,0,1,50.0,0,False,True,True,False,False,False,False,True,0,0.0,-1.020871814608924
2971,1,1,1.0,1,1,1.0,1,True,False,True,False,False,False,False,True,1,1.0,0.9795549114881584
2972,0,0,0.0,0,0,41.0,1,False,False,False,True,True,False,False,False,1,1.0,0.9795549114881584
2973,1,0,0.0,1,1,14.0,0,False,False,False,False,False,False,False,False,0,0.0,-1.020871814608924
2974,0,0,0.0,1,0,23.0,0,False,True,False,True,False,True,False,True,0,0.0,-1.020871814608924
2975,0,1,1.0,1,0,26.0,0,True,False,False,False,False,False,False,False,0,0.0,-1.020871814608924
2976,1,1,1.0,1,1,48.0,0,False,False,False,True,True,False,False,False,0,0.0,-1.020871814608924
2977,0,1,1.0,0,1,31.0,0,False,True,False,True,True,False,True,False,0,0.0,-1.020871814608924
2978,1,1,0.0,1,1,45.0,1,False,False,True,False,False,True,False,False,1,1.0,0.9795549114881584
2979,1,0,1.0,0,1,24.0,1,False,False,False,True,False,False,False,True,1,1.0,0.9795549114881584
2980,1,0,0.0,1,1,3.0,0,False,False,True,False,False,True,False,True,0,0.0,-1.020871814608924
2981,0,1,1.0,1,0,62.0,0,True,False,True,False,False,True,False,False,0,0.0,-1.020871814608924
2982,0,1,0.0,1,0,67.0,0,True,False,False,False,False,True,False,True,0,0.0,-1.020871814608924
2983,1,1,0.0,1,0,10.0,0,False,False,False,True,False,True,True,False,0,0.0,-1.020871814608924
2984,1,0,1.0,0,0,55.0,0,True,False,True,False,False,False,False,True,0,0.0,-1.020871814608924
2985,1,1,1.0,1,1,14.0,1,True,False,False,False,False,False,False,False,1,1.0,0.9795549114881584
2986,1,1,0.0,1,1,15.0,1,False,True,False,True,False,True,True,False,1,1.0,0.9795549114881584
2987,0,1,0.0,0,0,15.0,0,False,True,False,True,False,False,False,True,0,0.0,-1.020871814608924
2988,1,0,1.0,1,0,54.0,1,False,True,True,False,False,True,True,False,1,1.0,0.9795549114881584
2989,1,0,1.0,0,0,19.0,0,True,False,False,False,True,False,True,False,0,0.0,-1.020871814608924
2990,0,0,1.0,1,1,43.0,0,True,False,False,False,False,False,True,False,0,0.0,-1.020871814608924
2991,0,0,0.0,1,0,52.0,0,False,True,False,True,False,True,False,False,0,0.0,-1.020871814608924
2992,0,0,1.0,0,0,46.0,1,False,False,False,False,True,False,False,False,1,1.0,0.9795549114881584
2993,1,0,1.0,0,1,61.0,1,False,True,True,False,False,True,False,False,1,1.0,0.9795549114881584
2994,1,1,1.0,1,0,29.0,0,True,False,False,False,False,True,False,True,0,0.0,-1.020871814608924
2995,1,0,1.0,1,1,27.0,1,False,True,False,False,False,True,False,False,1,1.0,0.9795549114881584
2996,1,0,0.0,1,0,67.0,0,False,True,False,False,False,True,True,False,0,0.0,-1.020871814608924
2997,0,0,0.0,1,1,70.0,0,True,False,False,True,False,True,True,False,0,0.0,-1.020871814608924
2998,1,1,0.0,1,0,33.0,1,False,False,True,False,False,True,True,False,1,1.0,0.9795549114881584
2999,1,0,0.0,1,1,58.0,0,False,False,False,False,True,False,False,False,0,0.0,-1.020871814608924
3000,1,1,0.0,0,1,57.0,1,False,False,False,False,False,False,False,False,1,1.0,0.9795549114881584
3001,0,1,1.0,1,1,25.0,1,False,False,False,False,False,False,False,True,1,1.0,0.9795549114881584
3002,0,1,0.0,1,1,63.0,1,False,False,True,False,False,False,True,False,1,1.0,0.9795549114881584
3003,0,1,1.0,1,0,3.0,0,False,False,False,True,False,False,False,False,0,0.0,-1.020871814608924
3004,1,1,1.0,0,1,47.0,1,False,False,True,False,False,False,False,True,1,1.0,0.9795549114881584
3005,1,0,1.0,1,0,43.0,1,False,False,True,False,False,False,False,True,1,1.0,0.9795549114881584
3006,1,1,0.0,1,0,6.0,0,False,True,False,False,True,False,False,True,0,0.0,-1.020871814608924
3007,1,1,1.0,1,1,2.0,0,False,False,True,False,False,True,False,True,0,0.0,-1.020871814608924
3008,1,1,1.0,1,1,17.0,1,False,True,False,True,False,True,True,False,1,1.0,0.9795549114881584
3009,1,1,0.0,0,1,44.0,0,False,True,True,False,False,False,False,True,0,0.0,-1.020871814608924
3010,1,0,0.0,0,1,54.0,1,False,True,True,False,False,True,True,False,1,1.0,0.9795549114881584
3011,0,0,0.0,0,1,53.0,0,False,True,False,True,False,False,True,False,0,0.0,-1.020871814608924
3012,0,0,0.0,1,0,53.0,1,False,True,False,True,False,False,True,False,1,1.0,0.9795549114881584
3013,0,0,0.0,0,0,29.0,0,False,True,False,False,False,False,True,False,0,0.0,-1.020871814608924
3014,0,1,0.0,0,0,3.0,1,False,True,True,False,False,False,False,False,1,1.0,0.9795549114881584
3015,0,0,1.0,1,0,55.0,1,False,False,False,True,True,False,False,True,1,1.0,0.9795549114881584
3016,1,1,1.0,1,0,47.0,1,False,False,False,True,False,True,False,True,1,1.0,0.9795549114881584
3017,0,1,1.0,0,0,3.0,0,False,False,False,True,True,False,False,True,0,0.0,-1.020871814608924
3018,0,1,1.0,0,0,59.0,1,True,False,True,False,False,False,True,False,1,1.0,0.9795549114881584
3019,0,1,1.0,0,1,66.0,0,True,False,False,False,True,False,True,False,0,0.0,-1.020871814608924
3020,0,1,0.0,1,0,11.0,0,True,False,False,True,False,True,False,False,0,0.0,-1.020871814608924
3021,0,0,1.0,1,1,12.0,1,False,True,False,False,False,True,True,False,1,1.0,0.9795549114881584
3022,0,1,0.0,1,0,43.0,1,True,False,False,True,False,True,False,False,1,1.0,0.9795549114881584
3023,1,0,0.0,0,0,46.0,1,False,True,False,True,False,False,False,False,1,1.0,0.9795549114881584
3024,0,1,0.0,1,0,8.0,0,True,False,True,False,False,False,False,False,0,0.0,-1.020871814608924
3025,1,1,1.0,0,1,66.0,0,False,False,False,False,False,False,False,False,0,0.0,-1.020871814608924
3026,0,0,0.0,1,0,37.0,0,False,False,False,False,False,False,True,False,0,0.0,-1.020871814608924
3027,1,1,1.0,0,1,29.0,1,True,False,False,False,True,False,False,False,1,1.0,0.9795549114881584
3028,0,0,1.0,0,1,69.0,0,False,False,False,False,True,False,False,True,0,0.0,-1.020871814608924
3029,0,1,0.0,1,0,69.0,0,True,False,True,False,False,False,True,False,0,0.0,-1.020871814608924
3030,1,0,0.0,0,1,3.0,1,False,False,False,False,True,False,False,False,1,1.0,0.9795549114881584
3031,1,1,1.0,1,0,52.0,1,False,True,False,False,True,False,True,False,1,1.0,0.9795549114881584
3032,0,1,1.0,1,1,47.0,1,False,False,False,True,False,True,True,False,1,1.0,0.9795549114881584
3033,0,1,1.0,1,0,46.0,1,True,False,False,False,False,False,False,True,1,1.0,0.9795549114881584
3034,0,0,0.0,1,1,70.0,1,False,False,True,False,False,True,False,False,1,1.0,0.9795549114881584
3035,0,0,1.0,0,1,47.0,0,True,False,False,True,True,False,False,True,0,0.0,-1.020871814608924
3036,1,1,0.0,0,1,64.0,0,False,False,True,False,False,False,True,False,0,0.0,-1.020871814608924
3037,0,1,1.0,0,0,58.0,1,True,False,False,True,True,False,False,True,1,1.0,0.9795549114881584
3038,0,1,1.0,1,0,46.0,0,False,True,True,False,False,False,False,True,0,0.0,-1.020871814608924
3039,1,0,1.0,1,1,24.0,0,False,True,True,False,False,True,False,True,0,0.0,-1.020871814608924
3040,1,1,0.0,0,1,37.0,1,False,False,False,False,False,True,False,False,1,1.0,0.9795549114881584
3041,0,0,1.0,1,0,41.0,0,True,False,False,True,False,True,False,False,0,0.0,-1.020871814608924
3042,0,1,0.0,1,0,29.0,0,False,False,True,False,False,False,True,False,0,0.0,-1.020871814608924
3043,1,1,0.0,0,1,5.0,0,True,False,False,False,False,False,False,False,0,0.0,-1.020871814608924
3044,0,1,1.0,1,0,37.0,0,False,False,True,False,True,False,True,False,0,0.0,-1.020871814608924
3045,1,1,0.0,1,0,36.0,0,True,False,False,True,True,False,False,True,0,0.0,-1.020871814608924
3046,0,1,0.0,1,0,13.0,0,False,True,True,False,True,False,False,False,0,0.0,-1.020871814608924
3047,1,1,1.0,0,1,6.0,0,False,False,False,True,False,True,False,True,0,0.0,-1.020871814608924
3048,0,0,0.0,0,0,1.0,0,False,False,False,True,True,False,False,False,0,0.0,-1.020871814608924
3049,0,0,1.0,1,1,46.0,1,True,False,False,True,True,False,False,True,1,1.0,0.9795549114881584
3050,0,1,1.0,0,1,44.0,0,False,True,True,False,False,True,True,False,0,0.0,-1.020871814608924
3051,0,1,1.0,1,0,66.0,1,True,False,False,False,True,False,False,True,1,1.0,0.9795549114881584
3052,1,0,0.0,1,1,13.0,1,False,False,False,False,False,True,False,False,1,1.0,0.9795549114881584
3053,0,1,0.0,1,1,59.0,1,False,True,True,False,True,False,False,False,1,1.0,0.9795549114881584
3054,0,0,1.0,1,0,11.0,1,False,False,False,False,False,False,True,False,1,1.0,0.9795549114881584
3055,0,1,0.0,1,0,39.0,1,False,False,True,False,True,False,True,False,1,1.0,0.9795549114881584
3056,1,1,0.0,1,0,26.0,1,False,True,False,False,False,False,False,True,1,1.0,0.9795549114881584
3057,0,1,0.0,1,0,72.0,0,False,True,False,True,False,True,True,False,0,0.0,-1.020871814608924
3058,0,1,0.0,1,1,32.0,0,False,True,True,False,True,False,False,False,0,0.0,-1.020871814608924
3059,0,1,0.0,1,0,28.0,1,False,False,False,True,False,False,False,False,1,1.0,0.9795549114881584
3060,0,1,0.0,0,0,66.0,0,False,False,False,True,False,False,True,False,0,0.0,-1.020871814608924
3061,0,1,0.0,1,1,50.0,1,False,False,False,True,True,False,True,False,1,1.0,0.9795549114881584
3062,0,1,0.0,0,0,26.0,1,True,False,True,False,False,True,False,False,1,1.0,0.9795549114881584
3063,0,1,1.0,1,0,42.0,1,False,False,True,False,True,False,False,True,1,1.0,0.9795549114881584
3064,1,0,0.0,0,1,32.0,1,False,True,True,False,False,True,True,False,1,1.0,0.9795549114881584
3065,0,1,1.0,0,0,66.0,0,True,False,False,True,True,False,False,True,0,0.0,-1.020871814608924
3066,0,1,0.0,1,1,58.0,1,False,False,True,False,True,False,True,False,1,1.0,0.9795549114881584
3067,0,0,1.0,0,0,27.0,1,False,True,False,False,False,True,True,False,1,1.0,0.9795549114881584
3068,1,1,0.0,1,0,54.0,1,False,False,False,False,False,True,False,True,1,1.0,0.9795549114881584
3069,1,1,1.0,0,1,72.0,0,True,False,False,False,True,False,False,True,0,0.0,-1.020871814608924
3070,1,0,1.0,0,1,52.0,1,False,True,True,False,False,False,False,True,1,1.0,0.9795549114881584
3071,1,0,0.0,1,0,8.0,1,False,False,False,True,True,False,True,False,1,1.0,0.9795549114881584
3072,1,1,1.0,1,1,18.0,1,False,False,True,False,False,False,True,False,1,1.0,0.9795549114881584
3073,0,1,0.0,0,0,52.0,1,False,False,False,True,False,False,False,True,1,1.0,0.9795549114881584
3074,0,1,0.0,0,1,72.0,1,False,True,False,True,False,True,False,True,1,1.0,0.9795549114881584
3075,1,1,1.0,0,1,49.0,0,False,True,False,True,False,False,True,False,0,0.0,-1.020871814608924
3076,0,0,0.0,1,1,8.0,1,False,True,True,False,False,True,False,False,1,1.0,0.9795549114881584
3077,0,1,1.0,0,1,41.0,1,False,True,False,True,True,False,False,True,1,1.0,0.9795549114881584
3078,0,0,1.0,1,1,38.0,1,True,False,False,True,True,False,True,False,1,1.0,0.9795549114881584
3079,1,1,0.0,0,0,42.0,1,False,False,False,True,False,True,True,False,1,1.0,0.9795549114881584
3080,0,0,1.0,0,0,50.0,1,False,True,False,False,False,True,True,False,1,1.0,0.9795549114881584
3081,0,0,1.0,1,0,31.0,0,False,False,False,False,False,True,False,True,0,0.0,-1.020871814608924
3082,1,0,0.0,0,0,65.0,0,True,False,False,False,True,False,False,True,0,0.0,-1.020871814608924
3083,1,1,1.0,1,1,53.0,0,False,False,False,True,True,False,False,False,0,0.0,-1.020871814608924
3084,1,1,0.0,0,0,32.0,0,True,False,False,False,False,True,False,True,0,0.0,-1.020871814608924
3085,0,0,1.0,1,1,56.0,1,False,True,False,True,True,False,False,False,1,1.0,0.9795549114881584
3086,1,1,1.0,0,0,31.0,0,False,True,False,False,False,True,False,True,0,0.0,-1.020871814608924
3087,0,0,1.0,1,1,24.0,1,False,True,False,True,False,False,False,True,1,1.0,0.9795549114881584
3088,1,1,0.0,1,1,30.0,1,False,True,True,False,False,True,False,False,1,1.0,0.9795549114881584
3089,0,0,0.0,1,0,55.0,0,False,True,True,False,True,False,True,False,0,0.0,-1.020871814608924
3090,0,0,0.0,0,0,30.0,0,False,False,True,False,False,False,False,True,0,0.0,-1.020871814608924
3091,0,0,1.0,1,0,29.0,0,False,True,False,True,True,False,True,False,0,0.0,-1.020871814608924
3092,0,1,1.0,0,1,12.0,1,False,False,False,False,False,True,False,False,1,1.0,0.9795549114881584
3093,1,1,0.0,0,1,67.0,1,False,False,True,False,True,False,True,False,1,1.0,0.9795549114881584
3094,1,1,1.0,1,0,10.0,0,False,False,False,False,False,True,True,False,0,0.0,-1.020871814608924
3095,1,0,1.0,0,0,23.0,0,False,False,True,False,True,False,True,False,0,0.0,-1.020871814608924
3096,1,0,1.0,0,0,11.0,0,False,False,False,False,False,False,False,True,0,0.0,-1.020871814608924
3097,1,0,1.0,0,0,14.0,1,False,True,True,False,False,True,True,False,1,1.0,0.9795549114881584
3098,1,1,0.0,1,1,17.0,1,False,False,False,False,False,True,False,False,1,1.0,0.9795549114881584
3099,0,0,0.0,0,1,42.0,1,False,False,False,True,False,False,False,False,1,1.0,0.9795549114881584
3100,1,1,0.0,0,1,52.0,1,True,False,False,True,True,False,False,False,1,1.0,0.9795549114881584
3101,0,1,1.0,1,1,52.0,1,False,True,False,False,False,True,True,False,1,1.0,0.9795549114881584
3102,1,0,1.0,0,1,2.0,1,False,True,True,False,False,True,False,False,1,1.0,0.9795549114881584
3103,0,0,1.0,0,0,26.0,1,True,False,True,False,True,False,False,True,1,1.0,0.9795549114881584
3104,1,1,1.0,1,0,71.0,1,True,False,True,False,False,True,True,False,1,1.0,0.9795549114881584
3105,0,1,0.0,0,1,61.0,1,True,False,True,False,False,False,False,False,1,1.0,0.9795549114881584
3106,0,0,1.0,0,0,59.0,1,True,False,False,False,False,True,False,False,1,1.0,0.9795549114881584
3107,1,0,0.0,1,1,26.0,0,False,True,True,False,False,True,True,False,0,0.0,-1.020871814608924
3108,1,0,1.0,1,0,31.0,1,False,True,True,False,False,False,True,False,1,1.0,0.9795549114881584
3109,1,1,1.0,0,1,45.0,0,True,False,True,False,False,False,False,False,0,0.0,-1.020871814608924
3110,1,0,1.0,1,1,60.0,1,True,False,True,False,False,True,False,True,1,1.0,0.9795549114881584
3111,0,0,1.0,1,0,52.0,0,False,False,False,False,True,False,True,False,0,0.0,-1.020871814608924
3112,1,1,1.0,1,1,52.0,0,True,False,True,False,True,False,False,True,0,0.0,-1.020871814608924
3113,0,0,0.0,0,1,49.0,0,False,False,True,False,True,False,False,True,0,0.0,-1.020871814608924
3114,1,1,0.0,0,1,53.0,1,False,True,False,True,True,False,False,True,1,1.0,0.9795549114881584
3115,0,1,0.0,0,0,44.0,1,True,False,True,False,True,False,False,True,1,1.0,0.9795549114881584
3116,1,0,0.0,0,1,22.0,1,False,False,False,False,False,True,False,True,1,1.0,0.9795549114881584
3117,0,1,1.0,0,0,16.0,1,False,False,True,False,False,True,False,False,1,1.0,0.9795549114881584
3118,0,1,0.0,0,0,65.0,1,True,False,True,False,True,False,True,False,1,1.0,0.9795549114881584
3119,1,0,0.0,1,1,69.0,1,True,False,False,False,False,True,True,False,1,1.0,0.9795549114881584
3120,1,0,1.0,1,0,25.0,1,True,False,True,False,False,False,True,False,1,1.0,0.9795549114881584
3121,0,1,0.0,0,0,71.0,1,False,False,False,True,False,False,False,True,1,1.0,0.9795549114881584
3122,1,0,0.0,1,1,50.0,0,True,False,False,False,False,False,True,False,0,0.0,-1.020871814608924
3123,0,0,0.0,1,1,10.0,0,False,True,False,True,False,False,True,False,0,0.0,-1.020871814608924
3124,1,0,0.0,0,1,14.0,1,False,True,False,True,False,True,True,False,1,1.0,0.9795549114881584
3125,1,1,0.0,0,1,3.0,1,False,False,True,False,True,False,False,False,1,1.0,0.9795549114881584
3126,0,0,1.0,0,1,53.0,0,False,False,False,True,True,False,True,False,0,0.0,-1.020871814608924
3127,0,0,1.0,0,1,18.0,1,True,False,False,True,False,False,True,False,1,1.0,0.9795549114881584
3128,1,1,1.0,0,0,7.0,0,True,False,False,False,False,False,False,True,0,0.0,-1.020871814608924
3129,0,0,0.0,0,0,4.0,1,False,True,False,True,True,False,False,False,1,1.0,0.9795549114881584
3130,1,1,0.0,1,0,49.0,0,False,False,False,False,True,False,True,False,0,0.0,-1.020871814608924
3131,0,1,0.0,0,1,6.0,0,False,False,True,False,False,True,False,False,0,0.0,-1.020871814608924
3132,0,1,0.0,0,1,31.0,0,False,False,False,True,False,False,False,True,0,0.0,-1.020871814608924
3133,1,1,0.0,1,1,22.0,0,False,False,False,False,False,True,False,False,0,0.0,-1.020871814608924
3134,1,1,0.0,0,0,44.0,0,False,True,False,False,True,False,False,False,0,0.0,-1.020871814608924
3135,0,0,1.0,1,0,27.0,1,True,False,True,False,False,False,False,True,1,1.0,0.9795549114881584
3136,1,1,0.0,1,1,23.0,1,True,False,False,True,True,False,False,True,1,1.0,0.9795549114881584
3137,0,1,1.0,1,0,10.0,1,False,True,True,False,False,True,True,False,1,1.0,0.9795549114881584
3138,0,0,0.0,0,1,10.0,0,True,False,False,True,False,True,False,False,0,0.0,-1.020871814608924
3139,1,1,1.0,0,1,10.0,1,True,False,False,False,True,False,False,True,1,1.0,0.9795549114881584
3140,1,1,0.0,0,0,58.0,1,False,False,True,False,False,True,True,False,1,1.0,0.9795549114881584
3141,1,1,0.0,0,1,44.0,1,False,False,False,True,False,False,False,True,1,1.0,0.9795549114881584
3142,0,1,1.0,1,0,43.0,0,False,False,False,True,False,True,True,False,0,0.0,-1.020871814608924
3143,1,0,0.0,1,1,23.0,0,False,True,False,False,False,True,False,True,0,0.0,-1.020871814608924
3144,1,0,1.0,1,0,4.0,0,False,True,False,False,False,True,True,False,0,0.0,-1.020871814608924
3145,0,1,0.0,1,1,49.0,0,False,False,True,False,True,False,False,True,0,0.0,-1.020871814608924
3146,1,1,1.0,1,1,13.0,0,False,False,False,False,True,False,True,False,0,0.0,-1.020871814608924
3147,0,1,1.0,0,0,68.0,0,False,False,False,False,False,False,True,False,0,0.0,-1.020871814608924
3148,1,0,0.0,0,0,72.0,1,True,False,False,False,False,False,True,False,1,1.0,0.9795549114881584
3149,0,1,0.0,0,1,10.0,0,True,False,False,True,False,True,False,True,0,0.0,-1.020871814608924
3150,0,1,0.0,1,0,72.0,1,False,False,False,False,False,False,False,False,1,1.0,0.9795549114881584
3151,0,0,1.0,1,1,59.0,1,False,False,False,True,False,False,False,False,1,1.0,0.9795549114881584
3152,0,0,1.0,1,1,61.0,0,False,True,True,False,False,False,False,True,0,0.0,-1.020871814608924
3153,0,1,1.0,0,1,5.0,1,False,False,False,False,True,False,False,True,1,1.0,0.9795549114881584
3154,0,1,0.0,1,0,43.0,0,True,False,False,True,False,True,True,False,0,0.0,-1.020871814608924
3155,0,0,0.0,0,0,60.0,0,False,False,True,False,True,False,False,False,0,0.0,-1.020871814608924
3156,1,0,1.0,1,1,26.0,1,False,False,False,False,False,False,False,False,1,1.0,0.9795549114881584
3157,1,0,1.0,1,1,2.0,0,False,False,False,True,False,True,False,True,0,0.0,-1.020871814608924
3158,1,1,0.0,1,0,9.0,1,True,False,False,False,False,False,True,False,1,1.0,0.9795549114881584
3159,0,1,1.0,0,1,58.0,1,True,False,True,False,False,True,True,False,1,1.0,0.9795549114881584
3160,1,0,0.0,1,0,10.0,0,False,False,False,False,True,False,False,False,0,0.0,-1.020871814608924
3161,1,0,0.0,0,0,62.0,1,False,False,True,False,True,False,False,True,1,1.0,0.9795549114881584
3162,1,0,0.0,0,1,41.0,0,False,False,False,False,True,False,False,True,0,0.0,-1.020871814608924
3163,0,1,0.0,1,1,48.0,1,True,False,False,False,False,False,False,True,1,1.0,0.9795549114881584
3164,1,1,1.0,0,1,52.0,0,True,False,False,False,False,False,False,False,0,0.0,-1.020871814608924
3165,0,1,0.0,0,0,3.0,0,False,False,False,True,False,True,False,True,0,0.0,-1.020871814608924
3166,1,1,0.0,1,0,21.0,0,True,False,False,True,False,False,True,False,0,0.0,-1.020871814608924
3167,1,0,0.0,1,1,28.0,0,True,False,True,False,False,True,False,False,0,0.0,-1.020871814608924
3168,0,1,0.0,1,0,1.0,1,False,False,False,False,True,False,False,False,1,1.0,0.9795549114881584
3169,1,0,0.0,1,1,27.0,0,False,True,True,False,True,False,False,True,0,0.0,-1.020871814608924
3170,0,0,1.0,0,0,49.0,1,True,False,True,False,False,False,True,False,1,1.0,0.9795549114881584
3171,1,0,0.0,0,1,39.0,0,True,False,False,True,True,False,False,True,0,0.0,-1.020871814608924
3172,1,0,1.0,1,1,13.0,1,True,False,False,False,True,False,True,False,1,1.0,0.9795549114881584
3173,1,1,0.0,1,0,5.0,1,True,False,False,True,False,False,False,False,1,1.0,0.9795549114881584
3174,1,1,0.0,1,1,7.0,0,True,False,True,False,False,False,False,False,0,0.0,-1.020871814608924
3175,1,0,0.0,0,1,15.0,1,False,False,False,True,True,False,False,False,1,1.0,0.9795549114881584
3176,1,1,1.0,0,0,67.0,1,False,True,False,False,False,False,False,True,1,1.0,0.9795549114881584
3177,0,0,1.0,1,0,18.0,1,False,True,False,True,False,True,False,False,1,1.0,0.9795549114881584
3178,0,1,0.0,0,0,41.0,1,False,True,False,True,False,True,False,True,1,1.0,0.9795549114881584
3179,0,1,0.0,0,0,38.0,1,True,False,True,False,False,True,False,True,1,1.0,0.9795549114881584
3180,0,1,1.0,0,0,39.0,1,True,False,False,True,True,False,False,True,1,1.0,0.9795549114881584
3181,0,0,1.0,0,0,10.0,0,False,True,False,False,False,False,False,False,0,0.0,-1.020871814608924
3182,1,0,0.0,1,1,44.0,1,False,False,False,False,True,False,False,True,1,1.0,0.9795549114881584
3183,1,0,0.0,1,0,11.0,0,False,True,True,False,False,True,False,True,0,0.0,-1.020871814608924
3184,1,1,1.0,0,0,68.0,1,True,False,False,True,True,False,False,True,1,1.0,0.9795549114881584
3185,1,1,1.0,0,0,20.0,1,True,False,True,False,True,False,False,False,1,1.0,0.9795549114881584
3186,1,1,0.0,0,0,10.0,1,False,True,False,False,False,False,False,False,1,1.0,0.9795549114881584
3187,0,1,1.0,1,1,58.0,0,False,False,True,False,False,True,True,False,0,0.0,-1.020871814608924
3188,0,1,1.0,1,1,29.0,1,False,False,False,True,False,True,True,False,1,1.0,0.9795549114881584
3189,0,1,0.0,0,0,21.0,0,True,False,False,True,True,False,True,False,0,0.0,-1.020871814608924
3190,0,0,1.0,0,1,67.0,0,False,False,True,False,False,False,False,True,0,0.0,-1.020871814608924
3191,0,1,0.0,0,0,33.0,0,False,True,True,False,False,False,True,False,0,0.0,-1.020871814608924
3192,1,0,0.0,0,0,70.0,0,False,False,True,False,True,False,True,False,0,0.0,-1.020871814608924
3193,0,0,1.0,0,0,17.0,0,False,False,True,False,True,False,False,False,0,0.0,-1.020871814608924
3194,0,1,1.0,0,0,1.0,1,True,False,False,False,False,True,False,False,1,1.0,0.9795549114881584
3195,1,0,1.0,0,0,14.0,1,True,False,False,True,False,False,True,False,1,1.0,0.9795549114881584
3196,1,0,1.0,0,0,4.0,0,False,True,False,False,False,True,False,False,0,0.0,-1.020871814608924
3197,1,1,0.0,0,0,46.0,1,False,True,False,False,True,False,True,False,1,1.0,0.9795549114881584
3198,0,1,1.0,0,0,48.0,1,True,False,True,False,False,False,False,False,1,1.0,0.9795549114881584
3199,0,1,0.0,0,1,26.0,0,True,False,False,False,True,False,False,False,0,0.0,-1.020871814608924
3200,1,0,1.0,1,1,6.0,1,False,True,True,False,False,True,False,False,1,1.0,0.9795549114881584
3201,0,1,1.0,0,0,12.0,1,False,True,False,False,False,True,True,False,1,1.0,0.9795549114881584
3202,0,0,1.0,0,0,35.0,0,False,True,False,False,False,False,True,False,0,0.0,-1.020871814608924
3203,1,1,1.0,1,1,23.0,0,False,True,False,False,True,False,False,True,0,0.0,-1.020871814608924
3204,1,0,0.0,1,1,37.0,1,False,False,False,False,True,False,False,False,1,1.0,0.9795549114881584
3205,1,0,1.0,0,1,58.0,1,True,False,False,False,False,True,False,False,1,1.0,0.9795549114881584
3206,0,1,1.0,1,0,61.0,0,False,True,True,False,True,False,False,False,0,0.0,-1.020871814608924
3207,1,0,0.0,0,1,37.0,0,False,False,False,True,True,False,False,True,0,0.0,-1.020871814608924
3208,1,1,0.0,0,0,47.0,1,False,True,False,True,False,False,False,True,1,1.0,0.9795549114881584
3209,0,0,1.0,1,1,10.0,1,True,False,False,True,False,False,False,True,1,1.0,0.9795549114881584
3210,0,1,1.0,1,0,42.0,0,False,True,False,False,True,False,True,False,0,0.0,-1.020871814608924
3211,0,0,1.0,1,0,47.0,1,True,False,False,False,False,False,True,False,1,1.0,0.9795549114881584
3212,1,1,0.0,0,1,7.0,0,False,False,False,False,False,True,False,True,0,0.0,-1.020871814608924
3213,0,1,0.0,0,1,66.0,0,False,False,False,True,False,False,True,False,0,0.0,-1.020871814608924
3214,0,1,0.0,0,1,36.0,1,True,False,True,False,True,False,False,True,1,1.0,0.9795549114881584
3215,1,1,1.0,0,0,2.0,0,True,False,False,False,True,False,False,False,0,0.0,-1.020871814608924
3216,1,0,0.0,1,1,14.0,0,False,False,True,False,False,True,True,False,0,0.0,-1.020871814608924
3217,1,0,0.0,1,1,48.0,0,False,True,False,True,False,False,True,False,0,0.0,-1.020871814608924
3218,0,1,1.0,0,0,61.0,0,False,True,True,False,True,False,False,False,0,0.0,-1.020871814608924
3219,0,0,0.0,0,1,52.0,0,False,True,False,True,True,False,False,True,0,0.0,-1.020871814608924
3220,1,0,0.0,1,1,72.0,0,False,False,True,False,False,True,True,False,0,0.0,-1.020871814608924
3221,0,0,1.0,1,0,33.0,1,False,True,True,False,False,False,False,True,1,1.0,0.9795549114881584
3222,0,1,1.0,1,0,56.0,0,False,False,True,False,False,False,False,False,0,0.0,-1.020871814608924
3223,1,0,0.0,1,0,51.0,0,False,True,False,False,True,False,False,True,0,0.0,-1.020871814608924
3224,0,1,0.0,1,1,39.0,0,False,True,False,False,False,False,False,True,0,0.0,-1.020871814608924
3225,0,1,1.0,1,0,62.0,1,False,False,False,False,False,True,True,False,1,1.0,0.9795549114881584
3226,1,0,0.0,0,0,21.0,0,False,True,True,False,False,False,False,True,0,0.0,-1.020871814608924
3227,0,1,1.0,1,1,16.0,1,False,False,True,False,False,True,False,True,1,1.0,0.9795549114881584
3228,1,0,0.0,0,1,64.0,0,False,False,True,False,True,False,False,True,0,0.0,-1.020871814608924
3229,0,1,0.0,1,0,51.0,0,False,True,True,False,False,True,False,True,0,0.0,-1.020871814608924
3230,0,0,0.0,1,1,9.0,1,False,True,False,False,True,False,False,True,1,1.0,0.9795549114881584
3231,0,0,1.0,1,0,45.0,1,False,False,True,False,False,False,False,False,1,1.0,0.9795549114881584
3232,1,0,0.0,0,1,15.0,1,True,False,False,False,True,False,False,False,1,1.0,0.9795549114881584
3233,0,1,1.0,0,1,14.0,1,True,False,True,False,False,True,False,True,1,1.0,0.9795549114881584
3234,1,1,0.0,0,1,27.0,0,True,False,False,True,False,False,True,False,0,0.0,-1.020871814608924
3235,1,1,1.0,0,1,17.0,0,True,False,False,True,False,True,False,False,0,0.0,-1.020871814608924
3236,1,0,0.0,1,1,3.0,0,True,False,False,False,True,False,False,False,0,0.0,-1.020871814608924
3237,0,1,0.0,0,0,39.0,1,False,True,False,False,False,False,True,False,1,1.0,0.9795549114881584
3238,0,1,1.0,1,1,66.0,1,True,False,True,False,False,True,False,False,1,1.0,0.9795549114881584
3239,0,1,1.0,0,1,23.0,1,False,True,False,False,False,False,True,False,1,1.0,0.9795549114881584
3240,0,1,0.0,0,1,53.0,1,False,True,False,False,True,False,False,False,1,1.0,0.9795549114881584
3241,0,1,1.0,0,0,31.0,1,False,False,False,True,False,False,False,False,1,1.0,0.9795549114881584
3242,1,1,0.0,0,0,3.0,1,True,False,False,False,False,False,True,False,1,1.0,0.9795549114881584
3243,1,1,1.0,1,1,54.0,0,True,False,False,False,False,True,True,False,0,0.0,-1.020871814608924
3244,0,0,1.0,0,0,52.0,1,False,True,False,True,True,False,False,True,1,1.0,0.9795549114881584
3245,1,0,0.0,1,0,48.0,1,False,True,False,True,False,False,False,True,1,1.0,0.9795549114881584
3246,1,1,1.0,0,0,67.0,1,True,False,True,False,False,True,True,False,1,1.0,0.9795549114881584
3247,0,0,1.0,1,0,64.0,1,False,True,False,True,False,True,False,False,1,1.0,0.9795549114881584
3248,1,1,0.0,0,1,56.0,1,False,False,False,True,False,True,False,True,1,1.0,0.9795549114881584
3249,1,0,0.0,0,0,72.0,1,True,False,False,False,False,True,True,False,1,1.0,0.9795549114881584
3250,0,0,1.0,1,1,63.0,0,True,False,False,True,False,False,False,False,0,0.0,-1.020871814608924
3251,0,0,0.0,0,0,58.0,0,False,False,True,False,True,False,False,True,0,0.0,-1.020871814608924
3252,1,0,1.0,0,1,7.0,1,False,True,True,False,False,True,False,True,1,1.0,0.9795549114881584
3253,0,0,1.0,1,1,52.0,1,False,False,False,True,False,True,False,False,1,1.0,0.9795549114881584
3254,0,1,1.0,1,0,2.0,1,True,False,False,False,False,False,True,False,1,1.0,0.9795549114881584
3255,0,0,1.0,0,0,33.0,0,True,False,False,False,True,False,False,False,0,0.0,-1.020871814608924
3256,1,1,0.0,0,0,12.0,1,False,False,False,True,True,False,True,False,1,1.0,0.9795549114881584
3257,0,0,1.0,1,0,53.0,0,False,True,True,False,False,False,False,False,0,0.0,-1.020871814608924
3258,1,1,0.0,0,1,36.0,0,False,False,True,False,False,False,False,False,0,0.0,-1.020871814608924
3259,0,0,1.0,0,1,21.0,0,True,False,False,False,False,False,False,False,0,0.0,-1.020871814608924
3260,0,1,0.0,1,1,72.0,1,False,True,False,True,False,True,False,False,1,1.0,0.9795549114881584
3261,1,0,1.0,0,0,13.0,0,False,False,True,False,False,False,False,True,0,0.0,-1.020871814608924
3262,1,0,1.0,0,1,62.0,0,False,False,False,True,True,False,False,True,0,0.0,-1.020871814608924
3263,1,1,0.0,1,1,26.0,1,False,True,False,True,False,False,False,False,1,1.0,0.9795549114881584
3264,0,0,1.0,1,0,40.0,0,False,False,False,False,False,True,False,True,0,0.0,-1.020871814608924
3265,1,0,1.0,1,0,2.0,0,False,False,False,True,False,True,False,False,0,0.0,-1.020871814608924
3266,0,1,0.0,1,0,23.0,0,False,False,False,True,False,True,True,False,0,0.0,-1.020871814608924
3267,0,0,1.0,1,1,42.0,0,False,False,True,False,False,False,False,False,0,0.0,-1.020871814608924
3268,1,1,1.0,1,0,16.0,1,False,False,True,False,True,False,False,True,1,1.0,0.9795549114881584
3269,1,0,1.0,0,1,16.0,1,False,False,True,False,False,True,False,True,1,1.0,0.9795549114881584
3270,0,1,1.0,1,1,41.0,1,False,True,False,True,False,True,False,False,1,1.0,0.9795549114881584
3271,1,0,0.0,0,1,42.0,0,True,False,False,False,False,False,False,False,0,0.0,-1.020871814608924
3272,0,0,1.0,0,0,28.0,1,False,True,True,False,False,False,False,False,1,1.0,0.9795549114881584
3273,0,0,0.0,0,0,12.0,0,False,False,False,False,False,False,True,False,0,0.0,-1.020871814608924
3274,0,0,1.0,0,0,51.0,1,False,False,False,False,False,False,False,False,1,1.0,0.9795549114881584
3275,1,1,1.0,1,1,29.0,0,False,True,True,False,False,False,False,True,0,0.0,-1.020871814608924
3276,1,1,0.0,1,1,54.0,0,True,False,False,True,False,True,False,True,0,0.0,-1.020871814608924
3277,0,0,1.0,1,0,66.0,0,True,False,True,False,True,False,False,False,0,0.0,-1.020871814608924
3278,1,1,1.0,0,0,65.0,1,False,False,True,False,False,False,True,False,1,1.0,0.9795549114881584
3279,1,0,1.0,0,0,48.0,1,False,True,True,False,True,False,False,False,1,1.0,0.9795549114881584
3280,1,1,1.0,1,0,38.0,1,True,False,False,True,False,False,False,True,1,1.0,0.9795549114881584
3281,0,0,0.0,1,0,33.0,1,True,False,False,False,True,False,False,False,1,1.0,0.9795549114881584
3282,1,1,1.0,0,0,70.0,0,False,False,False,True,False,False,False,False,0,0.0,-1.020871814608924
3283,0,0,1.0,0,1,33.0,0,False,True,False,True,False,True,False,False,0,0.0,-1.020871814608924
3284,0,0,0.0,0,1,31.0,0,False,True,False,False,True,False,False,True,0,0.0,-1.020871814608924
3285,0,0,0.0,0,1,8.0,0,False,False,False,True,False,True,False,True,0,0.0,-1.020871814608924
3286,1,1,0.0,1,1,9.0,1,False,True,False,False,False,False,False,False,1,1.0,0.9795549114881584
3287,1,0,0.0,1,1,37.0,0,True,False,False,False,False,True,False,False,0,0.0,-1.020871814608924
3288,1,0,1.0,1,0,41.0,0,True,False,False,True,False,False,False,False,0,0.0,-1.020871814608924
3289,0,0,1.0,1,0,26.0,1,False,True,True,False,True,False,True,False,1,1.0,0.9795549114881584
3290,0,1,0.0,0,1,1.0,0,False,True,True,False,False,False,False,False,0,0.0,-1.020871814608924
3291,1,0,1.0,1,0,64.0,1,True,False,False,True,True,False,False,False,1,1.0,0.9795549114881584
3292,0,1,1.0,1,1,21.0,1,True,False,False,True,False,True,False,True,1,1.0,0.9795549114881584
3293,0,1,1.0,0,0,67.0,0,False,False,False,False,False,False,False,True,0,0.0,-1.020871814608924
3294,1,0,1.0,0,1,26.0,0,False,False,True,False,True,False,True,False,0,0.0,-1.020871814608924
3295,1,0,0.0,0,0,52.0,0,True,False,False,False,True,False,False,True,0,0.0,-1.020871814608924
3296,0,0,1.0,1,0,63.0,0,True,False,True,False,False,False,False,True,0,0.0,-1.020871814608924
3297,0,0,1.0,0,0,45.0,0,False,True,False,True,False,False,True,False,0,0.0,-1.020871814608924
3298,0,0,0.0,0,1,3.0,1,False,True,True,False,True,False,True,False,1,1.0,0.9795549114881584
3299,0,0,1.0,1,0,13.0,1,True,False,True,False,True,False,False,True,1,1.0,0.9795549114881584
3300,0,1,1.0,0,0,33.0,1,False,False,False,False,False,False,True,False,1,1.0,0.9795549114881584
3301,1,1,1.0,1,1,63.0,0,False,False,False,False,False,True,False,False,0,0.0,-1.020871814608924
3302,0,0,1.0,0,1,39.0,1,False,False,True,False,False,True,False,False,1,1.0,0.9795549114881584
3303,1,1,0.0,0,1,50.0,1,False,True,False,False,True,False,False,False,1,1.0,0.9795549114881584
3304,0,0,0.0,1,0,33.0,1,False,False,False,True,False,True,False,False,1,1.0,0.9795549114881584
3305,0,1,0.0,0,1,7.0,1,True,False,True,False,True,False,True,False,1,1.0,0.9795549114881584
3306,1,0,1.0,0,1,1.0,0,True,False,False,True,True,False,False,False,0,0.0,-1.020871814608924
3307,0,1,0.0,0,1,65.0,0,False,True,False,True,True,False,False,False,0,0.0,-1.020871814608924
3308,0,0,1.0,1,1,55.0,0,True,False,False,True,False,False,False,False,0,0.0,-1.020871814608924
3309,1,0,0.0,0,1,54.0,0,True,False,False,False,False,True,False,True,0,0.0,-1.020871814608924
3310,0,1,1.0,0,0,37.0,1,False,True,True,False,True,False,False,True,1,1.0,0.9795549114881584
3311,1,1,1.0,0,0,37.0,1,False,False,False,False,True,False,True,False,1,1.0,0.9795549114881584
3312,0,1,0.0,1,1,66.0,1,False,False,True,False,False,False,False,False,1,1.0,0.9795549114881584
3313,0,0,0.0,0,1,8.0,1,False,False,False,True,True,False,True,False,1,1.0,0.9795549114881584
3314,1,0,0.0,0,0,29.0,1,True,False,False,False,True,False,False,False,1,1.0,0.9795549114881584
3315,1,0,0.0,0,0,14.0,0,False,False,False,True,True,False,True,False,0,0.0,-1.020871814608924
3316,0,0,1.0,1,1,5.0,1,False,False,False,True,False,False,True,False,1,1.0,0.9795549114881584
3317,1,1,0.0,1,1,29.0,0,False,False,False,False,False,True,False,False,0,0.0,-1.020871814608924
3318,1,0,1.0,0,1,23.0,0,False,True,False,False,True,False,True,False,0,0.0,-1.020871814608924
3319,0,0,0.0,0,1,32.0,1,False,True,False,True,False,True,False,True,1,1.0,0.9795549114881584
3320,1,1,1.0,1,0,49.0,1,False,True,False,False,False,False,False,True,1,1.0,0.9795549114881584
3321,1,0,0.0,1,0,30.0,1,True,False,True,False,False,True,False,True,1,1.0,0.9795549114881584
3322,0,1,1.0,0,0,59.0,0,False,False,False,True,False,True,True,False,0,0.0,-1.020871814608924
3323,1,1,0.0,1,0,63.0,0,True,False,False,True,False,True,False,False,0,0.0,-1.020871814608924
3324,1,0,0.0,0,0,68.0,0,True,False,False,True,False,False,False,True,0,0.0,-1.020871814608924
3325,0,1,0.0,1,1,16.0,1,False,True,False,False,True,False,True,False,1,1.0,0.9795549114881584
3326,0,1,0.0,0,1,46.0,1,False,True,True,False,True,False,True,False,1,1.0,0.9795549114881584
3327,1,1,0.0,1,1,41.0,0,True,False,True,False,False,False,True,False,0,0.0,-1.020871814608924
3328,1,0,0.0,0,0,52.0,1,False,True,False,True,False,False,False,True,1,1.0,0.9795549114881584
3329,1,0,1.0,0,1,37.0,0,True,False,True,False,False,True,False,False,0,0.0,-1.020871814608924
3330,0,0,1.0,0,0,22.0,0,False,False,True,False,True,False,True,False,0,0.0,-1.020871814608924
3331,1,1,0.0,1,1,22.0,0,True,False,False,False,False,True,False,False,0,0.0,-1.020871814608924
3332,0,0,1.0,1,1,56.0,1,False,True,False,True,False,False,False,False,1,1.0,0.9795549114881584
3333,1,1,0.0,0,0,59.0,0,True,False,False,True,True,False,False,False,0,0.0,-1.020871814608924
3334,0,1,1.0,1,1,34.0,0,False,False,True,False,True,False,False,True,0,0.0,-1.020871814608924
3335,0,0,1.0,0,0,67.0,1,True,False,True,False,False,False,False,True,1,1.0,0.9795549114881584
3336,1,0,1.0,1,0,6.0,0,True,False,False,False,True,False,False,False,0,0.0,-1.020871814608924
3337,0,0,0.0,0,0,61.0,0,False,False,False,False,False,True,False,False,0,0.0,-1.020871814608924
3338,1,0,1.0,1,0,56.0,0,False,False,False,True,False,False,False,True,0,0.0,-1.020871814608924
3339,1,1,0.0,1,1,13.0,0,False,True,False,True,True,False,True,False,0,0.0,-1.020871814608924
3340,0,1,0.0,1,1,26.0,0,True,False,False,False,True,False,False,False,0,0.0,-1.020871814608924
3341,1,0,0.0,1,1,64.0,1,False,True,False,False,False,True,False,False,1,1.0,0.9795549114881584
3342,0,0,0.0,1,0,11.0,0,False,False,False,False,True,False,True,False,0,0.0,-1.020871814608924
3343,0,1,0.0,1,0,47.0,1,False,True,False,True,True,False,True,False,1,1.0,0.9795549114881584
3344,1,0,1.0,0,0,10.0,0,True,False,False,False,False,False,False,True,0,0.0,-1.020871814608924
3345,1,0,1.0,1,1,50.0,1,False,False,False,False,False,False,True,False,1,1.0,0.9795549114881584
3346,1,1,0.0,1,1,28.0,1,True,False,True,False,False,False,False,False,1,1.0,0.9795549114881584
3347,0,1,1.0,1,0,1.0,0,False,True,False,False,True,False,False,True,0,0.0,-1.020871814608924
3348,1,0,1.0,1,1,55.0,1,False,False,True,False,False,False,False,False,1,1.0,0.9795549114881584
3349,1,1,0.0,0,1,36.0,0,True,False,True,False,True,False,True,False,0,0.0,-1.020871814608924
3350,0,1,0.0,1,1,47.0,1,True,False,True,False,False,True,False,False,1,1.0,0.9795549114881584
3351,1,0,0.0,0,1,26.0,1,False,False,False,True,True,False,False,True,1,1.0,0.9795549114881584
3352,1,0,1.0,0,1,54.0,0,False,False,False,True,False,True,False,False,0,0.0,-1.020871814608924
3353,0,1,1.0,0,0,13.0,0,False,False,True,False,False,False,False,False,0,0.0,-1.020871814608924
3354,1,0,1.0,1,1,20.0,1,True,False,False,False,False,True,False,False,1,1.0,0.9795549114881584
3355,0,0,0.0,1,0,15.0,1,True,False,False,False,False,False,False,True,1,1.0,0.9795549114881584
3356,1,0,0.0,1,1,47.0,0,True,False,False,False,False,False,False,True,0,0.0,-1.020871814608924
3357,0,1,0.0,0,1,60.0,1,False,True,True,False,True,False,False,True,1,1.0,0.9795549114881584
3358,0,1,0.0,0,0,49.0,0,True,False,True,False,True,False,True,False,0,0.0,-1.020871814608924
3359,0,1,1.0,1,0,66.0,0,False,False,True,False,False,True,True,False,0,0.0,-1.020871814608924
3360,0,0,0.0,0,0,15.0,1,False,True,False,True,True,False,True,False,1,1.0,0.9795549114881584
3361,0,0,1.0,0,0,60.0,1,True,False,True,False,False,False,True,False,1,1.0,0.9795549114881584
3362,1,1,1.0,1,1,43.0,0,True,False,False,False,False,True,False,False,0,0.0,-1.020871814608924
3363,0,0,1.0,0,1,40.0,0,True,False,False,True,False,True,False,True,0,0.0,-1.020871814608924
3364,0,0,0.0,1,1,30.0,0,False,False,True,False,False,False,True,False,0,0.0,-1.020871814608924
3365,0,0,0.0,0,0,63.0,0,True,False,False,False,False,False,True,False,0,0.0,-1.020871814608924
3366,1,0,0.0,0,0,14.0,1,True,False,True,False,False,True,False,False,1,1.0,0.9795549114881584
3367,1,0,0.0,0,1,20.0,1,False,False,True,False,False,False,False,False,1,1.0,0.9795549114881584
3368,1,0,0.0,1,0,68.0,0,True,False,False,False,False,False,True,False,0,0.0,-1.020871814608924
3369,1,1,1.0,0,1,47.0,0,False,True,True,False,True,False,False,False,0,0.0,-1.020871814608924
3370,0,0,1.0,0,0,58.0,0,False,True,False,False,False,True,False,True,0,0.0,-1.020871814608924
3371,1,0,1.0,0,1,22.0,0,False,False,False,False,True,False,False,False,0,0.0,-1.020871814608924
3372,0,0,0.0,1,1,34.0,1,True,False,True,False,False,True,False,False,1,1.0,0.9795549114881584
3373,1,0,1.0,1,1,63.0,0,False,False,True,False,True,False,True,False,0,0.0,-1.020871814608924
3374,1,1,0.0,1,1,19.0,1,True,False,True,False,False,False,False,True,1,1.0,0.9795549114881584
3375,0,1,1.0,1,1,27.0,1,False,True,False,True,False,False,False,False,1,1.0,0.9795549114881584
3376,1,1,0.0,0,1,58.0,0,True,False,False,False,True,False,True,False,0,0.0,-1.020871814608924
3377,1,0,1.0,0,1,54.0,0,True,False,False,False,True,False,False,True,0,0.0,-1.020871814608924
3378,0,1,0.0,1,0,27.0,0,False,True,True,False,False,False,False,True,0,0.0,-1.020871814608924
3379,0,1,0.0,0,1,25.0,0,True,False,False,True,True,False,False,False,0,0.0,-1.020871814608924
3380,0,1,1.0,1,0,36.0,0,True,False,False,False,True,False,False,False,0,0.0,-1.020871814608924
3381,1,1,1.0,1,0,21.0,1,False,False,True,False,True,False,False,True,1,1.0,0.9795549114881584
3382,0,0,1.0,0,1,50.0,0,False,True,False,True,False,False,False,True,0,0.0,-1.020871814608924
3383,1,0,1.0,0,1,44.0,1,False,False,True,False,False,True,False,True,1,1.0,0.9795549114881584
3384,1,0,0.0,1,1,71.0,1,False,False,False,False,True,False,False,False,1,1.0,0.9795549114881584
3385,1,1,0.0,0,1,15.0,1,False,False,True,False,False,False,True,False,1,1.0,0.9795549114881584
3386,1,0,1.0,1,1,66.0,0,False,True,False,False,False,True,False,False,0,0.0,-1.020871814608924
3387,0,1,1.0,1,1,59.0,1,False,True,True,False,True,False,False,True,1,1.0,0.9795549114881584
3388,0,1,0.0,1,1,43.0,0,False,True,True,False,False,True,True,False,0,0.0,-1.020871814608924
3389,0,1,0.0,1,0,59.0,0,True,False,True,False,True,False,False,False,0,0.0,-1.020871814608924
3390,1,0,0.0,1,0,26.0,0,False,True,False,True,False,True,False,False,0,0.0,-1.020871814608924
3391,1,0,0.0,1,0,2.0,1,False,False,False,False,False,False,True,False,1,1.0,0.9795549114881584
3392,0,1,1.0,1,0,55.0,0,False,True,False,False,False,True,False,False,0,0.0,-1.020871814608924
3393,1,1,1.0,0,1,36.0,0,False,False,False,False,False,True,False,True,0,0.0,-1.020871814608924
3394,0,0,0.0,0,0,26.0,1,False,True,False,True,True,False,False,False,1,1.0,0.9795549114881584
3395,1,1,1.0,0,0,34.0,1,False,False,True,False,False,False,True,False,1,1.0,0.9795549114881584
3396,1,0,1.0,0,0,62.0,1,False,True,False,True,False,True,False,True,1,1.0,0.9795549114881584
3397,0,1,0.0,1,0,42.0,0,False,False,False,True,True,False,True,False,0,0.0,-1.020871814608924
3398,0,0,1.0,1,1,35.0,1,False,True,False,True,True,False,False,False,1,1.0,0.9795549114881584
3399,0,0,0.0,1,1,59.0,1,False,True,False,True,True,False,False,False,1,1.0,0.9795549114881584
3400,0,1,1.0,0,0,22.0,0,False,True,False,False,False,True,False,False,0,0.0,-1.020871814608924
3401,1,1,1.0,0,1,60.0,1,True,False,False,False,False,False,True,False,1,1.0,0.9795549114881584
3402,0,0,0.0,1,0,6.0,1,True,False,True,False,True,False,False,False,1,1.0,0.9795549114881584
3403,0,1,1.0,1,1,19.0,1,True,False,False,True,False,False,False,False,1,1.0,0.9795549114881584
3404,1,1,0.0,0,0,3.0,1,False,True,False,True,False,False,True,False,1,1.0,0.9795549114881584
3405,1,1,1.0,0,1,31.0,0,False,True,False,False,True,False,False,True,0,0.0,-1.020871814608924
3406,1,0,1.0,1,0,47.0,1,False,False,True,False,True,False,False,False,1,1.0,0.9795549114881584
3407,1,1,0.0,0,1,8.0,0,False,True,False,False,False,True,False,True,0,0.0,-1.020871814608924
3408,0,0,1.0,1,1,45.0,1,False,True,False,False,False,False,True,False,1,1.0,0.9795549114881584
3409,0,0,1.0,0,1,70.0,0,False,False,True,False,False,False,True,False,0,0.0,-1.020871814608924
3410,0,0,0.0,1,1,21.0,1,False,True,False,False,False,False,False,True,1,1.0,0.9795549114881584
3411,1,1,0.0,0,0,44.0,1,False,False,False,False,False,False,False,True,1,1.0,0.9795549114881584
3412,0,1,0.0,1,0,71.0,0,True,False,False,False,False,False,True,False,0,0.0,-1.020871814608924
3413,1,0,0.0,0,0,46.0,0,True,False,False,True,False,True,False,False,0,0.0,-1.020871814608924
3414,0,1,1.0,0,1,65.0,1,True,False,True,False,False,False,False,False,1,1.0,0.9795549114881584
3415,0,0,0.0,0,0,65.0,1,False,True,True,False,False,True,False,False,1,1.0,0.9795549114881584
3416,1,1,1.0,1,1,22.0,1,True,False,True,False,False,True,False,True,1,1.0,0.9795549114881584
3417,0,1,1.0,0,0,17.0,1,False,True,False,True,True,False,False,True,1,1.0,0.9795549114881584
3418,0,1,1.0,0,0,29.0,1,False,False,False,True,True,False,True,False,1,1.0,0.9795549114881584
3419,0,1,1.0,0,1,67.0,1,False,False,False,True,False,True,False,False,1,1.0,0.9795549114881584
3420,1,0,0.0,0,1,22.0,1,True,False,False,True,True,False,False,True,1,1.0,0.9795549114881584
3421,1,1,0.0,0,0,4.0,0,False,False,False,False,False,False,True,False,0,0.0,-1.020871814608924
3422,0,1,0.0,0,1,38.0,1,True,False,False,False,False,True,True,False,1,1.0,0.9795549114881584
3423,1,0,1.0,0,0,13.0,0,False,True,False,True,True,False,False,True,0,0.0,-1.020871814608924
3424,1,0,0.0,0,1,61.0,0,True,False,True,False,False,False,False,False,0,0.0,-1.020871814608924
3425,1,1,0.0,1,1,64.0,0,True,False,True,False,True,False,False,True,0,0.0,-1.020871814608924
3426,0,0,1.0,1,1,29.0,1,False,False,False,False,False,True,False,True,1,1.0,0.9795549114881584
3427,0,1,0.0,0,1,11.0,0,True,False,True,False,True,False,True,False,0,0.0,-1.020871814608924
3428,1,1,1.0,0,0,18.0,0,True,False,False,True,False,False,False,True,0,0.0,-1.020871814608924
3429,0,0,1.0,0,1,12.0,1,False,True,True,False,True,False,False,False,1,1.0,0.9795549114881584
3430,1,0,1.0,0,1,7.0,1,False,False,True,False,False,False,False,False,1,1.0,0.9795549114881584
3431,0,1,1.0,0,0,21.0,1,True,False,True,False,False,True,False,True,1,1.0,0.9795549114881584
3432,1,1,1.0,0,1,32.0,0,False,False,False,True,False,False,False,False,0,0.0,-1.020871814608924
3433,1,0,1.0,1,1,3.0,0,False,False,True,False,False,True,True,False,0,0.0,-1.020871814608924
3434,0,0,0.0,1,1,8.0,0,False,False,True,False,False,True,False,True,0,0.0,-1.020871814608924
3435,0,0,1.0,0,0,14.0,0,False,False,False,False,False,True,False,False,0,0.0,-1.020871814608924
3436,1,0,0.0,1,1,25.0,0,False,False,False,True,False,False,False,True,0,0.0,-1.020871814608924
3437,1,0,0.0,1,0,1.0,0,True,False,False,True,False,False,False,True,0,0.0,-1.020871814608924
3438,0,1,0.0,0,1,44.0,0,False,True,False,False,True,False,True,False,0,0.0,-1.020871814608924
3439,0,1,0.0,1,0,5.0,0,True,False,True,False,False,False,True,False,0,0.0,-1.020871814608924
3440,1,1,1.0,1,1,68.0,0,False,False,False,False,True,False,False,False,0,0.0,-1.020871814608924
3441,0,1,0.0,0,1,15.0,0,True,False,False,True,True,False,True,False,0,0.0,-1.020871814608924
3442,1,0,1.0,0,1,66.0,1,True,False,False,True,True,False,True,False,1,1.0,0.9795549114881584
3443,0,0,0.0,0,0,69.0,0,False,True,False,False,True,False,False,False,0,0.0,-1.020871814608924
3444,1,0,1.0,1,1,39.0,1,False,True,False,False,False,False,False,True,1,1.0,0.9795549114881584
3445,0,0,1.0,0,1,15.0,1,True,False,False,False,False,False,False,False,1,1.0,0.9795549114881584
3446,0,1,1.0,0,1,20.0,0,False,False,True,False,True,False,False,False,0,0.0,-1.020871814608924
3447,0,0,0.0,0,0,4.0,1,False,False,False,False,False,False,True,False,1,1.0,0.9795549114881584
3448,1,0,0.0,0,1,41.0,1,False,True,False,True,True,False,True,False,1,1.0,0.9795549114881584
3449,1,1,1.0,0,0,53.0,1,False,True,False,False,True,False,False,False,1,1.0,0.9795549114881584
3450,1,0,1.0,1,0,7.0,1,True,False,False,True,False,False,False,True,1,1.0,0.9795549114881584
3451,0,1,0.0,0,0,43.0,1,True,False,False,False,False,True,True,False,1,1.0,0.9795549114881584
3452,1,0,1.0,0,0,4.0,1,False,True,False,True,False,True,False,True,1,1.0,0.9795549114881584
3453,1,1,1.0,1,1,71.0,0,False,False,False,True,False,True,False,True,0,0.0,-1.020871814608924
3454,0,1,0.0,1,0,59.0,1,False,False,False,False,True,False,False,True,1,1.0,0.9795549114881584
3455,0,1,1.0,1,0,18.0,0,False,True,False,False,False,True,False,False,0,0.0,-1.020871814608924
3456,1,0,0.0,0,0,30.0,0,False,False,False,False,True,False,False,True,0,0.0,-1.020871814608924
3457,1,0,1.0,1,1,23.0,0,True,False,True,False,False,True,False,True,0,0.0,-1.020871814608924
3458,1,1,0.0,1,0,37.0,1,True,False,True,False,False,False,True,False,1,1.0,0.9795549114881584
3459,0,1,1.0,0,1,12.0,1,True,False,True,False,False,True,False,True,1,1.0,0.9795549114881584
3460,1,0,0.0,1,1,44.0,0,False,True,False,True,True,False,False,False,0,0.0,-1.020871814608924
3461,1,0,1.0,1,1,24.0,0,False,True,True,False,False,True,False,True,0,0.0,-1.020871814608924
3462,0,0,0.0,0,1,40.0,0,True,False,True,False,True,False,False,True,0,0.0,-1.020871814608924
3463,0,1,0.0,0,1,64.0,0,False,True,False,False,True,False,False,True,0,0.0,-1.020871814608924
3464,0,0,0.0,0,1,9.0,1,False,True,True,False,False,True,False,True,1,1.0,0.9795549114881584
3465,0,0,0.0,0,0,40.0,1,False,True,True,False,True,False,False,False,1,1.0,0.9795549114881584
3466,1,1,1.0,1,0,46.0,1,False,True,False,False,False,False,False,True,1,1.0,0.9795549114881584
3467,0,1,0.0,1,1,54.0,1,True,False,False,True,True,False,False,True,1,1.0,0.9795549114881584
3468,1,0,1.0,0,0,47.0,0,False,True,True,False,False,True,False,True,0,0.0,-1.020871814608924
3469,0,0,0.0,1,1,40.0,1,True,False,False,False,True,False,False,False,1,1.0,0.9795549114881584
3470,1,1,0.0,0,0,45.0,1,False,True,False,True,False,False,True,False,1,1.0,0.9795549114881584
3471,0,0,0.0,0,1,8.0,1,True,False,False,True,False,True,False,False,1,1.0,0.9795549114881584
3472,0,0,0.0,0,1,31.0,1,True,False,True,False,True,False,True,False,1,1.0,0.9795549114881584
3473,0,0,0.0,1,1,54.0,1,False,False,True,False,False,False,False,True,1,1.0,0.9795549114881584
3474,1,0,1.0,1,1,1.0,0,False,True,False,True,False,True,False,False,0,0.0,-1.020871814608924
3475,1,1,0.0,0,0,38.0,1,False,False,False,False,False,False,False,True,1,1.0,0.9795549114881584
3476,0,1,1.0,0,1,60.0,0,False,False,False,True,False,True,False,True,0,0.0,-1.020871814608924
3477,0,0,0.0,0,0,69.0,1,False,True,True,False,False,True,False,False,1,1.0,0.9795549114881584
3478,0,1,1.0,0,0,22.0,0,False,True,False,True,False,False,False,True,0,0.0,-1.020871814608924
3479,0,0,0.0,1,0,33.0,1,False,True,False,True,False,True,True,False,1,1.0,0.9795549114881584
3480,0,0,1.0,1,0,12.0,1,True,False,False,False,False,True,True,False,1,1.0,0.9795549114881584
3481,1,0,0.0,1,0,25.0,1,False,False,False,True,False,False,False,True,1,1.0,0.9795549114881584
3482,0,0,0.0,1,1,54.0,0,False,True,False,False,False,True,True,False,0,0.0,-1.020871814608924
3483,1,1,0.0,0,1,26.0,0,False,True,True,False,False,False,False,False,0,0.0,-1.020871814608924
3484,0,0,1.0,1,1,22.0,0,False,False,False,True,False,True,True,False,0,0.0,-1.020871814608924
3485,0,0,0.0,1,0,40.0,1,False,True,True,False,True,False,False,True,1,1.0,0.9795549114881584
3486,0,1,0.0,1,0,17.0,0,True,False,True,False,False,True,False,True,0,0.0,-1.020871814608924
